2025-09-20 23:31:50,364 [Worker-5: Loading available Gradle versions] INFO  o.e.b.c.i.u.g.PublishedGradleVersions - Gradle version information cache is not available. Remote download required.
2025-09-20 23:33:14,556 [Worker-9: Import Getting Started Content] INFO  o.e.m.c.i.e.AbstractTransferListenerAdapter - Downloading https://repo.maven.apache.org/maven2/org/springframework/boot/spring-boot-starter-parent/3.5.6/spring-boot-starter-parent-3.5.6.pom
2025-09-20 23:33:14,566 [Worker-9: Import Getting Started Content] INFO  o.e.m.c.i.e.AbstractTransferListenerAdapter - Downloaded https://repo.maven.apache.org/maven2/org/springframework/boot/spring-boot-starter-parent/3.5.6/spring-boot-starter-parent-3.5.6.pom
2025-09-20 23:33:14,698 [Worker-9: Import Getting Started Content] INFO  o.e.m.c.i.e.AbstractTransferListenerAdapter - Downloading https://repo.maven.apache.org/maven2/org/springframework/boot/spring-boot-dependencies/3.5.6/spring-boot-dependencies-3.5.6.pom
2025-09-20 23:33:15,375 [Worker-9: Import Getting Started Content] INFO  o.e.m.c.i.e.AbstractTransferListenerAdapter - Downloaded https://repo.maven.apache.org/maven2/org/springframework/boot/spring-boot-dependencies/3.5.6/spring-boot-dependencies-3.5.6.pom
2025-09-20 23:33:15,678 [Worker-9: Import Getting Started Content] INFO  o.e.m.c.i.e.AbstractTransferListenerAdapter - Downloading https://repo.maven.apache.org/maven2/org/assertj/assertj-bom/3.27.4/assertj-bom-3.27.4.pom
2025-09-20 23:33:15,681 [Worker-9: Import Getting Started Content] INFO  o.e.m.c.i.e.AbstractTransferListenerAdapter - Downloaded https://repo.maven.apache.org/maven2/org/assertj/assertj-bom/3.27.4/assertj-bom-3.27.4.pom
2025-09-20 23:33:15,766 [Worker-9: Import Getting Started Content] INFO  o.e.m.c.i.e.AbstractTransferListenerAdapter - Downloading https://repo.maven.apache.org/maven2/org/infinispan/infinispan-bom/15.2.6.Final/infinispan-bom-15.2.6.Final.pom
2025-09-20 23:33:15,872 [Worker-9: Import Getting Started Content] INFO  o.e.m.c.i.e.AbstractTransferListenerAdapter - Downloaded https://repo.maven.apache.org/maven2/org/infinispan/infinispan-bom/15.2.6.Final/infinispan-bom-15.2.6.Final.pom
2025-09-20 23:33:15,985 [Worker-9: Import Getting Started Content] INFO  o.e.m.c.i.e.AbstractTransferListenerAdapter - Downloading https://repo.maven.apache.org/maven2/org/infinispan/infinispan-build-configuration-parent/15.2.6.Final/infinispan-build-configuration-parent-15.2.6.Final.pom
2025-09-20 23:33:15,993 [Worker-9: Import Getting Started Content] INFO  o.e.m.c.i.e.AbstractTransferListenerAdapter - Downloaded https://repo.maven.apache.org/maven2/org/infinispan/infinispan-build-configuration-parent/15.2.6.Final/infinispan-build-configuration-parent-15.2.6.Final.pom
2025-09-20 23:33:16,085 [Worker-9: Import Getting Started Content] INFO  o.e.m.c.i.e.AbstractTransferListenerAdapter - Downloading https://repo.maven.apache.org/maven2/org/glassfish/jersey/jersey-bom/3.1.11/jersey-bom-3.1.11.pom
2025-09-20 23:33:16,144 [Worker-9: Import Getting Started Content] INFO  o.e.m.c.i.e.AbstractTransferListenerAdapter - Downloaded https://repo.maven.apache.org/maven2/org/glassfish/jersey/jersey-bom/3.1.11/jersey-bom-3.1.11.pom
2025-09-20 23:33:16,240 [Worker-9: Import Getting Started Content] INFO  o.e.m.c.i.e.AbstractTransferListenerAdapter - Downloading https://repo.maven.apache.org/maven2/org/eclipse/jetty/ee10/jetty-ee10-bom/12.0.27/jetty-ee10-bom-12.0.27.pom
2025-09-20 23:33:16,298 [Worker-9: Import Getting Started Content] INFO  o.e.m.c.i.e.AbstractTransferListenerAdapter - Downloaded https://repo.maven.apache.org/maven2/org/eclipse/jetty/ee10/jetty-ee10-bom/12.0.27/jetty-ee10-bom-12.0.27.pom
2025-09-20 23:33:16,394 [Worker-9: Import Getting Started Content] INFO  o.e.m.c.i.e.AbstractTransferListenerAdapter - Downloading https://repo.maven.apache.org/maven2/org/eclipse/jetty/jetty-bom/12.0.27/jetty-bom-12.0.27.pom
2025-09-20 23:33:16,432 [Worker-9: Import Getting Started Content] INFO  o.e.m.c.i.e.AbstractTransferListenerAdapter - Downloaded https://repo.maven.apache.org/maven2/org/eclipse/jetty/jetty-bom/12.0.27/jetty-bom-12.0.27.pom
2025-09-20 23:33:16,604 [Worker-9: Import Getting Started Content] INFO  o.e.m.c.i.e.AbstractTransferListenerAdapter - Downloading https://repo.maven.apache.org/maven2/io/micrometer/micrometer-bom/1.15.4/micrometer-bom-1.15.4.pom
2025-09-20 23:33:16,637 [Worker-9: Import Getting Started Content] INFO  o.e.m.c.i.e.AbstractTransferListenerAdapter - Downloaded https://repo.maven.apache.org/maven2/io/micrometer/micrometer-bom/1.15.4/micrometer-bom-1.15.4.pom
2025-09-20 23:33:16,757 [Worker-9: Import Getting Started Content] INFO  o.e.m.c.i.e.AbstractTransferListenerAdapter - Downloading https://repo.maven.apache.org/maven2/io/micrometer/micrometer-tracing-bom/1.5.4/micrometer-tracing-bom-1.5.4.pom
2025-09-20 23:33:16,830 [Worker-9: Import Getting Started Content] INFO  o.e.m.c.i.e.AbstractTransferListenerAdapter - Downloaded https://repo.maven.apache.org/maven2/io/micrometer/micrometer-tracing-bom/1.5.4/micrometer-tracing-bom-1.5.4.pom
2025-09-20 23:33:16,934 [Worker-9: Import Getting Started Content] INFO  o.e.m.c.i.e.AbstractTransferListenerAdapter - Downloading https://repo.maven.apache.org/maven2/io/netty/netty-bom/4.1.127.Final/netty-bom-4.1.127.Final.pom
2025-09-20 23:33:16,992 [Worker-9: Import Getting Started Content] INFO  o.e.m.c.i.e.AbstractTransferListenerAdapter - Downloaded https://repo.maven.apache.org/maven2/io/netty/netty-bom/4.1.127.Final/netty-bom-4.1.127.Final.pom
2025-09-20 23:33:17,088 [Worker-9: Import Getting Started Content] INFO  o.e.m.c.i.e.AbstractTransferListenerAdapter - Downloading https://repo.maven.apache.org/maven2/org/apache/pulsar/pulsar-bom/4.0.6/pulsar-bom-4.0.6.pom
2025-09-20 23:33:17,164 [Worker-9: Import Getting Started Content] INFO  o.e.m.c.i.e.AbstractTransferListenerAdapter - Downloaded https://repo.maven.apache.org/maven2/org/apache/pulsar/pulsar-bom/4.0.6/pulsar-bom-4.0.6.pom
2025-09-20 23:33:17,313 [Worker-9: Import Getting Started Content] INFO  o.e.m.c.i.e.AbstractTransferListenerAdapter - Downloading https://repo.maven.apache.org/maven2/io/projectreactor/reactor-bom/2024.0.10/reactor-bom-2024.0.10.pom
2025-09-20 23:33:17,314 [Worker-9: Import Getting Started Content] INFO  o.e.m.c.i.e.AbstractTransferListenerAdapter - Downloaded https://repo.maven.apache.org/maven2/io/projectreactor/reactor-bom/2024.0.10/reactor-bom-2024.0.10.pom
2025-09-20 23:33:17,447 [Worker-9: Import Getting Started Content] INFO  o.e.m.c.i.e.AbstractTransferListenerAdapter - Downloading https://repo.maven.apache.org/maven2/io/rest-assured/rest-assured-bom/5.5.6/rest-assured-bom-5.5.6.pom
2025-09-20 23:33:17,494 [Worker-9: Import Getting Started Content] INFO  o.e.m.c.i.e.AbstractTransferListenerAdapter - Downloaded https://repo.maven.apache.org/maven2/io/rest-assured/rest-assured-bom/5.5.6/rest-assured-bom-5.5.6.pom
2025-09-20 23:33:17,611 [Worker-9: Import Getting Started Content] INFO  o.e.m.c.i.e.AbstractTransferListenerAdapter - Downloading https://repo.maven.apache.org/maven2/org/springframework/amqp/spring-amqp-bom/3.2.7/spring-amqp-bom-3.2.7.pom
2025-09-20 23:33:17,663 [Worker-9: Import Getting Started Content] INFO  o.e.m.c.i.e.AbstractTransferListenerAdapter - Downloaded https://repo.maven.apache.org/maven2/org/springframework/amqp/spring-amqp-bom/3.2.7/spring-amqp-bom-3.2.7.pom
2025-09-20 23:33:17,751 [Worker-9: Import Getting Started Content] INFO  o.e.m.c.i.e.AbstractTransferListenerAdapter - Downloading https://repo.maven.apache.org/maven2/org/springframework/batch/spring-batch-bom/5.2.3/spring-batch-bom-5.2.3.pom
2025-09-20 23:33:17,772 [Worker-9: Import Getting Started Content] INFO  o.e.m.c.i.e.AbstractTransferListenerAdapter - Downloaded https://repo.maven.apache.org/maven2/org/springframework/batch/spring-batch-bom/5.2.3/spring-batch-bom-5.2.3.pom
2025-09-20 23:33:17,882 [Worker-9: Import Getting Started Content] INFO  o.e.m.c.i.e.AbstractTransferListenerAdapter - Downloading https://repo.maven.apache.org/maven2/org/springframework/data/spring-data-bom/2025.0.4/spring-data-bom-2025.0.4.pom
2025-09-20 23:33:17,911 [Worker-9: Import Getting Started Content] INFO  o.e.m.c.i.e.AbstractTransferListenerAdapter - Downloaded https://repo.maven.apache.org/maven2/org/springframework/data/spring-data-bom/2025.0.4/spring-data-bom-2025.0.4.pom
2025-09-20 23:33:18,039 [Worker-9: Import Getting Started Content] INFO  o.e.m.c.i.e.AbstractTransferListenerAdapter - Downloading https://repo.maven.apache.org/maven2/org/springframework/spring-framework-bom/6.2.11/spring-framework-bom-6.2.11.pom
2025-09-20 23:33:18,055 [Worker-9: Import Getting Started Content] INFO  o.e.m.c.i.e.AbstractTransferListenerAdapter - Downloaded https://repo.maven.apache.org/maven2/org/springframework/spring-framework-bom/6.2.11/spring-framework-bom-6.2.11.pom
2025-09-20 23:33:18,148 [Worker-9: Import Getting Started Content] INFO  o.e.m.c.i.e.AbstractTransferListenerAdapter - Downloading https://repo.maven.apache.org/maven2/org/springframework/integration/spring-integration-bom/6.5.2/spring-integration-bom-6.5.2.pom
2025-09-20 23:33:18,193 [Worker-9: Import Getting Started Content] INFO  o.e.m.c.i.e.AbstractTransferListenerAdapter - Downloaded https://repo.maven.apache.org/maven2/org/springframework/integration/spring-integration-bom/6.5.2/spring-integration-bom-6.5.2.pom
2025-09-20 23:33:18,270 [Worker-9: Import Getting Started Content] INFO  o.e.m.c.i.e.AbstractTransferListenerAdapter - Downloading https://repo.maven.apache.org/maven2/org/springframework/pulsar/spring-pulsar-bom/1.2.10/spring-pulsar-bom-1.2.10.pom
2025-09-20 23:33:18,310 [Worker-9: Import Getting Started Content] INFO  o.e.m.c.i.e.AbstractTransferListenerAdapter - Downloaded https://repo.maven.apache.org/maven2/org/springframework/pulsar/spring-pulsar-bom/1.2.10/spring-pulsar-bom-1.2.10.pom
2025-09-20 23:33:18,406 [Worker-9: Import Getting Started Content] INFO  o.e.m.c.i.e.AbstractTransferListenerAdapter - Downloading https://repo.maven.apache.org/maven2/org/springframework/restdocs/spring-restdocs-bom/3.0.5/spring-restdocs-bom-3.0.5.pom
2025-09-20 23:33:18,414 [Worker-9: Import Getting Started Content] INFO  o.e.m.c.i.e.AbstractTransferListenerAdapter - Downloaded https://repo.maven.apache.org/maven2/org/springframework/restdocs/spring-restdocs-bom/3.0.5/spring-restdocs-bom-3.0.5.pom
2025-09-20 23:33:18,523 [Worker-9: Import Getting Started Content] INFO  o.e.m.c.i.e.AbstractTransferListenerAdapter - Downloading https://repo.maven.apache.org/maven2/org/springframework/security/spring-security-bom/6.5.5/spring-security-bom-6.5.5.pom
2025-09-20 23:33:18,558 [Worker-9: Import Getting Started Content] INFO  o.e.m.c.i.e.AbstractTransferListenerAdapter - Downloaded https://repo.maven.apache.org/maven2/org/springframework/security/spring-security-bom/6.5.5/spring-security-bom-6.5.5.pom
2025-09-20 23:33:18,715 [Worker-9: Import Getting Started Content] INFO  o.e.m.c.i.e.AbstractTransferListenerAdapter - Downloading https://repo.maven.apache.org/maven2/org/springframework/session/spring-session-bom/3.5.2/spring-session-bom-3.5.2.pom
2025-09-20 23:33:18,716 [Worker-9: Import Getting Started Content] INFO  o.e.m.c.i.e.AbstractTransferListenerAdapter - Downloaded https://repo.maven.apache.org/maven2/org/springframework/session/spring-session-bom/3.5.2/spring-session-bom-3.5.2.pom
2025-09-20 23:33:19,034 [Worker-9: Import Getting Started Content] INFO  o.e.m.c.i.e.AbstractTransferListenerAdapter - Downloading https://repo.maven.apache.org/maven2/org/springframework/boot/spring-boot-maven-plugin/3.5.6/spring-boot-maven-plugin-3.5.6.pom
2025-09-20 23:33:19,036 [Worker-9: Import Getting Started Content] INFO  o.e.m.c.i.e.AbstractTransferListenerAdapter - Downloaded https://repo.maven.apache.org/maven2/org/springframework/boot/spring-boot-maven-plugin/3.5.6/spring-boot-maven-plugin-3.5.6.pom
2025-09-20 23:33:19,113 [Worker-9: Import Getting Started Content] INFO  o.e.m.c.i.e.AbstractTransferListenerAdapter - Downloading https://repo.maven.apache.org/maven2/org/springframework/boot/spring-boot-maven-plugin/3.5.6/spring-boot-maven-plugin-3.5.6.jar
2025-09-20 23:33:19,464 [Worker-9: Import Getting Started Content] INFO  o.e.m.c.i.e.AbstractTransferListenerAdapter - Downloaded https://repo.maven.apache.org/maven2/org/springframework/boot/spring-boot-maven-plugin/3.5.6/spring-boot-maven-plugin-3.5.6.jar
2025-09-20 23:33:19,789 [Worker-9: Import Getting Started Content] INFO  o.e.m.c.i.e.AbstractTransferListenerAdapter - Downloading https://repo.maven.apache.org/maven2/org/apache/maven/plugins/maven-surefire-plugin/3.5.4/maven-surefire-plugin-3.5.4.jar
2025-09-20 23:33:19,867 [Worker-9: Import Getting Started Content] INFO  o.e.m.c.i.e.AbstractTransferListenerAdapter - Downloaded https://repo.maven.apache.org/maven2/org/apache/maven/plugins/maven-surefire-plugin/3.5.4/maven-surefire-plugin-3.5.4.jar
2025-09-20 23:33:20,370 [Worker-9: Import Getting Started Content] INFO  o.e.m.c.i.l.LifecycleMappingFactory - Using org.eclipse.m2e.jdt.JarLifecycleMapping lifecycle mapping for MavenProject: com.subham:app1:0.0.1-SNAPSHOT @ /home/subham/Desktop/Project/spring-docker-demoapp/app1/pom.xml.
2025-09-20 23:33:20,915 [Worker-9: Import Getting Started Content] INFO  o.e.m.c.i.e.AbstractTransferListenerAdapter - Downloading https://repo.maven.apache.org/maven2/org/springframework/boot/spring-boot-starter-web/3.5.6/spring-boot-starter-web-3.5.6.pom
2025-09-20 23:33:20,949 [Worker-9: Import Getting Started Content] INFO  o.e.m.c.i.e.AbstractTransferListenerAdapter - Downloaded https://repo.maven.apache.org/maven2/org/springframework/boot/spring-boot-starter-web/3.5.6/spring-boot-starter-web-3.5.6.pom
2025-09-20 23:33:21,086 [Worker-9: Import Getting Started Content] INFO  o.e.m.c.i.e.AbstractTransferListenerAdapter - Downloading https://repo.maven.apache.org/maven2/org/springframework/boot/spring-boot-starter/3.5.6/spring-boot-starter-3.5.6.pom
2025-09-20 23:33:21,097 [Worker-9: Import Getting Started Content] INFO  o.e.m.c.i.e.AbstractTransferListenerAdapter - Downloaded https://repo.maven.apache.org/maven2/org/springframework/boot/spring-boot-starter/3.5.6/spring-boot-starter-3.5.6.pom
2025-09-20 23:33:21,228 [Worker-9: Import Getting Started Content] INFO  o.e.m.c.i.e.AbstractTransferListenerAdapter - Downloading https://repo.maven.apache.org/maven2/org/springframework/boot/spring-boot/3.5.6/spring-boot-3.5.6.pom
2025-09-20 23:33:21,247 [Worker-9: Import Getting Started Content] INFO  o.e.m.c.i.e.AbstractTransferListenerAdapter - Downloaded https://repo.maven.apache.org/maven2/org/springframework/boot/spring-boot/3.5.6/spring-boot-3.5.6.pom
2025-09-20 23:33:21,318 [Worker-9: Import Getting Started Content] INFO  o.e.m.c.i.e.AbstractTransferListenerAdapter - Downloading https://repo.maven.apache.org/maven2/org/springframework/spring-core/6.2.11/spring-core-6.2.11.pom
2025-09-20 23:33:21,318 [Worker-9: Import Getting Started Content] INFO  o.e.m.c.i.e.AbstractTransferListenerAdapter - Downloaded https://repo.maven.apache.org/maven2/org/springframework/spring-core/6.2.11/spring-core-6.2.11.pom
2025-09-20 23:33:21,397 [Worker-9: Import Getting Started Content] INFO  o.e.m.c.i.e.AbstractTransferListenerAdapter - Downloading https://repo.maven.apache.org/maven2/org/springframework/spring-jcl/6.2.11/spring-jcl-6.2.11.pom
2025-09-20 23:33:21,398 [Worker-9: Import Getting Started Content] INFO  o.e.m.c.i.e.AbstractTransferListenerAdapter - Downloaded https://repo.maven.apache.org/maven2/org/springframework/spring-jcl/6.2.11/spring-jcl-6.2.11.pom
2025-09-20 23:33:21,896 [Worker-9: Import Getting Started Content] INFO  o.e.m.c.i.e.AbstractTransferListenerAdapter - Downloading https://repo.maven.apache.org/maven2/org/springframework/spring-context/6.2.11/spring-context-6.2.11.pom
2025-09-20 23:33:21,897 [Worker-9: Import Getting Started Content] INFO  o.e.m.c.i.e.AbstractTransferListenerAdapter - Downloaded https://repo.maven.apache.org/maven2/org/springframework/spring-context/6.2.11/spring-context-6.2.11.pom
2025-09-20 23:33:21,986 [Worker-9: Import Getting Started Content] INFO  o.e.m.c.i.e.AbstractTransferListenerAdapter - Downloading https://repo.maven.apache.org/maven2/org/springframework/spring-aop/6.2.11/spring-aop-6.2.11.pom
2025-09-20 23:33:21,995 [Worker-9: Import Getting Started Content] INFO  o.e.m.c.i.e.AbstractTransferListenerAdapter - Downloaded https://repo.maven.apache.org/maven2/org/springframework/spring-aop/6.2.11/spring-aop-6.2.11.pom
2025-09-20 23:33:22,238 [Worker-9: Import Getting Started Content] INFO  o.e.m.c.i.e.AbstractTransferListenerAdapter - Downloading https://repo.maven.apache.org/maven2/org/springframework/spring-beans/6.2.11/spring-beans-6.2.11.pom
2025-09-20 23:33:22,247 [Worker-9: Import Getting Started Content] INFO  o.e.m.c.i.e.AbstractTransferListenerAdapter - Downloaded https://repo.maven.apache.org/maven2/org/springframework/spring-beans/6.2.11/spring-beans-6.2.11.pom
2025-09-20 23:33:22,355 [Worker-9: Import Getting Started Content] INFO  o.e.m.c.i.e.AbstractTransferListenerAdapter - Downloading https://repo.maven.apache.org/maven2/org/springframework/spring-expression/6.2.11/spring-expression-6.2.11.pom
2025-09-20 23:33:22,360 [Worker-9: Import Getting Started Content] INFO  o.e.m.c.i.e.AbstractTransferListenerAdapter - Downloaded https://repo.maven.apache.org/maven2/org/springframework/spring-expression/6.2.11/spring-expression-6.2.11.pom
2025-09-20 23:33:22,458 [Worker-9: Import Getting Started Content] INFO  o.e.m.c.i.e.AbstractTransferListenerAdapter - Downloading https://repo.maven.apache.org/maven2/io/micrometer/micrometer-observation/1.15.4/micrometer-observation-1.15.4.pom
2025-09-20 23:33:22,516 [Worker-9: Import Getting Started Content] INFO  o.e.m.c.i.e.AbstractTransferListenerAdapter - Downloaded https://repo.maven.apache.org/maven2/io/micrometer/micrometer-observation/1.15.4/micrometer-observation-1.15.4.pom
2025-09-20 23:33:22,638 [Worker-9: Import Getting Started Content] INFO  o.e.m.c.i.e.AbstractTransferListenerAdapter - Downloading https://repo.maven.apache.org/maven2/io/micrometer/micrometer-commons/1.15.4/micrometer-commons-1.15.4.pom
2025-09-20 23:33:22,674 [Worker-9: Import Getting Started Content] INFO  o.e.m.c.i.e.AbstractTransferListenerAdapter - Downloaded https://repo.maven.apache.org/maven2/io/micrometer/micrometer-commons/1.15.4/micrometer-commons-1.15.4.pom
2025-09-20 23:33:22,801 [Worker-9: Import Getting Started Content] INFO  o.e.m.c.i.e.AbstractTransferListenerAdapter - Downloading https://repo.maven.apache.org/maven2/org/springframework/boot/spring-boot-autoconfigure/3.5.6/spring-boot-autoconfigure-3.5.6.pom
2025-09-20 23:33:22,802 [Worker-9: Import Getting Started Content] INFO  o.e.m.c.i.e.AbstractTransferListenerAdapter - Downloaded https://repo.maven.apache.org/maven2/org/springframework/boot/spring-boot-autoconfigure/3.5.6/spring-boot-autoconfigure-3.5.6.pom
2025-09-20 23:33:22,949 [Worker-9: Import Getting Started Content] INFO  o.e.m.c.i.e.AbstractTransferListenerAdapter - Downloading https://repo.maven.apache.org/maven2/org/springframework/boot/spring-boot-starter-logging/3.5.6/spring-boot-starter-logging-3.5.6.pom
2025-09-20 23:33:22,952 [Worker-9: Import Getting Started Content] INFO  o.e.m.c.i.e.AbstractTransferListenerAdapter - Downloaded https://repo.maven.apache.org/maven2/org/springframework/boot/spring-boot-starter-logging/3.5.6/spring-boot-starter-logging-3.5.6.pom
2025-09-20 23:33:23,079 [Worker-9: Import Getting Started Content] INFO  o.e.m.c.i.e.AbstractTransferListenerAdapter - Downloading https://repo.maven.apache.org/maven2/org/springframework/boot/spring-boot-starter-json/3.5.6/spring-boot-starter-json-3.5.6.pom
2025-09-20 23:33:23,115 [Worker-9: Import Getting Started Content] INFO  o.e.m.c.i.e.AbstractTransferListenerAdapter - Downloaded https://repo.maven.apache.org/maven2/org/springframework/boot/spring-boot-starter-json/3.5.6/spring-boot-starter-json-3.5.6.pom
2025-09-20 23:33:23,354 [Worker-9: Import Getting Started Content] INFO  o.e.m.c.i.e.AbstractTransferListenerAdapter - Downloading https://repo.maven.apache.org/maven2/org/springframework/spring-web/6.2.11/spring-web-6.2.11.pom
2025-09-20 23:33:23,357 [Worker-9: Import Getting Started Content] INFO  o.e.m.c.i.e.AbstractTransferListenerAdapter - Downloaded https://repo.maven.apache.org/maven2/org/springframework/spring-web/6.2.11/spring-web-6.2.11.pom
2025-09-20 23:33:23,437 [Worker-9: Import Getting Started Content] INFO  o.e.m.c.i.e.AbstractTransferListenerAdapter - Downloading https://repo.maven.apache.org/maven2/org/springframework/boot/spring-boot-starter-tomcat/3.5.6/spring-boot-starter-tomcat-3.5.6.pom
2025-09-20 23:33:23,523 [Worker-9: Import Getting Started Content] INFO  o.e.m.c.i.e.AbstractTransferListenerAdapter - Downloaded https://repo.maven.apache.org/maven2/org/springframework/boot/spring-boot-starter-tomcat/3.5.6/spring-boot-starter-tomcat-3.5.6.pom
2025-09-20 23:33:23,600 [Worker-9: Import Getting Started Content] INFO  o.e.m.c.i.e.AbstractTransferListenerAdapter - Downloading https://repo.maven.apache.org/maven2/org/apache/tomcat/embed/tomcat-embed-core/10.1.46/tomcat-embed-core-10.1.46.pom
2025-09-20 23:33:23,601 [Worker-9: Import Getting Started Content] INFO  o.e.m.c.i.e.AbstractTransferListenerAdapter - Downloaded https://repo.maven.apache.org/maven2/org/apache/tomcat/embed/tomcat-embed-core/10.1.46/tomcat-embed-core-10.1.46.pom
2025-09-20 23:33:23,711 [Worker-9: Import Getting Started Content] INFO  o.e.m.c.i.e.AbstractTransferListenerAdapter - Downloading https://repo.maven.apache.org/maven2/org/apache/tomcat/embed/tomcat-embed-el/10.1.46/tomcat-embed-el-10.1.46.pom
2025-09-20 23:33:23,749 [Worker-9: Import Getting Started Content] INFO  o.e.m.c.i.e.AbstractTransferListenerAdapter - Downloaded https://repo.maven.apache.org/maven2/org/apache/tomcat/embed/tomcat-embed-el/10.1.46/tomcat-embed-el-10.1.46.pom
2025-09-20 23:33:23,888 [Worker-9: Import Getting Started Content] INFO  o.e.m.c.i.e.AbstractTransferListenerAdapter - Downloading https://repo.maven.apache.org/maven2/org/apache/tomcat/embed/tomcat-embed-websocket/10.1.46/tomcat-embed-websocket-10.1.46.pom
2025-09-20 23:33:23,894 [Worker-9: Import Getting Started Content] INFO  o.e.m.c.i.e.AbstractTransferListenerAdapter - Downloaded https://repo.maven.apache.org/maven2/org/apache/tomcat/embed/tomcat-embed-websocket/10.1.46/tomcat-embed-websocket-10.1.46.pom
2025-09-20 23:33:24,002 [Worker-9: Import Getting Started Content] INFO  o.e.m.c.i.e.AbstractTransferListenerAdapter - Downloading https://repo.maven.apache.org/maven2/org/springframework/spring-webmvc/6.2.11/spring-webmvc-6.2.11.pom
2025-09-20 23:33:24,011 [Worker-9: Import Getting Started Content] INFO  o.e.m.c.i.e.AbstractTransferListenerAdapter - Downloaded https://repo.maven.apache.org/maven2/org/springframework/spring-webmvc/6.2.11/spring-webmvc-6.2.11.pom
2025-09-20 23:33:24,136 [Worker-9: Import Getting Started Content] INFO  o.e.m.c.i.e.AbstractTransferListenerAdapter - Downloading https://repo.maven.apache.org/maven2/org/springframework/boot/spring-boot-starter-test/3.5.6/spring-boot-starter-test-3.5.6.pom
2025-09-20 23:33:24,203 [Worker-9: Import Getting Started Content] INFO  o.e.m.c.i.e.AbstractTransferListenerAdapter - Downloaded https://repo.maven.apache.org/maven2/org/springframework/boot/spring-boot-starter-test/3.5.6/spring-boot-starter-test-3.5.6.pom
2025-09-20 23:33:24,367 [Worker-9: Import Getting Started Content] INFO  o.e.m.c.i.e.AbstractTransferListenerAdapter - Downloading https://repo.maven.apache.org/maven2/org/springframework/boot/spring-boot-test/3.5.6/spring-boot-test-3.5.6.pom
2025-09-20 23:33:24,405 [Worker-9: Import Getting Started Content] INFO  o.e.m.c.i.e.AbstractTransferListenerAdapter - Downloaded https://repo.maven.apache.org/maven2/org/springframework/boot/spring-boot-test/3.5.6/spring-boot-test-3.5.6.pom
2025-09-20 23:33:24,685 [Worker-9: Import Getting Started Content] INFO  o.e.m.c.i.e.AbstractTransferListenerAdapter - Downloading https://repo.maven.apache.org/maven2/org/springframework/spring-test/6.2.11/spring-test-6.2.11.pom
2025-09-20 23:33:24,685 [Worker-9: Import Getting Started Content] INFO  o.e.m.c.i.e.AbstractTransferListenerAdapter - Downloaded https://repo.maven.apache.org/maven2/org/springframework/spring-test/6.2.11/spring-test-6.2.11.pom
2025-09-20 23:33:24,788 [Worker-9: Import Getting Started Content] INFO  o.e.m.c.i.e.AbstractTransferListenerAdapter - Downloading https://repo.maven.apache.org/maven2/org/springframework/boot/spring-boot-test-autoconfigure/3.5.6/spring-boot-test-autoconfigure-3.5.6.pom
2025-09-20 23:33:24,788 [Worker-9: Import Getting Started Content] INFO  o.e.m.c.i.e.AbstractTransferListenerAdapter - Downloaded https://repo.maven.apache.org/maven2/org/springframework/boot/spring-boot-test-autoconfigure/3.5.6/spring-boot-test-autoconfigure-3.5.6.pom
2025-09-20 23:33:24,892 [Worker-9: Import Getting Started Content] INFO  o.e.m.c.i.e.AbstractTransferListenerAdapter - Downloading https://repo.maven.apache.org/maven2/jakarta/activation/jakarta.activation-api/2.1.4/jakarta.activation-api-2.1.4.pom
2025-09-20 23:33:24,967 [Worker-9: Import Getting Started Content] INFO  o.e.m.c.i.e.AbstractTransferListenerAdapter - Downloaded https://repo.maven.apache.org/maven2/jakarta/activation/jakarta.activation-api/2.1.4/jakarta.activation-api-2.1.4.pom
2025-09-20 23:33:25,145 [Worker-9: Import Getting Started Content] INFO  o.e.m.c.i.e.AbstractTransferListenerAdapter - Downloading https://repo.maven.apache.org/maven2/org/assertj/assertj-core/3.27.4/assertj-core-3.27.4.pom
2025-09-20 23:33:25,173 [Worker-9: Import Getting Started Content] INFO  o.e.m.c.i.e.AbstractTransferListenerAdapter - Downloaded https://repo.maven.apache.org/maven2/org/assertj/assertj-core/3.27.4/assertj-core-3.27.4.pom
2025-09-20 23:33:26,528 [Worker-9: Import Getting Started Content] INFO  o.e.m.c.i.e.AbstractTransferListenerAdapter - Downloading https://repo.maven.apache.org/maven2/net/bytebuddy/byte-buddy/1.17.7/byte-buddy-1.17.7.pom
2025-09-20 23:33:26,531 [Worker-9: Import Getting Started Content] INFO  o.e.m.c.i.e.AbstractTransferListenerAdapter - Downloaded https://repo.maven.apache.org/maven2/net/bytebuddy/byte-buddy/1.17.7/byte-buddy-1.17.7.pom
2025-09-20 23:33:26,733 [Worker-9: Import Getting Started Content] INFO  o.e.m.c.i.e.AbstractTransferListenerAdapter - Downloading https://repo.maven.apache.org/maven2/net/bytebuddy/byte-buddy-parent/1.17.7/byte-buddy-parent-1.17.7.pom
2025-09-20 23:33:26,888 [Worker-9: Import Getting Started Content] INFO  o.e.m.c.i.e.AbstractTransferListenerAdapter - Downloaded https://repo.maven.apache.org/maven2/net/bytebuddy/byte-buddy-parent/1.17.7/byte-buddy-parent-1.17.7.pom
2025-09-20 23:33:26,996 [Worker-9: Import Getting Started Content] INFO  o.e.m.c.i.e.AbstractTransferListenerAdapter - Downloading https://repo.maven.apache.org/maven2/net/bytebuddy/byte-buddy-agent/1.17.7/byte-buddy-agent-1.17.7.pom
2025-09-20 23:33:27,078 [Worker-9: Import Getting Started Content] INFO  o.e.m.c.i.e.AbstractTransferListenerAdapter - Downloaded https://repo.maven.apache.org/maven2/net/bytebuddy/byte-buddy-agent/1.17.7/byte-buddy-agent-1.17.7.pom
2025-09-20 23:33:27,156 [Worker-9: Import Getting Started Content] INFO  o.e.m.c.i.e.AbstractTransferListenerAdapter - Downloading https://repo.maven.apache.org/maven2/org/xmlunit/xmlunit-core/2.10.4/xmlunit-core-2.10.4.pom
2025-09-20 23:33:27,176 [Worker-9: Import Getting Started Content] INFO  o.e.m.c.i.e.AbstractTransferListenerAdapter - Downloaded https://repo.maven.apache.org/maven2/org/xmlunit/xmlunit-core/2.10.4/xmlunit-core-2.10.4.pom
2025-09-20 23:33:27,287 [Worker-9: Import Getting Started Content] INFO  o.e.m.c.i.e.AbstractTransferListenerAdapter - Downloading https://repo.maven.apache.org/maven2/org/xmlunit/xmlunit-parent/2.10.4/xmlunit-parent-2.10.4.pom
2025-09-20 23:33:27,350 [Worker-9: Import Getting Started Content] INFO  o.e.m.c.i.e.AbstractTransferListenerAdapter - Downloaded https://repo.maven.apache.org/maven2/org/xmlunit/xmlunit-parent/2.10.4/xmlunit-parent-2.10.4.pom
2025-09-20 23:33:27,552 [Worker-9: Import Getting Started Content] INFO  o.e.m.c.i.e.AbstractTransferListenerAdapter - Downloading https://repo.maven.apache.org/maven2/org/springframework/boot/spring-boot-starter-web/3.5.6/spring-boot-starter-web-3.5.6.jar
2025-09-20 23:33:27,554 [Worker-9: Import Getting Started Content] INFO  o.e.m.c.i.e.AbstractTransferListenerAdapter - Downloaded https://repo.maven.apache.org/maven2/org/springframework/boot/spring-boot-starter-web/3.5.6/spring-boot-starter-web-3.5.6.jar
2025-09-20 23:33:27,765 [BasicRepositoryConnector-repo.maven.apache.org-0-0] INFO  o.e.m.c.i.e.AbstractTransferListenerAdapter - Downloading https://repo.maven.apache.org/maven2/org/springframework/boot/spring-boot-starter/3.5.6/spring-boot-starter-3.5.6.jar
2025-09-20 23:33:27,767 [BasicRepositoryConnector-repo.maven.apache.org-0-0] INFO  o.e.m.c.i.e.AbstractTransferListenerAdapter - Downloaded https://repo.maven.apache.org/maven2/org/springframework/boot/spring-boot-starter/3.5.6/spring-boot-starter-3.5.6.jar
2025-09-20 23:33:27,962 [BasicRepositoryConnector-repo.maven.apache.org-0-0] INFO  o.e.m.c.i.e.AbstractTransferListenerAdapter - Downloading https://repo.maven.apache.org/maven2/org/springframework/boot/spring-boot-starter-tomcat/3.5.6/spring-boot-starter-tomcat-3.5.6.jar
2025-09-20 23:33:27,964 [BasicRepositoryConnector-repo.maven.apache.org-0-0] INFO  o.e.m.c.i.e.AbstractTransferListenerAdapter - Downloaded https://repo.maven.apache.org/maven2/org/springframework/boot/spring-boot-starter-tomcat/3.5.6/spring-boot-starter-tomcat-3.5.6.jar
2025-09-20 23:33:28,105 [BasicRepositoryConnector-repo.maven.apache.org-0-2] INFO  o.e.m.c.i.e.AbstractTransferListenerAdapter - Downloading https://repo.maven.apache.org/maven2/org/springframework/boot/spring-boot-autoconfigure/3.5.6/spring-boot-autoconfigure-3.5.6.jar
2025-09-20 23:33:28,139 [BasicRepositoryConnector-repo.maven.apache.org-0-0] INFO  o.e.m.c.i.e.AbstractTransferListenerAdapter - Downloading https://repo.maven.apache.org/maven2/org/apache/tomcat/embed/tomcat-embed-core/10.1.46/tomcat-embed-core-10.1.46.jar
2025-09-20 23:33:28,203 [BasicRepositoryConnector-repo.maven.apache.org-0-1] INFO  o.e.m.c.i.e.AbstractTransferListenerAdapter - Downloading https://repo.maven.apache.org/maven2/org/springframework/boot/spring-boot/3.5.6/spring-boot-3.5.6.jar
2025-09-20 23:33:28,282 [BasicRepositoryConnector-repo.maven.apache.org-0-4] INFO  o.e.m.c.i.e.AbstractTransferListenerAdapter - Downloading https://repo.maven.apache.org/maven2/org/springframework/boot/spring-boot-starter-json/3.5.6/spring-boot-starter-json-3.5.6.jar
2025-09-20 23:33:28,285 [BasicRepositoryConnector-repo.maven.apache.org-0-4] INFO  o.e.m.c.i.e.AbstractTransferListenerAdapter - Downloaded https://repo.maven.apache.org/maven2/org/springframework/boot/spring-boot-starter-json/3.5.6/spring-boot-starter-json-3.5.6.jar
2025-09-20 23:33:28,309 [BasicRepositoryConnector-repo.maven.apache.org-0-3] INFO  o.e.m.c.i.e.AbstractTransferListenerAdapter - Downloading https://repo.maven.apache.org/maven2/org/springframework/boot/spring-boot-starter-logging/3.5.6/spring-boot-starter-logging-3.5.6.jar
2025-09-20 23:33:28,311 [BasicRepositoryConnector-repo.maven.apache.org-0-3] INFO  o.e.m.c.i.e.AbstractTransferListenerAdapter - Downloaded https://repo.maven.apache.org/maven2/org/springframework/boot/spring-boot-starter-logging/3.5.6/spring-boot-starter-logging-3.5.6.jar
2025-09-20 23:33:28,511 [BasicRepositoryConnector-repo.maven.apache.org-0-4] INFO  o.e.m.c.i.e.AbstractTransferListenerAdapter - Downloading https://repo.maven.apache.org/maven2/org/apache/tomcat/embed/tomcat-embed-el/10.1.46/tomcat-embed-el-10.1.46.jar
2025-09-20 23:33:28,552 [BasicRepositoryConnector-repo.maven.apache.org-0-3] INFO  o.e.m.c.i.e.AbstractTransferListenerAdapter - Downloading https://repo.maven.apache.org/maven2/org/apache/tomcat/embed/tomcat-embed-websocket/10.1.46/tomcat-embed-websocket-10.1.46.jar
2025-09-20 23:33:30,511 [BasicRepositoryConnector-repo.maven.apache.org-0-3] INFO  o.e.m.c.i.e.AbstractTransferListenerAdapter - Downloaded https://repo.maven.apache.org/maven2/org/apache/tomcat/embed/tomcat-embed-websocket/10.1.46/tomcat-embed-websocket-10.1.46.jar
2025-09-20 23:33:30,813 [BasicRepositoryConnector-repo.maven.apache.org-0-4] INFO  o.e.m.c.i.e.AbstractTransferListenerAdapter - Downloaded https://repo.maven.apache.org/maven2/org/apache/tomcat/embed/tomcat-embed-el/10.1.46/tomcat-embed-el-10.1.46.jar
2025-09-20 23:33:31,167 [BasicRepositoryConnector-repo.maven.apache.org-0-3] INFO  o.e.m.c.i.e.AbstractTransferListenerAdapter - Downloading https://repo.maven.apache.org/maven2/org/springframework/spring-web/6.2.11/spring-web-6.2.11.jar
2025-09-20 23:33:32,908 [BasicRepositoryConnector-repo.maven.apache.org-0-4] INFO  o.e.m.c.i.e.AbstractTransferListenerAdapter - Downloading https://repo.maven.apache.org/maven2/org/springframework/spring-beans/6.2.11/spring-beans-6.2.11.jar
2025-09-20 23:33:36,679 [BasicRepositoryConnector-repo.maven.apache.org-0-2] INFO  o.e.m.c.i.e.AbstractTransferListenerAdapter - Downloaded https://repo.maven.apache.org/maven2/org/springframework/boot/spring-boot-autoconfigure/3.5.6/spring-boot-autoconfigure-3.5.6.jar
2025-09-20 23:33:37,257 [BasicRepositoryConnector-repo.maven.apache.org-0-2] INFO  o.e.m.c.i.e.AbstractTransferListenerAdapter - Downloading https://repo.maven.apache.org/maven2/io/micrometer/micrometer-observation/1.15.4/micrometer-observation-1.15.4.jar
2025-09-20 23:33:37,355 [BasicRepositoryConnector-repo.maven.apache.org-0-2] INFO  o.e.m.c.i.e.AbstractTransferListenerAdapter - Downloaded https://repo.maven.apache.org/maven2/io/micrometer/micrometer-observation/1.15.4/micrometer-observation-1.15.4.jar
2025-09-20 23:33:39,234 [BasicRepositoryConnector-repo.maven.apache.org-0-2] INFO  o.e.m.c.i.e.AbstractTransferListenerAdapter - Downloading https://repo.maven.apache.org/maven2/io/micrometer/micrometer-commons/1.15.4/micrometer-commons-1.15.4.jar
2025-09-20 23:33:39,540 [BasicRepositoryConnector-repo.maven.apache.org-0-2] INFO  o.e.m.c.i.e.AbstractTransferListenerAdapter - Downloaded https://repo.maven.apache.org/maven2/io/micrometer/micrometer-commons/1.15.4/micrometer-commons-1.15.4.jar
2025-09-20 23:33:40,488 [BasicRepositoryConnector-repo.maven.apache.org-0-2] INFO  o.e.m.c.i.e.AbstractTransferListenerAdapter - Downloading https://repo.maven.apache.org/maven2/org/springframework/spring-webmvc/6.2.11/spring-webmvc-6.2.11.jar
2025-09-20 23:33:42,766 [BasicRepositoryConnector-repo.maven.apache.org-0-3] INFO  o.e.m.c.i.e.AbstractTransferListenerAdapter - Downloaded https://repo.maven.apache.org/maven2/org/springframework/spring-web/6.2.11/spring-web-6.2.11.jar
2025-09-20 23:33:43,998 [BasicRepositoryConnector-repo.maven.apache.org-0-2] INFO  o.e.m.c.i.e.AbstractTransferListenerAdapter - Downloaded https://repo.maven.apache.org/maven2/org/springframework/spring-webmvc/6.2.11/spring-webmvc-6.2.11.jar
2025-09-20 23:33:44,069 [BasicRepositoryConnector-repo.maven.apache.org-0-0] INFO  o.e.m.c.i.e.AbstractTransferListenerAdapter - Downloaded https://repo.maven.apache.org/maven2/org/apache/tomcat/embed/tomcat-embed-core/10.1.46/tomcat-embed-core-10.1.46.jar
2025-09-20 23:33:46,168 [BasicRepositoryConnector-repo.maven.apache.org-0-0] INFO  o.e.m.c.i.e.AbstractTransferListenerAdapter - Downloading https://repo.maven.apache.org/maven2/org/springframework/spring-expression/6.2.11/spring-expression-6.2.11.jar
2025-09-20 23:33:46,277 [BasicRepositoryConnector-repo.maven.apache.org-0-2] INFO  o.e.m.c.i.e.AbstractTransferListenerAdapter - Downloading https://repo.maven.apache.org/maven2/org/springframework/spring-context/6.2.11/spring-context-6.2.11.jar
2025-09-20 23:33:47,253 [BasicRepositoryConnector-repo.maven.apache.org-0-3] INFO  o.e.m.c.i.e.AbstractTransferListenerAdapter - Downloading https://repo.maven.apache.org/maven2/org/springframework/spring-aop/6.2.11/spring-aop-6.2.11.jar
2025-09-20 23:33:47,515 [BasicRepositoryConnector-repo.maven.apache.org-0-0] INFO  o.e.m.c.i.e.AbstractTransferListenerAdapter - Downloaded https://repo.maven.apache.org/maven2/org/springframework/spring-expression/6.2.11/spring-expression-6.2.11.jar
2025-09-20 23:33:48,679 [BasicRepositoryConnector-repo.maven.apache.org-0-2] INFO  o.e.m.c.i.e.AbstractTransferListenerAdapter - Downloaded https://repo.maven.apache.org/maven2/org/springframework/spring-context/6.2.11/spring-context-6.2.11.jar
2025-09-20 23:33:48,760 [BasicRepositoryConnector-repo.maven.apache.org-0-3] INFO  o.e.m.c.i.e.AbstractTransferListenerAdapter - Downloaded https://repo.maven.apache.org/maven2/org/springframework/spring-aop/6.2.11/spring-aop-6.2.11.jar
2025-09-20 23:33:51,075 [BasicRepositoryConnector-repo.maven.apache.org-0-3] INFO  o.e.m.c.i.e.AbstractTransferListenerAdapter - Downloading https://repo.maven.apache.org/maven2/org/springframework/boot/spring-boot-test-autoconfigure/3.5.6/spring-boot-test-autoconfigure-3.5.6.jar
2025-09-20 23:33:51,278 [BasicRepositoryConnector-repo.maven.apache.org-0-0] INFO  o.e.m.c.i.e.AbstractTransferListenerAdapter - Downloading https://repo.maven.apache.org/maven2/org/springframework/boot/spring-boot-starter-test/3.5.6/spring-boot-starter-test-3.5.6.jar
2025-09-20 23:33:51,287 [BasicRepositoryConnector-repo.maven.apache.org-0-0] INFO  o.e.m.c.i.e.AbstractTransferListenerAdapter - Downloaded https://repo.maven.apache.org/maven2/org/springframework/boot/spring-boot-starter-test/3.5.6/spring-boot-starter-test-3.5.6.jar
2025-09-20 23:33:51,786 [BasicRepositoryConnector-repo.maven.apache.org-0-3] INFO  o.e.m.c.i.e.AbstractTransferListenerAdapter - Downloaded https://repo.maven.apache.org/maven2/org/springframework/boot/spring-boot-test-autoconfigure/3.5.6/spring-boot-test-autoconfigure-3.5.6.jar
2025-09-20 23:33:51,879 [BasicRepositoryConnector-repo.maven.apache.org-0-0] INFO  o.e.m.c.i.e.AbstractTransferListenerAdapter - Downloading https://repo.maven.apache.org/maven2/jakarta/activation/jakarta.activation-api/2.1.4/jakarta.activation-api-2.1.4.jar
2025-09-20 23:33:52,106 [BasicRepositoryConnector-repo.maven.apache.org-0-2] INFO  o.e.m.c.i.e.AbstractTransferListenerAdapter - Downloading https://repo.maven.apache.org/maven2/org/springframework/boot/spring-boot-test/3.5.6/spring-boot-test-3.5.6.jar
2025-09-20 23:33:52,115 [BasicRepositoryConnector-repo.maven.apache.org-0-0] INFO  o.e.m.c.i.e.AbstractTransferListenerAdapter - Downloaded https://repo.maven.apache.org/maven2/jakarta/activation/jakarta.activation-api/2.1.4/jakarta.activation-api-2.1.4.jar
2025-09-20 23:33:52,341 [BasicRepositoryConnector-repo.maven.apache.org-0-2] INFO  o.e.m.c.i.e.AbstractTransferListenerAdapter - Downloaded https://repo.maven.apache.org/maven2/org/springframework/boot/spring-boot-test/3.5.6/spring-boot-test-3.5.6.jar
2025-09-20 23:33:52,406 [BasicRepositoryConnector-repo.maven.apache.org-0-3] INFO  o.e.m.c.i.e.AbstractTransferListenerAdapter - Downloading https://repo.maven.apache.org/maven2/org/assertj/assertj-core/3.27.4/assertj-core-3.27.4.jar
2025-09-20 23:33:52,407 [BasicRepositoryConnector-repo.maven.apache.org-0-4] INFO  o.e.m.c.i.e.AbstractTransferListenerAdapter - Downloaded https://repo.maven.apache.org/maven2/org/springframework/spring-beans/6.2.11/spring-beans-6.2.11.jar
2025-09-20 23:33:52,834 [BasicRepositoryConnector-repo.maven.apache.org-0-1] INFO  o.e.m.c.i.e.AbstractTransferListenerAdapter - Downloaded https://repo.maven.apache.org/maven2/org/springframework/boot/spring-boot/3.5.6/spring-boot-3.5.6.jar
2025-09-20 23:33:52,889 [BasicRepositoryConnector-repo.maven.apache.org-0-0] INFO  o.e.m.c.i.e.AbstractTransferListenerAdapter - Downloading https://repo.maven.apache.org/maven2/net/bytebuddy/byte-buddy/1.17.7/byte-buddy-1.17.7.jar
2025-09-20 23:33:56,681 [BasicRepositoryConnector-repo.maven.apache.org-0-3] INFO  o.e.m.c.i.e.AbstractTransferListenerAdapter - Downloaded https://repo.maven.apache.org/maven2/org/assertj/assertj-core/3.27.4/assertj-core-3.27.4.jar
2025-09-20 23:33:57,475 [BasicRepositoryConnector-repo.maven.apache.org-0-2] INFO  o.e.m.c.i.e.AbstractTransferListenerAdapter - Downloading https://repo.maven.apache.org/maven2/net/bytebuddy/byte-buddy-agent/1.17.7/byte-buddy-agent-1.17.7.jar
2025-09-20 23:33:57,848 [BasicRepositoryConnector-repo.maven.apache.org-0-2] INFO  o.e.m.c.i.e.AbstractTransferListenerAdapter - Downloaded https://repo.maven.apache.org/maven2/net/bytebuddy/byte-buddy-agent/1.17.7/byte-buddy-agent-1.17.7.jar
2025-09-20 23:33:58,527 [BasicRepositoryConnector-repo.maven.apache.org-0-3] INFO  o.e.m.c.i.e.AbstractTransferListenerAdapter - Downloading https://repo.maven.apache.org/maven2/org/springframework/spring-test/6.2.11/spring-test-6.2.11.jar
2025-09-20 23:33:59,114 [BasicRepositoryConnector-repo.maven.apache.org-0-1] INFO  o.e.m.c.i.e.AbstractTransferListenerAdapter - Downloading https://repo.maven.apache.org/maven2/org/springframework/spring-jcl/6.2.11/spring-jcl-6.2.11.jar
2025-09-20 23:33:59,124 [BasicRepositoryConnector-repo.maven.apache.org-0-2] INFO  o.e.m.c.i.e.AbstractTransferListenerAdapter - Downloading https://repo.maven.apache.org/maven2/org/xmlunit/xmlunit-core/2.10.4/xmlunit-core-2.10.4.jar
2025-09-20 23:33:59,400 [BasicRepositoryConnector-repo.maven.apache.org-0-1] INFO  o.e.m.c.i.e.AbstractTransferListenerAdapter - Downloaded https://repo.maven.apache.org/maven2/org/springframework/spring-jcl/6.2.11/spring-jcl-6.2.11.jar
2025-09-20 23:33:59,401 [BasicRepositoryConnector-repo.maven.apache.org-0-2] INFO  o.e.m.c.i.e.AbstractTransferListenerAdapter - Downloaded https://repo.maven.apache.org/maven2/org/xmlunit/xmlunit-core/2.10.4/xmlunit-core-2.10.4.jar
2025-09-20 23:34:00,867 [BasicRepositoryConnector-repo.maven.apache.org-0-3] INFO  o.e.m.c.i.e.AbstractTransferListenerAdapter - Downloaded https://repo.maven.apache.org/maven2/org/springframework/spring-test/6.2.11/spring-test-6.2.11.jar
2025-09-20 23:34:08,028 [BasicRepositoryConnector-repo.maven.apache.org-0-4] INFO  o.e.m.c.i.e.AbstractTransferListenerAdapter - Downloading https://repo.maven.apache.org/maven2/org/springframework/spring-core/6.2.11/spring-core-6.2.11.jar
2025-09-20 23:34:12,148 [BasicRepositoryConnector-repo.maven.apache.org-0-0] INFO  o.e.m.c.i.e.AbstractTransferListenerAdapter - Downloaded https://repo.maven.apache.org/maven2/net/bytebuddy/byte-buddy/1.17.7/byte-buddy-1.17.7.jar
2025-09-20 23:34:14,669 [BasicRepositoryConnector-repo.maven.apache.org-0-4] INFO  o.e.m.c.i.e.AbstractTransferListenerAdapter - Downloaded https://repo.maven.apache.org/maven2/org/springframework/spring-core/6.2.11/spring-core-6.2.11.jar
2025-09-20 23:34:15,632 [Worker-9: Import Getting Started Content] INFO  o.e.m.c.i.e.AbstractTransferListenerAdapter - Downloading https://repo.maven.apache.org/maven2/org/apache/maven/plugins/maven-surefire-plugin/3.5.4/maven-surefire-plugin-3.5.4.pom
2025-09-20 23:34:15,634 [Worker-9: Import Getting Started Content] INFO  o.e.m.c.i.e.AbstractTransferListenerAdapter - Downloaded https://repo.maven.apache.org/maven2/org/apache/maven/plugins/maven-surefire-plugin/3.5.4/maven-surefire-plugin-3.5.4.pom
2025-09-20 23:34:16,192 [Worker-9: Import Getting Started Content] INFO  o.e.m.c.i.e.AbstractTransferListenerAdapter - Downloading https://repo.maven.apache.org/maven2/org/apache/maven/surefire/surefire/3.5.4/surefire-3.5.4.pom
2025-09-20 23:34:16,642 [Worker-9: Import Getting Started Content] INFO  o.e.m.c.i.e.AbstractTransferListenerAdapter - Downloaded https://repo.maven.apache.org/maven2/org/apache/maven/surefire/surefire/3.5.4/surefire-3.5.4.pom
2025-09-20 23:34:16,957 [Worker-9: Import Getting Started Content] INFO  o.e.m.j.i.AbstractJavaProjectConfigurator - Adding source folder /app1/src/main/java
2025-09-20 23:34:16,958 [Worker-9: Import Getting Started Content] INFO  o.e.m.j.i.AbstractJavaProjectConfigurator - Adding resource folder /app1/src/main/resources
2025-09-20 23:34:16,960 [Worker-9: Import Getting Started Content] INFO  o.e.m.j.i.AbstractJavaProjectConfigurator - Adding resource folder /app1/src/main/resources
2025-09-20 23:34:16,961 [Worker-9: Import Getting Started Content] INFO  o.e.m.j.i.AbstractJavaProjectConfigurator - Adding source folder /app1/src/test/java
2025-09-20 23:34:16,961 [Worker-9: Import Getting Started Content] INFO  o.e.m.j.i.AbstractJavaProjectConfigurator - Adding resource folder /app1/src/test/resources
2025-09-20 23:34:17,367 [Worker-9: Import Getting Started Content] INFO  o.e.m.c.i.p.ProjectConfigurationManager - Imported and configured 1 project(s) in 63 sec
2025-09-20 23:34:17,370 [Worker-9: Import Getting Started Content] INFO  o.e.m.c.i.p.ProjectConfigurationManager - Update started
2025-09-20 23:34:17,519 [Worker-9: Import Getting Started Content] INFO  o.e.m.c.i.l.LifecycleMappingFactory - Using org.eclipse.m2e.jdt.JarLifecycleMapping lifecycle mapping for MavenProject: com.subham:app1:0.0.1-SNAPSHOT @ /home/subham/Desktop/Project/spring-docker-demoapp/app1/pom.xml.
2025-09-20 23:34:17,632 [Worker-9: Import Getting Started Content] INFO  o.e.m.j.i.AbstractJavaProjectConfigurator - Adding source folder /app1/src/main/java
2025-09-20 23:34:17,632 [Worker-9: Import Getting Started Content] INFO  o.e.m.j.i.AbstractJavaProjectConfigurator - Adding resource folder /app1/src/main/resources
2025-09-20 23:34:17,632 [Worker-9: Import Getting Started Content] INFO  o.e.m.j.i.AbstractJavaProjectConfigurator - Adding resource folder /app1/src/main/resources
2025-09-20 23:34:17,633 [Worker-9: Import Getting Started Content] INFO  o.e.m.j.i.AbstractJavaProjectConfigurator - Adding source folder /app1/src/test/java
2025-09-20 23:34:17,633 [Worker-9: Import Getting Started Content] INFO  o.e.m.j.i.AbstractJavaProjectConfigurator - Adding resource folder /app1/src/test/resources
2025-09-20 23:34:17,756 [Worker-9: Import Getting Started Content] INFO  o.e.m.c.i.p.ProjectConfigurationManager - Update completed for 1 poms: local refresh takes 0.00 sec, refresh facades takes 0.00 sec, update config takes 0.00 sec 
2025-09-20 23:34:20,757 [Worker-6: Download sources and javadoc] INFO  o.e.m.c.i.e.AbstractTransferListenerAdapter - Downloading https://repo.maven.apache.org/maven2/org/springframework/boot/spring-boot-starter-web/3.5.6/spring-boot-starter-web-3.5.6-sources.jar
2025-09-20 23:34:20,797 [Worker-6: Download sources and javadoc] INFO  o.e.m.c.i.e.AbstractTransferListenerAdapter - Downloaded https://repo.maven.apache.org/maven2/org/springframework/boot/spring-boot-starter-web/3.5.6/spring-boot-starter-web-3.5.6-sources.jar
2025-09-20 23:34:20,799 [Worker-6: Download sources and javadoc] INFO  o.e.m.j.internal.DownloadSourcesJob - Downloaded sources for org.springframework.boot:spring-boot-starter-web:3.5.6
2025-09-20 23:34:21,428 [Worker-6: Download sources and javadoc] INFO  o.e.m.c.i.e.AbstractTransferListenerAdapter - Downloading https://repo.maven.apache.org/maven2/org/springframework/boot/spring-boot-starter/3.5.6/spring-boot-starter-3.5.6-sources.jar
2025-09-20 23:34:21,454 [Worker-6: Download sources and javadoc] INFO  o.e.m.c.i.e.AbstractTransferListenerAdapter - Downloaded https://repo.maven.apache.org/maven2/org/springframework/boot/spring-boot-starter/3.5.6/spring-boot-starter-3.5.6-sources.jar
2025-09-20 23:34:21,455 [Worker-6: Download sources and javadoc] INFO  o.e.m.j.internal.DownloadSourcesJob - Downloaded sources for org.springframework.boot:spring-boot-starter:3.5.6
2025-09-20 23:34:22,204 [Worker-6: Download sources and javadoc] INFO  o.e.m.c.i.e.AbstractTransferListenerAdapter - Downloading https://repo.maven.apache.org/maven2/org/springframework/boot/spring-boot/3.5.6/spring-boot-3.5.6-sources.jar
2025-09-20 23:34:22,397 [Worker-11: Import Getting Started Content] INFO  o.e.m.c.i.l.LifecycleMappingFactory - Using org.eclipse.m2e.jdt.JarLifecycleMapping lifecycle mapping for MavenProject: com.subham:app2:0.0.1-SNAPSHOT @ /home/subham/Desktop/Project/spring-docker-demoapp/app1-1/pom.xml.
2025-09-20 23:34:22,566 [Worker-11: Import Getting Started Content] INFO  o.e.m.j.i.AbstractJavaProjectConfigurator - Adding source folder /app1-1/src/main/java
2025-09-20 23:34:22,567 [Worker-11: Import Getting Started Content] INFO  o.e.m.j.i.AbstractJavaProjectConfigurator - Adding resource folder /app1-1/src/main/resources
2025-09-20 23:34:22,568 [Worker-11: Import Getting Started Content] INFO  o.e.m.j.i.AbstractJavaProjectConfigurator - Adding resource folder /app1-1/src/main/resources
2025-09-20 23:34:22,569 [Worker-11: Import Getting Started Content] INFO  o.e.m.j.i.AbstractJavaProjectConfigurator - Adding source folder /app1-1/src/test/java
2025-09-20 23:34:22,569 [Worker-11: Import Getting Started Content] INFO  o.e.m.j.i.AbstractJavaProjectConfigurator - Adding resource folder /app1-1/src/test/resources
2025-09-20 23:34:22,619 [Worker-11: Import Getting Started Content] INFO  o.e.m.c.i.p.ProjectConfigurationManager - Imported and configured 1 project(s) in 0 sec
2025-09-20 23:34:22,620 [Worker-11: Import Getting Started Content] INFO  o.e.m.c.i.p.ProjectConfigurationManager - Update started
2025-09-20 23:34:22,768 [Worker-11: Import Getting Started Content] INFO  o.e.m.c.i.l.LifecycleMappingFactory - Using org.eclipse.m2e.jdt.JarLifecycleMapping lifecycle mapping for MavenProject: com.subham:app2:0.0.1-SNAPSHOT @ /home/subham/Desktop/Project/spring-docker-demoapp/app1-1/pom.xml.
2025-09-20 23:34:22,926 [Worker-11: Import Getting Started Content] INFO  o.e.m.j.i.AbstractJavaProjectConfigurator - Adding source folder /app1-1/src/main/java
2025-09-20 23:34:22,927 [Worker-11: Import Getting Started Content] INFO  o.e.m.j.i.AbstractJavaProjectConfigurator - Adding resource folder /app1-1/src/main/resources
2025-09-20 23:34:22,927 [Worker-11: Import Getting Started Content] INFO  o.e.m.j.i.AbstractJavaProjectConfigurator - Adding resource folder /app1-1/src/main/resources
2025-09-20 23:34:22,927 [Worker-11: Import Getting Started Content] INFO  o.e.m.j.i.AbstractJavaProjectConfigurator - Adding source folder /app1-1/src/test/java
2025-09-20 23:34:22,927 [Worker-11: Import Getting Started Content] INFO  o.e.m.j.i.AbstractJavaProjectConfigurator - Adding resource folder /app1-1/src/test/resources
2025-09-20 23:34:23,047 [Worker-11: Import Getting Started Content] INFO  o.e.m.c.i.p.ProjectConfigurationManager - Update completed for 1 poms: local refresh takes 0.00 sec, refresh facades takes 0.00 sec, update config takes 0.00 sec 
2025-09-20 23:34:23,616 [Worker-11: Building] INFO  o.a.m.s.f.DefaultMavenResourcesFiltering - Copying 1 resource from src/main/resources to target/classes
2025-09-20 23:34:23,629 [Worker-11: Building] INFO  o.a.m.s.f.DefaultMavenResourcesFiltering - Copying 0 resource from src/main/resources to target/classes
2025-09-20 23:34:23,635 [Worker-11: Building] INFO  o.a.m.s.f.DefaultMavenResourcesFiltering - skip non existing resourceDirectory /home/subham/Desktop/Project/spring-docker-demoapp/app1/src/test/resources
2025-09-20 23:34:24,031 [Worker-11: Building] INFO  o.a.m.s.f.DefaultMavenResourcesFiltering - Copying 1 resource from src/main/resources to target/classes
2025-09-20 23:34:24,043 [Worker-11: Building] INFO  o.a.m.s.f.DefaultMavenResourcesFiltering - Copying 0 resource from src/main/resources to target/classes
2025-09-20 23:34:24,050 [Worker-11: Building] INFO  o.a.m.s.f.DefaultMavenResourcesFiltering - skip non existing resourceDirectory /home/subham/Desktop/Project/spring-docker-demoapp/app1-1/src/test/resources
2025-09-20 23:34:26,435 [Worker-6: Download sources and javadoc] INFO  o.e.m.c.i.e.AbstractTransferListenerAdapter - Downloaded https://repo.maven.apache.org/maven2/org/springframework/boot/spring-boot/3.5.6/spring-boot-3.5.6-sources.jar
2025-09-20 23:34:26,436 [Worker-6: Download sources and javadoc] INFO  o.e.m.j.internal.DownloadSourcesJob - Downloaded sources for org.springframework.boot:spring-boot:3.5.6
2025-09-20 23:34:26,967 [Worker-6: Download sources and javadoc] INFO  o.e.m.c.i.e.AbstractTransferListenerAdapter - Downloading https://repo.maven.apache.org/maven2/org/springframework/boot/spring-boot-autoconfigure/3.5.6/spring-boot-autoconfigure-3.5.6-sources.jar
2025-09-20 23:34:32,183 [Worker-6: Download sources and javadoc] INFO  o.e.m.c.i.e.AbstractTransferListenerAdapter - Downloaded https://repo.maven.apache.org/maven2/org/springframework/boot/spring-boot-autoconfigure/3.5.6/spring-boot-autoconfigure-3.5.6-sources.jar
2025-09-20 23:34:32,184 [Worker-6: Download sources and javadoc] INFO  o.e.m.j.internal.DownloadSourcesJob - Downloaded sources for org.springframework.boot:spring-boot-autoconfigure:3.5.6
2025-09-20 23:34:32,694 [Worker-6: Download sources and javadoc] INFO  o.e.m.c.i.e.AbstractTransferListenerAdapter - Downloading https://repo.maven.apache.org/maven2/org/springframework/boot/spring-boot-starter-logging/3.5.6/spring-boot-starter-logging-3.5.6-sources.jar
2025-09-20 23:34:32,695 [Worker-6: Download sources and javadoc] INFO  o.e.m.c.i.e.AbstractTransferListenerAdapter - Downloaded https://repo.maven.apache.org/maven2/org/springframework/boot/spring-boot-starter-logging/3.5.6/spring-boot-starter-logging-3.5.6-sources.jar
2025-09-20 23:34:32,697 [Worker-6: Download sources and javadoc] INFO  o.e.m.j.internal.DownloadSourcesJob - Downloaded sources for org.springframework.boot:spring-boot-starter-logging:3.5.6
2025-09-20 23:34:33,572 [Worker-7: Building] INFO  o.a.m.s.f.DefaultMavenResourcesFiltering - Copying 0 resource from src/main/resources to target/classes
2025-09-20 23:34:33,573 [Worker-7: Building] INFO  o.a.m.s.f.DefaultMavenResourcesFiltering - Copying 0 resource from src/main/resources to target/classes
2025-09-20 23:34:33,575 [Worker-7: Building] INFO  o.a.m.s.f.DefaultMavenResourcesFiltering - skip non existing resourceDirectory /home/subham/Desktop/Project/spring-docker-demoapp/app1/src/test/resources
2025-09-20 23:34:33,662 [Worker-6: Download sources and javadoc] INFO  o.e.m.c.i.e.AbstractTransferListenerAdapter - Downloading https://repo.maven.apache.org/maven2/org/springframework/boot/spring-boot-starter-json/3.5.6/spring-boot-starter-json-3.5.6-sources.jar
2025-09-20 23:34:33,663 [Worker-6: Download sources and javadoc] INFO  o.e.m.c.i.e.AbstractTransferListenerAdapter - Downloaded https://repo.maven.apache.org/maven2/org/springframework/boot/spring-boot-starter-json/3.5.6/spring-boot-starter-json-3.5.6-sources.jar
2025-09-20 23:34:33,664 [Worker-6: Download sources and javadoc] INFO  o.e.m.j.internal.DownloadSourcesJob - Downloaded sources for org.springframework.boot:spring-boot-starter-json:3.5.6
2025-09-20 23:34:34,444 [Worker-6: Download sources and javadoc] INFO  o.e.m.c.i.e.AbstractTransferListenerAdapter - Downloading https://repo.maven.apache.org/maven2/org/springframework/boot/spring-boot-starter-tomcat/3.5.6/spring-boot-starter-tomcat-3.5.6-sources.jar
2025-09-20 23:34:34,445 [Worker-6: Download sources and javadoc] INFO  o.e.m.c.i.e.AbstractTransferListenerAdapter - Downloaded https://repo.maven.apache.org/maven2/org/springframework/boot/spring-boot-starter-tomcat/3.5.6/spring-boot-starter-tomcat-3.5.6-sources.jar
2025-09-20 23:34:34,446 [Worker-6: Download sources and javadoc] INFO  o.e.m.j.internal.DownloadSourcesJob - Downloaded sources for org.springframework.boot:spring-boot-starter-tomcat:3.5.6
2025-09-20 23:34:35,378 [Worker-6: Download sources and javadoc] INFO  o.e.m.c.i.e.AbstractTransferListenerAdapter - Downloading https://repo.maven.apache.org/maven2/org/apache/tomcat/embed/tomcat-embed-core/10.1.46/tomcat-embed-core-10.1.46-sources.jar
2025-09-20 23:34:41,712 [Worker-8: Building] INFO  o.a.m.s.f.DefaultMavenResourcesFiltering - Copying 0 resource from src/main/resources to target/classes
2025-09-20 23:34:41,712 [Worker-8: Building] INFO  o.a.m.s.f.DefaultMavenResourcesFiltering - Copying 0 resource from src/main/resources to target/classes
2025-09-20 23:34:41,715 [Worker-8: Building] INFO  o.a.m.s.f.DefaultMavenResourcesFiltering - skip non existing resourceDirectory /home/subham/Desktop/Project/spring-docker-demoapp/app1/src/test/resources
2025-09-20 23:34:48,466 [Worker-6: Download sources and javadoc] INFO  o.e.m.c.i.e.AbstractTransferListenerAdapter - Downloaded https://repo.maven.apache.org/maven2/org/apache/tomcat/embed/tomcat-embed-core/10.1.46/tomcat-embed-core-10.1.46-sources.jar
2025-09-20 23:34:48,467 [Worker-6: Download sources and javadoc] INFO  o.e.m.j.internal.DownloadSourcesJob - Downloaded sources for org.apache.tomcat.embed:tomcat-embed-core:10.1.46
2025-09-20 23:34:53,563 [Worker-6: Download sources and javadoc] INFO  o.e.m.c.i.e.AbstractTransferListenerAdapter - Downloading https://repo.maven.apache.org/maven2/org/apache/tomcat/embed/tomcat-embed-el/10.1.46/tomcat-embed-el-10.1.46-sources.jar
2025-09-20 23:34:54,114 [Worker-6: Download sources and javadoc] INFO  o.e.m.c.i.e.AbstractTransferListenerAdapter - Downloaded https://repo.maven.apache.org/maven2/org/apache/tomcat/embed/tomcat-embed-el/10.1.46/tomcat-embed-el-10.1.46-sources.jar
2025-09-20 23:34:54,114 [Worker-6: Download sources and javadoc] INFO  o.e.m.j.internal.DownloadSourcesJob - Downloaded sources for org.apache.tomcat.embed:tomcat-embed-el:10.1.46
2025-09-20 23:34:54,702 [Worker-6: Download sources and javadoc] INFO  o.e.m.c.i.e.AbstractTransferListenerAdapter - Downloading https://repo.maven.apache.org/maven2/org/apache/tomcat/embed/tomcat-embed-websocket/10.1.46/tomcat-embed-websocket-10.1.46-sources.jar
2025-09-20 23:34:55,343 [Worker-6: Download sources and javadoc] INFO  o.e.m.c.i.e.AbstractTransferListenerAdapter - Downloaded https://repo.maven.apache.org/maven2/org/apache/tomcat/embed/tomcat-embed-websocket/10.1.46/tomcat-embed-websocket-10.1.46-sources.jar
2025-09-20 23:34:55,344 [Worker-6: Download sources and javadoc] INFO  o.e.m.j.internal.DownloadSourcesJob - Downloaded sources for org.apache.tomcat.embed:tomcat-embed-websocket:10.1.46
2025-09-20 23:34:55,910 [Worker-6: Download sources and javadoc] INFO  o.e.m.c.i.e.AbstractTransferListenerAdapter - Downloading https://repo.maven.apache.org/maven2/org/springframework/spring-web/6.2.11/spring-web-6.2.11-sources.jar
2025-09-20 23:34:57,850 [Worker-6: Download sources and javadoc] INFO  o.e.m.c.i.e.AbstractTransferListenerAdapter - Downloaded https://repo.maven.apache.org/maven2/org/springframework/spring-web/6.2.11/spring-web-6.2.11-sources.jar
2025-09-20 23:34:57,852 [Worker-6: Download sources and javadoc] INFO  o.e.m.j.internal.DownloadSourcesJob - Downloaded sources for org.springframework:spring-web:6.2.11
2025-09-20 23:34:58,308 [Worker-6: Download sources and javadoc] INFO  o.e.m.c.i.e.AbstractTransferListenerAdapter - Downloading https://repo.maven.apache.org/maven2/org/springframework/spring-beans/6.2.11/spring-beans-6.2.11-sources.jar
2025-09-20 23:35:00,093 [Worker-5: Building] INFO  o.e.m.c.i.l.LifecycleMappingFactory - Using org.eclipse.m2e.jdt.JarLifecycleMapping lifecycle mapping for MavenProject: com.subham:app2:0.0.1-SNAPSHOT @ /home/subham/Desktop/Project/spring-docker-demoapp/app2/pom.xml.
2025-09-20 23:35:00,247 [Worker-5: Building] INFO  o.a.m.s.f.DefaultMavenResourcesFiltering - Copying 1 resource from src/main/resources to target/classes
2025-09-20 23:35:00,260 [Worker-5: Building] INFO  o.a.m.s.f.DefaultMavenResourcesFiltering - Copying 0 resource from src/main/resources to target/classes
2025-09-20 23:35:00,265 [Worker-5: Building] INFO  o.a.m.s.f.DefaultMavenResourcesFiltering - skip non existing resourceDirectory /home/subham/Desktop/Project/spring-docker-demoapp/app2/src/test/resources
2025-09-20 23:35:00,577 [Worker-6: Download sources and javadoc] INFO  o.e.m.c.i.e.AbstractTransferListenerAdapter - Downloaded https://repo.maven.apache.org/maven2/org/springframework/spring-beans/6.2.11/spring-beans-6.2.11-sources.jar
2025-09-20 23:35:00,578 [Worker-6: Download sources and javadoc] INFO  o.e.m.j.internal.DownloadSourcesJob - Downloaded sources for org.springframework:spring-beans:6.2.11
2025-09-20 23:35:00,943 [Worker-6: Download sources and javadoc] INFO  o.e.m.c.i.e.AbstractTransferListenerAdapter - Downloading https://repo.maven.apache.org/maven2/io/micrometer/micrometer-observation/1.15.4/micrometer-observation-1.15.4-sources.jar
2025-09-20 23:35:01,154 [Worker-6: Download sources and javadoc] INFO  o.e.m.c.i.e.AbstractTransferListenerAdapter - Downloaded https://repo.maven.apache.org/maven2/io/micrometer/micrometer-observation/1.15.4/micrometer-observation-1.15.4-sources.jar
2025-09-20 23:35:01,154 [Worker-6: Download sources and javadoc] INFO  o.e.m.j.internal.DownloadSourcesJob - Downloaded sources for io.micrometer:micrometer-observation:1.15.4
2025-09-20 23:35:01,371 [Worker-4: Building] INFO  o.a.m.s.f.DefaultMavenResourcesFiltering - Copying 1 resource from src/main/resources to target/classes
2025-09-20 23:35:01,372 [Worker-4: Building] INFO  o.a.m.s.f.DefaultMavenResourcesFiltering - Copying 0 resource from src/main/resources to target/classes
2025-09-20 23:35:01,375 [Worker-4: Building] INFO  o.a.m.s.f.DefaultMavenResourcesFiltering - skip non existing resourceDirectory /home/subham/Desktop/Project/spring-docker-demoapp/app2/src/test/resources
2025-09-20 23:35:01,705 [Worker-6: Download sources and javadoc] INFO  o.e.m.c.i.e.AbstractTransferListenerAdapter - Downloading https://repo.maven.apache.org/maven2/io/micrometer/micrometer-commons/1.15.4/micrometer-commons-1.15.4-sources.jar
2025-09-20 23:35:01,970 [Worker-6: Download sources and javadoc] INFO  o.e.m.c.i.e.AbstractTransferListenerAdapter - Downloaded https://repo.maven.apache.org/maven2/io/micrometer/micrometer-commons/1.15.4/micrometer-commons-1.15.4-sources.jar
2025-09-20 23:35:01,971 [Worker-6: Download sources and javadoc] INFO  o.e.m.j.internal.DownloadSourcesJob - Downloaded sources for io.micrometer:micrometer-commons:1.15.4
2025-09-20 23:35:02,198 [Worker-6: Download sources and javadoc] INFO  o.e.m.c.i.e.AbstractTransferListenerAdapter - Downloading https://repo.maven.apache.org/maven2/org/springframework/spring-webmvc/6.2.11/spring-webmvc-6.2.11-sources.jar
2025-09-20 23:35:03,793 [Worker-6: Download sources and javadoc] INFO  o.e.m.c.i.e.AbstractTransferListenerAdapter - Downloaded https://repo.maven.apache.org/maven2/org/springframework/spring-webmvc/6.2.11/spring-webmvc-6.2.11-sources.jar
2025-09-20 23:35:03,794 [Worker-6: Download sources and javadoc] INFO  o.e.m.j.internal.DownloadSourcesJob - Downloaded sources for org.springframework:spring-webmvc:6.2.11
2025-09-20 23:35:04,048 [Worker-6: Download sources and javadoc] INFO  o.e.m.c.i.e.AbstractTransferListenerAdapter - Downloading https://repo.maven.apache.org/maven2/org/springframework/spring-aop/6.2.11/spring-aop-6.2.11-sources.jar
2025-09-20 23:35:04,607 [Worker-6: Download sources and javadoc] INFO  o.e.m.c.i.e.AbstractTransferListenerAdapter - Downloaded https://repo.maven.apache.org/maven2/org/springframework/spring-aop/6.2.11/spring-aop-6.2.11-sources.jar
2025-09-20 23:35:04,607 [Worker-6: Download sources and javadoc] INFO  o.e.m.j.internal.DownloadSourcesJob - Downloaded sources for org.springframework:spring-aop:6.2.11
2025-09-20 23:35:04,920 [Worker-6: Download sources and javadoc] INFO  o.e.m.c.i.e.AbstractTransferListenerAdapter - Downloading https://repo.maven.apache.org/maven2/org/springframework/spring-context/6.2.11/spring-context-6.2.11-sources.jar
2025-09-20 23:35:06,586 [Worker-6: Download sources and javadoc] INFO  o.e.m.c.i.e.AbstractTransferListenerAdapter - Downloaded https://repo.maven.apache.org/maven2/org/springframework/spring-context/6.2.11/spring-context-6.2.11-sources.jar
2025-09-20 23:35:06,587 [Worker-6: Download sources and javadoc] INFO  o.e.m.j.internal.DownloadSourcesJob - Downloaded sources for org.springframework:spring-context:6.2.11
2025-09-20 23:35:06,830 [Worker-6: Download sources and javadoc] INFO  o.e.m.c.i.e.AbstractTransferListenerAdapter - Downloading https://repo.maven.apache.org/maven2/org/springframework/spring-expression/6.2.11/spring-expression-6.2.11-sources.jar
2025-09-20 23:35:07,170 [Worker-6: Download sources and javadoc] INFO  o.e.m.c.i.e.AbstractTransferListenerAdapter - Downloaded https://repo.maven.apache.org/maven2/org/springframework/spring-expression/6.2.11/spring-expression-6.2.11-sources.jar
2025-09-20 23:35:07,171 [Worker-6: Download sources and javadoc] INFO  o.e.m.j.internal.DownloadSourcesJob - Downloaded sources for org.springframework:spring-expression:6.2.11
2025-09-20 23:35:07,463 [Worker-6: Download sources and javadoc] INFO  o.e.m.c.i.e.AbstractTransferListenerAdapter - Downloading https://repo.maven.apache.org/maven2/org/springframework/boot/spring-boot-starter-test/3.5.6/spring-boot-starter-test-3.5.6-sources.jar
2025-09-20 23:35:07,465 [Worker-6: Download sources and javadoc] INFO  o.e.m.c.i.e.AbstractTransferListenerAdapter - Downloaded https://repo.maven.apache.org/maven2/org/springframework/boot/spring-boot-starter-test/3.5.6/spring-boot-starter-test-3.5.6-sources.jar
2025-09-20 23:35:07,467 [Worker-6: Download sources and javadoc] INFO  o.e.m.j.internal.DownloadSourcesJob - Downloaded sources for org.springframework.boot:spring-boot-starter-test:3.5.6
2025-09-20 23:35:07,727 [Worker-6: Download sources and javadoc] INFO  o.e.m.c.i.e.AbstractTransferListenerAdapter - Downloading https://repo.maven.apache.org/maven2/org/springframework/boot/spring-boot-test/3.5.6/spring-boot-test-3.5.6-sources.jar
2025-09-20 23:35:07,988 [Worker-6: Download sources and javadoc] INFO  o.e.m.c.i.e.AbstractTransferListenerAdapter - Downloaded https://repo.maven.apache.org/maven2/org/springframework/boot/spring-boot-test/3.5.6/spring-boot-test-3.5.6-sources.jar
2025-09-20 23:35:07,989 [Worker-6: Download sources and javadoc] INFO  o.e.m.j.internal.DownloadSourcesJob - Downloaded sources for org.springframework.boot:spring-boot-test:3.5.6
2025-09-20 23:35:08,252 [Worker-6: Download sources and javadoc] INFO  o.e.m.c.i.e.AbstractTransferListenerAdapter - Downloading https://repo.maven.apache.org/maven2/org/springframework/boot/spring-boot-test-autoconfigure/3.5.6/spring-boot-test-autoconfigure-3.5.6-sources.jar
2025-09-20 23:35:08,779 [Worker-6: Download sources and javadoc] INFO  o.e.m.c.i.e.AbstractTransferListenerAdapter - Downloaded https://repo.maven.apache.org/maven2/org/springframework/boot/spring-boot-test-autoconfigure/3.5.6/spring-boot-test-autoconfigure-3.5.6-sources.jar
2025-09-20 23:35:08,779 [Worker-6: Download sources and javadoc] INFO  o.e.m.j.internal.DownloadSourcesJob - Downloaded sources for org.springframework.boot:spring-boot-test-autoconfigure:3.5.6
2025-09-20 23:35:09,036 [Worker-6: Download sources and javadoc] INFO  o.e.m.c.i.e.AbstractTransferListenerAdapter - Downloading https://repo.maven.apache.org/maven2/jakarta/activation/jakarta.activation-api/2.1.4/jakarta.activation-api-2.1.4-sources.jar
2025-09-20 23:35:09,182 [Worker-6: Download sources and javadoc] INFO  o.e.m.c.i.e.AbstractTransferListenerAdapter - Downloaded https://repo.maven.apache.org/maven2/jakarta/activation/jakarta.activation-api/2.1.4/jakarta.activation-api-2.1.4-sources.jar
2025-09-20 23:35:09,183 [Worker-6: Download sources and javadoc] INFO  o.e.m.j.internal.DownloadSourcesJob - Downloaded sources for jakarta.activation:jakarta.activation-api:2.1.4
2025-09-20 23:35:09,532 [Worker-6: Download sources and javadoc] INFO  o.e.m.c.i.e.AbstractTransferListenerAdapter - Downloading https://repo.maven.apache.org/maven2/org/assertj/assertj-core/3.27.4/assertj-core-3.27.4-sources.jar
2025-09-20 23:35:12,215 [Worker-6: Download sources and javadoc] INFO  o.e.m.c.i.e.AbstractTransferListenerAdapter - Downloaded https://repo.maven.apache.org/maven2/org/assertj/assertj-core/3.27.4/assertj-core-3.27.4-sources.jar
2025-09-20 23:35:12,217 [Worker-6: Download sources and javadoc] INFO  o.e.m.j.internal.DownloadSourcesJob - Downloaded sources for org.assertj:assertj-core:3.27.4
2025-09-20 23:35:12,462 [Worker-6: Download sources and javadoc] INFO  o.e.m.c.i.e.AbstractTransferListenerAdapter - Downloading https://repo.maven.apache.org/maven2/net/bytebuddy/byte-buddy/1.17.7/byte-buddy-1.17.7-sources.jar
2025-09-20 23:35:16,114 [Worker-6: Download sources and javadoc] INFO  o.e.m.c.i.e.AbstractTransferListenerAdapter - Downloaded https://repo.maven.apache.org/maven2/net/bytebuddy/byte-buddy/1.17.7/byte-buddy-1.17.7-sources.jar
2025-09-20 23:35:16,115 [Worker-6: Download sources and javadoc] INFO  o.e.m.j.internal.DownloadSourcesJob - Downloaded sources for net.bytebuddy:byte-buddy:1.17.7
2025-09-20 23:35:16,345 [Worker-6: Download sources and javadoc] INFO  o.e.m.c.i.e.AbstractTransferListenerAdapter - Downloading https://repo.maven.apache.org/maven2/net/bytebuddy/byte-buddy-agent/1.17.7/byte-buddy-agent-1.17.7-sources.jar
2025-09-20 23:35:17,184 [Worker-6: Download sources and javadoc] INFO  o.e.m.c.i.e.AbstractTransferListenerAdapter - Downloaded https://repo.maven.apache.org/maven2/net/bytebuddy/byte-buddy-agent/1.17.7/byte-buddy-agent-1.17.7-sources.jar
2025-09-20 23:35:17,185 [Worker-6: Download sources and javadoc] INFO  o.e.m.j.internal.DownloadSourcesJob - Downloaded sources for net.bytebuddy:byte-buddy-agent:1.17.7
2025-09-20 23:35:17,513 [Worker-6: Download sources and javadoc] INFO  o.e.m.c.i.e.AbstractTransferListenerAdapter - Downloading https://repo.maven.apache.org/maven2/org/springframework/spring-core/6.2.11/spring-core-6.2.11-sources.jar
2025-09-20 23:35:19,393 [Worker-6: Download sources and javadoc] INFO  o.e.m.c.i.e.AbstractTransferListenerAdapter - Downloaded https://repo.maven.apache.org/maven2/org/springframework/spring-core/6.2.11/spring-core-6.2.11-sources.jar
2025-09-20 23:35:19,395 [Worker-6: Download sources and javadoc] INFO  o.e.m.j.internal.DownloadSourcesJob - Downloaded sources for org.springframework:spring-core:6.2.11
2025-09-20 23:35:19,658 [Worker-6: Download sources and javadoc] INFO  o.e.m.c.i.e.AbstractTransferListenerAdapter - Downloading https://repo.maven.apache.org/maven2/org/springframework/spring-jcl/6.2.11/spring-jcl-6.2.11-sources.jar
2025-09-20 23:35:19,717 [Worker-6: Download sources and javadoc] INFO  o.e.m.c.i.e.AbstractTransferListenerAdapter - Downloaded https://repo.maven.apache.org/maven2/org/springframework/spring-jcl/6.2.11/spring-jcl-6.2.11-sources.jar
2025-09-20 23:35:19,719 [Worker-6: Download sources and javadoc] INFO  o.e.m.j.internal.DownloadSourcesJob - Downloaded sources for org.springframework:spring-jcl:6.2.11
2025-09-20 23:35:20,188 [Worker-6: Download sources and javadoc] INFO  o.e.m.c.i.e.AbstractTransferListenerAdapter - Downloading https://repo.maven.apache.org/maven2/org/springframework/spring-test/6.2.11/spring-test-6.2.11-sources.jar
2025-09-20 23:35:21,712 [Worker-6: Download sources and javadoc] INFO  o.e.m.c.i.e.AbstractTransferListenerAdapter - Downloaded https://repo.maven.apache.org/maven2/org/springframework/spring-test/6.2.11/spring-test-6.2.11-sources.jar
2025-09-20 23:35:21,714 [Worker-6: Download sources and javadoc] INFO  o.e.m.j.internal.DownloadSourcesJob - Downloaded sources for org.springframework:spring-test:6.2.11
2025-09-20 23:35:22,475 [Worker-6: Download sources and javadoc] INFO  o.e.m.c.i.e.AbstractTransferListenerAdapter - Downloading https://repo.maven.apache.org/maven2/org/xmlunit/xmlunit-core/2.10.4/xmlunit-core-2.10.4-sources.jar
2025-09-20 23:35:22,825 [Worker-6: Download sources and javadoc] INFO  o.e.m.c.i.e.AbstractTransferListenerAdapter - Downloaded https://repo.maven.apache.org/maven2/org/xmlunit/xmlunit-core/2.10.4/xmlunit-core-2.10.4-sources.jar
2025-09-20 23:35:22,827 [Worker-6: Download sources and javadoc] INFO  o.e.m.j.internal.DownloadSourcesJob - Downloaded sources for org.xmlunit:xmlunit-core:2.10.4
2025-09-20 23:35:22,829 [Worker-6: Download sources and javadoc] INFO  o.e.m.j.internal.DownloadSourcesJob - Downloaded sources for org.springframework.boot:spring-boot:3.5.6
2025-09-20 23:35:22,829 [Worker-6: Download sources and javadoc] WARN  o.e.m.j.internal.DownloadSourcesJob - IPackageFragmentRoot is missing, skipping javadoc/source attachment for project P/app1-1
2025-09-20 23:35:22,831 [Worker-6: Download sources and javadoc] INFO  o.e.m.j.internal.DownloadSourcesJob - Downloaded sources for org.springframework.boot:spring-boot-autoconfigure:3.5.6
2025-09-20 23:35:22,832 [Worker-6: Download sources and javadoc] WARN  o.e.m.j.internal.DownloadSourcesJob - IPackageFragmentRoot is missing, skipping javadoc/source attachment for project P/app1-1
2025-09-20 23:35:22,834 [Worker-6: Download sources and javadoc] INFO  o.e.m.j.internal.DownloadSourcesJob - Downloaded sources for org.springframework.boot:spring-boot-starter-logging:3.5.6
2025-09-20 23:35:22,834 [Worker-6: Download sources and javadoc] WARN  o.e.m.j.internal.DownloadSourcesJob - IPackageFragmentRoot is missing, skipping javadoc/source attachment for project P/app1-1
2025-09-20 23:35:22,836 [Worker-6: Download sources and javadoc] INFO  o.e.m.j.internal.DownloadSourcesJob - Downloaded sources for org.springframework.boot:spring-boot-starter-json:3.5.6
2025-09-20 23:35:22,836 [Worker-6: Download sources and javadoc] WARN  o.e.m.j.internal.DownloadSourcesJob - IPackageFragmentRoot is missing, skipping javadoc/source attachment for project P/app1-1
2025-09-20 23:35:22,838 [Worker-6: Download sources and javadoc] INFO  o.e.m.j.internal.DownloadSourcesJob - Downloaded sources for org.springframework.boot:spring-boot-starter-tomcat:3.5.6
2025-09-20 23:35:22,838 [Worker-6: Download sources and javadoc] WARN  o.e.m.j.internal.DownloadSourcesJob - IPackageFragmentRoot is missing, skipping javadoc/source attachment for project P/app1-1
2025-09-20 23:35:22,839 [Worker-6: Download sources and javadoc] INFO  o.e.m.j.internal.DownloadSourcesJob - Downloaded sources for org.apache.tomcat.embed:tomcat-embed-core:10.1.46
2025-09-20 23:35:22,839 [Worker-6: Download sources and javadoc] WARN  o.e.m.j.internal.DownloadSourcesJob - IPackageFragmentRoot is missing, skipping javadoc/source attachment for project P/app1-1
2025-09-20 23:35:22,840 [Worker-6: Download sources and javadoc] INFO  o.e.m.j.internal.DownloadSourcesJob - Downloaded sources for org.apache.tomcat.embed:tomcat-embed-el:10.1.46
2025-09-20 23:35:22,840 [Worker-6: Download sources and javadoc] WARN  o.e.m.j.internal.DownloadSourcesJob - IPackageFragmentRoot is missing, skipping javadoc/source attachment for project P/app1-1
2025-09-20 23:35:22,842 [Worker-6: Download sources and javadoc] INFO  o.e.m.j.internal.DownloadSourcesJob - Downloaded sources for org.apache.tomcat.embed:tomcat-embed-websocket:10.1.46
2025-09-20 23:35:22,842 [Worker-6: Download sources and javadoc] WARN  o.e.m.j.internal.DownloadSourcesJob - IPackageFragmentRoot is missing, skipping javadoc/source attachment for project P/app1-1
2025-09-20 23:35:22,843 [Worker-6: Download sources and javadoc] INFO  o.e.m.j.internal.DownloadSourcesJob - Downloaded sources for org.springframework:spring-web:6.2.11
2025-09-20 23:35:22,843 [Worker-6: Download sources and javadoc] WARN  o.e.m.j.internal.DownloadSourcesJob - IPackageFragmentRoot is missing, skipping javadoc/source attachment for project P/app1-1
2025-09-20 23:35:22,844 [Worker-6: Download sources and javadoc] INFO  o.e.m.j.internal.DownloadSourcesJob - Downloaded sources for org.springframework:spring-beans:6.2.11
2025-09-20 23:35:22,844 [Worker-6: Download sources and javadoc] WARN  o.e.m.j.internal.DownloadSourcesJob - IPackageFragmentRoot is missing, skipping javadoc/source attachment for project P/app1-1
2025-09-20 23:35:22,844 [Worker-6: Download sources and javadoc] INFO  o.e.m.j.internal.DownloadSourcesJob - Downloaded sources for io.micrometer:micrometer-observation:1.15.4
2025-09-20 23:35:22,844 [Worker-6: Download sources and javadoc] WARN  o.e.m.j.internal.DownloadSourcesJob - IPackageFragmentRoot is missing, skipping javadoc/source attachment for project P/app1-1
2025-09-20 23:35:22,845 [Worker-6: Download sources and javadoc] INFO  o.e.m.j.internal.DownloadSourcesJob - Downloaded sources for io.micrometer:micrometer-commons:1.15.4
2025-09-20 23:35:22,845 [Worker-6: Download sources and javadoc] WARN  o.e.m.j.internal.DownloadSourcesJob - IPackageFragmentRoot is missing, skipping javadoc/source attachment for project P/app1-1
2025-09-20 23:35:22,846 [Worker-6: Download sources and javadoc] INFO  o.e.m.j.internal.DownloadSourcesJob - Downloaded sources for org.springframework:spring-webmvc:6.2.11
2025-09-20 23:35:22,846 [Worker-6: Download sources and javadoc] WARN  o.e.m.j.internal.DownloadSourcesJob - IPackageFragmentRoot is missing, skipping javadoc/source attachment for project P/app1-1
2025-09-20 23:35:22,846 [Worker-6: Download sources and javadoc] INFO  o.e.m.j.internal.DownloadSourcesJob - Downloaded sources for org.springframework:spring-aop:6.2.11
2025-09-20 23:35:22,846 [Worker-6: Download sources and javadoc] WARN  o.e.m.j.internal.DownloadSourcesJob - IPackageFragmentRoot is missing, skipping javadoc/source attachment for project P/app1-1
2025-09-20 23:35:22,847 [Worker-6: Download sources and javadoc] INFO  o.e.m.j.internal.DownloadSourcesJob - Downloaded sources for org.springframework:spring-context:6.2.11
2025-09-20 23:35:22,847 [Worker-6: Download sources and javadoc] WARN  o.e.m.j.internal.DownloadSourcesJob - IPackageFragmentRoot is missing, skipping javadoc/source attachment for project P/app1-1
2025-09-20 23:35:22,848 [Worker-6: Download sources and javadoc] INFO  o.e.m.j.internal.DownloadSourcesJob - Downloaded sources for org.springframework:spring-expression:6.2.11
2025-09-20 23:35:22,848 [Worker-6: Download sources and javadoc] WARN  o.e.m.j.internal.DownloadSourcesJob - IPackageFragmentRoot is missing, skipping javadoc/source attachment for project P/app1-1
2025-09-20 23:35:22,848 [Worker-6: Download sources and javadoc] INFO  o.e.m.j.internal.DownloadSourcesJob - Downloaded sources for org.springframework.boot:spring-boot-starter-test:3.5.6
2025-09-20 23:35:22,848 [Worker-6: Download sources and javadoc] WARN  o.e.m.j.internal.DownloadSourcesJob - IPackageFragmentRoot is missing, skipping javadoc/source attachment for project P/app1-1
2025-09-20 23:35:22,849 [Worker-6: Download sources and javadoc] INFO  o.e.m.j.internal.DownloadSourcesJob - Downloaded sources for org.springframework.boot:spring-boot-test:3.5.6
2025-09-20 23:35:22,849 [Worker-6: Download sources and javadoc] WARN  o.e.m.j.internal.DownloadSourcesJob - IPackageFragmentRoot is missing, skipping javadoc/source attachment for project P/app1-1
2025-09-20 23:35:22,849 [Worker-6: Download sources and javadoc] INFO  o.e.m.j.internal.DownloadSourcesJob - Downloaded sources for org.springframework.boot:spring-boot-test-autoconfigure:3.5.6
2025-09-20 23:35:22,849 [Worker-6: Download sources and javadoc] WARN  o.e.m.j.internal.DownloadSourcesJob - IPackageFragmentRoot is missing, skipping javadoc/source attachment for project P/app1-1
2025-09-20 23:35:22,850 [Worker-6: Download sources and javadoc] INFO  o.e.m.j.internal.DownloadSourcesJob - Downloaded sources for jakarta.activation:jakarta.activation-api:2.1.4
2025-09-20 23:35:22,850 [Worker-6: Download sources and javadoc] WARN  o.e.m.j.internal.DownloadSourcesJob - IPackageFragmentRoot is missing, skipping javadoc/source attachment for project P/app1-1
2025-09-20 23:35:22,850 [Worker-6: Download sources and javadoc] INFO  o.e.m.j.internal.DownloadSourcesJob - Downloaded sources for org.assertj:assertj-core:3.27.4
2025-09-20 23:35:22,850 [Worker-6: Download sources and javadoc] WARN  o.e.m.j.internal.DownloadSourcesJob - IPackageFragmentRoot is missing, skipping javadoc/source attachment for project P/app1-1
2025-09-20 23:35:22,851 [Worker-6: Download sources and javadoc] INFO  o.e.m.j.internal.DownloadSourcesJob - Downloaded sources for net.bytebuddy:byte-buddy:1.17.7
2025-09-20 23:35:22,851 [Worker-6: Download sources and javadoc] WARN  o.e.m.j.internal.DownloadSourcesJob - IPackageFragmentRoot is missing, skipping javadoc/source attachment for project P/app1-1
2025-09-20 23:35:22,852 [Worker-6: Download sources and javadoc] INFO  o.e.m.j.internal.DownloadSourcesJob - Downloaded sources for net.bytebuddy:byte-buddy-agent:1.17.7
2025-09-20 23:35:22,852 [Worker-6: Download sources and javadoc] WARN  o.e.m.j.internal.DownloadSourcesJob - IPackageFragmentRoot is missing, skipping javadoc/source attachment for project P/app1-1
2025-09-20 23:35:22,853 [Worker-6: Download sources and javadoc] INFO  o.e.m.j.internal.DownloadSourcesJob - Downloaded sources for org.springframework:spring-core:6.2.11
2025-09-20 23:35:22,853 [Worker-6: Download sources and javadoc] WARN  o.e.m.j.internal.DownloadSourcesJob - IPackageFragmentRoot is missing, skipping javadoc/source attachment for project P/app1-1
2025-09-20 23:35:22,854 [Worker-6: Download sources and javadoc] INFO  o.e.m.j.internal.DownloadSourcesJob - Downloaded sources for org.springframework:spring-jcl:6.2.11
2025-09-20 23:35:22,854 [Worker-6: Download sources and javadoc] WARN  o.e.m.j.internal.DownloadSourcesJob - IPackageFragmentRoot is missing, skipping javadoc/source attachment for project P/app1-1
2025-09-20 23:35:22,854 [Worker-6: Download sources and javadoc] INFO  o.e.m.j.internal.DownloadSourcesJob - Downloaded sources for org.springframework:spring-test:6.2.11
2025-09-20 23:35:22,854 [Worker-6: Download sources and javadoc] WARN  o.e.m.j.internal.DownloadSourcesJob - IPackageFragmentRoot is missing, skipping javadoc/source attachment for project P/app1-1
2025-09-20 23:35:22,855 [Worker-6: Download sources and javadoc] INFO  o.e.m.j.internal.DownloadSourcesJob - Downloaded sources for org.xmlunit:xmlunit-core:2.10.4
2025-09-20 23:35:22,855 [Worker-6: Download sources and javadoc] WARN  o.e.m.j.internal.DownloadSourcesJob - IPackageFragmentRoot is missing, skipping javadoc/source attachment for project P/app1-1
2025-09-20 23:35:22,856 [Worker-6: Download sources and javadoc] INFO  o.e.m.j.internal.DownloadSourcesJob - Downloaded sources for org.springframework:spring-beans:6.2.11
2025-09-20 23:35:22,856 [Worker-6: Download sources and javadoc] INFO  o.e.m.j.internal.DownloadSourcesJob - Downloaded sources for io.micrometer:micrometer-observation:1.15.4
2025-09-20 23:35:22,857 [Worker-6: Download sources and javadoc] INFO  o.e.m.j.internal.DownloadSourcesJob - Downloaded sources for io.micrometer:micrometer-commons:1.15.4
2025-09-20 23:35:22,858 [Worker-6: Download sources and javadoc] INFO  o.e.m.j.internal.DownloadSourcesJob - Downloaded sources for org.springframework:spring-webmvc:6.2.11
2025-09-20 23:35:22,858 [Worker-6: Download sources and javadoc] INFO  o.e.m.j.internal.DownloadSourcesJob - Downloaded sources for org.springframework:spring-aop:6.2.11
2025-09-20 23:35:22,859 [Worker-6: Download sources and javadoc] INFO  o.e.m.j.internal.DownloadSourcesJob - Downloaded sources for org.springframework:spring-context:6.2.11
2025-09-20 23:35:22,859 [Worker-6: Download sources and javadoc] INFO  o.e.m.j.internal.DownloadSourcesJob - Downloaded sources for org.springframework:spring-expression:6.2.11
2025-09-20 23:35:22,860 [Worker-6: Download sources and javadoc] INFO  o.e.m.j.internal.DownloadSourcesJob - Downloaded sources for org.springframework.boot:spring-boot-starter-test:3.5.6
2025-09-20 23:35:22,860 [Worker-6: Download sources and javadoc] INFO  o.e.m.j.internal.DownloadSourcesJob - Downloaded sources for org.springframework.boot:spring-boot-test:3.5.6
2025-09-20 23:35:22,861 [Worker-6: Download sources and javadoc] INFO  o.e.m.j.internal.DownloadSourcesJob - Downloaded sources for org.springframework.boot:spring-boot-test-autoconfigure:3.5.6
2025-09-20 23:35:22,862 [Worker-6: Download sources and javadoc] INFO  o.e.m.j.internal.DownloadSourcesJob - Downloaded sources for jakarta.activation:jakarta.activation-api:2.1.4
2025-09-20 23:35:22,862 [Worker-6: Download sources and javadoc] INFO  o.e.m.j.internal.DownloadSourcesJob - Downloaded sources for org.assertj:assertj-core:3.27.4
2025-09-20 23:35:22,863 [Worker-6: Download sources and javadoc] INFO  o.e.m.j.internal.DownloadSourcesJob - Downloaded sources for net.bytebuddy:byte-buddy:1.17.7
2025-09-20 23:35:22,863 [Worker-6: Download sources and javadoc] INFO  o.e.m.j.internal.DownloadSourcesJob - Downloaded sources for net.bytebuddy:byte-buddy-agent:1.17.7
2025-09-20 23:35:22,864 [Worker-6: Download sources and javadoc] INFO  o.e.m.j.internal.DownloadSourcesJob - Downloaded sources for org.springframework:spring-core:6.2.11
2025-09-20 23:35:22,864 [Worker-6: Download sources and javadoc] INFO  o.e.m.j.internal.DownloadSourcesJob - Downloaded sources for org.springframework:spring-jcl:6.2.11
2025-09-20 23:35:22,865 [Worker-6: Download sources and javadoc] INFO  o.e.m.j.internal.DownloadSourcesJob - Downloaded sources for org.springframework:spring-test:6.2.11
2025-09-20 23:35:22,865 [Worker-6: Download sources and javadoc] INFO  o.e.m.j.internal.DownloadSourcesJob - Downloaded sources for org.xmlunit:xmlunit-core:2.10.4
2025-09-20 23:35:47,069 [Worker-6: Building] INFO  o.a.m.s.f.DefaultMavenResourcesFiltering - Copying 1 resource from src/main/resources to target/classes
2025-09-20 23:35:47,072 [Worker-6: Building] INFO  o.a.m.s.f.DefaultMavenResourcesFiltering - Copying 0 resource from src/main/resources to target/classes
2025-09-20 23:35:47,074 [Worker-6: Building] INFO  o.a.m.s.f.DefaultMavenResourcesFiltering - skip non existing resourceDirectory /home/subham/Desktop/Project/spring-docker-demoapp/app2/src/test/resources
2025-09-20 23:36:08,875 [Worker-5: Building] INFO  o.a.m.s.f.DefaultMavenResourcesFiltering - Copying 1 resource from src/main/resources to target/classes
2025-09-20 23:36:08,878 [Worker-5: Building] INFO  o.a.m.s.f.DefaultMavenResourcesFiltering - Copying 0 resource from src/main/resources to target/classes
2025-09-20 23:36:08,880 [Worker-5: Building] INFO  o.a.m.s.f.DefaultMavenResourcesFiltering - skip non existing resourceDirectory /home/subham/Desktop/Project/spring-docker-demoapp/app1/src/test/resources
2025-09-20 23:36:45,570 [Worker-7: Building] INFO  o.a.m.s.f.DefaultMavenResourcesFiltering - Copying 1 resource from src/main/resources to target/classes
2025-09-20 23:36:45,572 [Worker-7: Building] INFO  o.a.m.s.f.DefaultMavenResourcesFiltering - Copying 0 resource from src/main/resources to target/classes
2025-09-20 23:36:45,573 [Worker-7: Building] INFO  o.a.m.s.f.DefaultMavenResourcesFiltering - skip non existing resourceDirectory /home/subham/Desktop/Project/spring-docker-demoapp/app1/src/test/resources
2025-09-20 23:37:10,754 [Worker-2: Building] INFO  o.a.m.s.f.DefaultMavenResourcesFiltering - Copying 1 resource from src/main/resources to target/classes
2025-09-20 23:37:10,757 [Worker-2: Building] INFO  o.a.m.s.f.DefaultMavenResourcesFiltering - Copying 0 resource from src/main/resources to target/classes
2025-09-20 23:37:10,759 [Worker-2: Building] INFO  o.a.m.s.f.DefaultMavenResourcesFiltering - skip non existing resourceDirectory /home/subham/Desktop/Project/spring-docker-demoapp/app1/src/test/resources
2025-09-20 23:37:31,260 [Worker-1: Building] INFO  o.a.m.s.f.DefaultMavenResourcesFiltering - Copying 1 resource from src/main/resources to target/classes
2025-09-20 23:37:31,264 [Worker-1: Building] INFO  o.a.m.s.f.DefaultMavenResourcesFiltering - Copying 0 resource from src/main/resources to target/classes
2025-09-20 23:37:31,268 [Worker-1: Building] INFO  o.a.m.s.f.DefaultMavenResourcesFiltering - skip non existing resourceDirectory /home/subham/Desktop/Project/spring-docker-demoapp/app1/src/test/resources
2025-09-20 23:37:41,615 [Worker-1: Building] INFO  o.a.m.s.f.DefaultMavenResourcesFiltering - Copying 1 resource from src/main/resources to target/classes
2025-09-20 23:37:41,620 [Worker-1: Building] INFO  o.a.m.s.f.DefaultMavenResourcesFiltering - Copying 0 resource from src/main/resources to target/classes
2025-09-20 23:37:41,623 [Worker-1: Building] INFO  o.a.m.s.f.DefaultMavenResourcesFiltering - skip non existing resourceDirectory /home/subham/Desktop/Project/spring-docker-demoapp/app2/src/test/resources
2025-09-20 23:38:06,336 [Worker-2: Building] INFO  o.a.m.s.f.DefaultMavenResourcesFiltering - Copying 0 resource from src/main/resources to target/classes
2025-09-20 23:38:06,336 [Worker-2: Building] INFO  o.a.m.s.f.DefaultMavenResourcesFiltering - Copying 0 resource from src/main/resources to target/classes
2025-09-20 23:38:06,337 [Worker-2: Building] INFO  o.a.m.s.f.DefaultMavenResourcesFiltering - skip non existing resourceDirectory /home/subham/Desktop/Project/spring-docker-demoapp/app2/src/test/resources
2025-09-20 23:38:15,374 [Worker-7: Building] INFO  o.a.m.s.f.DefaultMavenResourcesFiltering - Copying 0 resource from src/main/resources to target/classes
2025-09-20 23:38:15,374 [Worker-7: Building] INFO  o.a.m.s.f.DefaultMavenResourcesFiltering - Copying 0 resource from src/main/resources to target/classes
2025-09-20 23:38:15,376 [Worker-7: Building] INFO  o.a.m.s.f.DefaultMavenResourcesFiltering - skip non existing resourceDirectory /home/subham/Desktop/Project/spring-docker-demoapp/app1/src/test/resources
2025-09-20 23:38:23,022 [Worker-4: Building] INFO  o.a.m.s.f.DefaultMavenResourcesFiltering - Copying 0 resource from src/main/resources to target/classes
2025-09-20 23:38:23,023 [Worker-4: Building] INFO  o.a.m.s.f.DefaultMavenResourcesFiltering - Copying 0 resource from src/main/resources to target/classes
2025-09-20 23:38:23,024 [Worker-4: Building] INFO  o.a.m.s.f.DefaultMavenResourcesFiltering - skip non existing resourceDirectory /home/subham/Desktop/Project/spring-docker-demoapp/app1/src/test/resources
2025-09-20 23:38:31,583 [Worker-0: Building] INFO  o.a.m.s.f.DefaultMavenResourcesFiltering - Copying 0 resource from src/main/resources to target/classes
2025-09-20 23:38:31,584 [Worker-0: Building] INFO  o.a.m.s.f.DefaultMavenResourcesFiltering - Copying 0 resource from src/main/resources to target/classes
2025-09-20 23:38:31,587 [Worker-0: Building] INFO  o.a.m.s.f.DefaultMavenResourcesFiltering - skip non existing resourceDirectory /home/subham/Desktop/Project/spring-docker-demoapp/app2/src/test/resources
2025-09-20 23:43:01,043 [Worker-10: Building] INFO  o.a.m.s.f.DefaultMavenResourcesFiltering - Copying 1 resource from src/main/resources to target/classes
2025-09-20 23:43:01,046 [Worker-10: Building] INFO  o.a.m.s.f.DefaultMavenResourcesFiltering - Copying 0 resource from src/main/resources to target/classes
2025-09-20 23:43:01,048 [Worker-10: Building] INFO  o.a.m.s.f.DefaultMavenResourcesFiltering - skip non existing resourceDirectory /home/subham/Desktop/Project/spring-docker-demoapp/app1/src/test/resources
2025-09-20 23:43:07,032 [Worker-12: Building] INFO  o.a.m.s.f.DefaultMavenResourcesFiltering - Copying 1 resource from src/main/resources to target/classes
2025-09-20 23:43:07,035 [Worker-12: Building] INFO  o.a.m.s.f.DefaultMavenResourcesFiltering - Copying 0 resource from src/main/resources to target/classes
2025-09-20 23:43:07,038 [Worker-12: Building] INFO  o.a.m.s.f.DefaultMavenResourcesFiltering - skip non existing resourceDirectory /home/subham/Desktop/Project/spring-docker-demoapp/app2/src/test/resources
2025-09-20 23:43:27,628 [Worker-1: Launching Executing clean in _home_subham_Desktop_Project_spring-docker-demoapp_app1] INFO  o.eclipse.m2e.core.internal.Bundles - getClasspathEntries(Bundle=org.eclipse.m2e.maven.runtime_3.9.900.20250220-2013 [361])
2025-09-20 23:43:27,628 [Worker-1: Launching Executing clean in _home_subham_Desktop_Project_spring-docker-demoapp_app1] INFO  o.eclipse.m2e.core.internal.Bundles - 	Entry: /home/subham/Downloads/spring-tools-for-eclipse-4.31.0.RELEASE-e4.36.0-linux.gtk.x86_64/sts-4.31.0.RELEASE/plugins/org.eclipse.m2e.maven.runtime_3.9.900.20250220-2013
2025-09-20 23:43:27,628 [Worker-1: Launching Executing clean in _home_subham_Desktop_Project_spring-docker-demoapp_app1] INFO  o.eclipse.m2e.core.internal.Bundles - 	Entry: /home/subham/Downloads/spring-tools-for-eclipse-4.31.0.RELEASE-e4.36.0-linux.gtk.x86_64/sts-4.31.0.RELEASE/plugins/org.eclipse.m2e.maven.runtime_3.9.900.20250220-2013/jars/aopalliance-1.0.jar
2025-09-20 23:43:27,628 [Worker-1: Launching Executing clean in _home_subham_Desktop_Project_spring-docker-demoapp_app1] INFO  o.eclipse.m2e.core.internal.Bundles - 	Entry: /home/subham/Downloads/spring-tools-for-eclipse-4.31.0.RELEASE-e4.36.0-linux.gtk.x86_64/sts-4.31.0.RELEASE/plugins/org.eclipse.m2e.maven.runtime_3.9.900.20250220-2013/jars/guice-5.1.0.jar
2025-09-20 23:43:27,628 [Worker-1: Launching Executing clean in _home_subham_Desktop_Project_spring-docker-demoapp_app1] INFO  o.eclipse.m2e.core.internal.Bundles - 	Entry: /home/subham/Downloads/spring-tools-for-eclipse-4.31.0.RELEASE-e4.36.0-linux.gtk.x86_64/sts-4.31.0.RELEASE/plugins/org.eclipse.m2e.maven.runtime_3.9.900.20250220-2013/jars/httpclient-4.5.14.jar
2025-09-20 23:43:27,628 [Worker-1: Launching Executing clean in _home_subham_Desktop_Project_spring-docker-demoapp_app1] INFO  o.eclipse.m2e.core.internal.Bundles - 	Entry: /home/subham/Downloads/spring-tools-for-eclipse-4.31.0.RELEASE-e4.36.0-linux.gtk.x86_64/sts-4.31.0.RELEASE/plugins/org.eclipse.m2e.maven.runtime_3.9.900.20250220-2013/jars/httpcore-4.4.16.jar
2025-09-20 23:43:27,628 [Worker-1: Launching Executing clean in _home_subham_Desktop_Project_spring-docker-demoapp_app1] INFO  o.eclipse.m2e.core.internal.Bundles - 	Entry: /home/subham/Downloads/spring-tools-for-eclipse-4.31.0.RELEASE-e4.36.0-linux.gtk.x86_64/sts-4.31.0.RELEASE/plugins/org.eclipse.m2e.maven.runtime_3.9.900.20250220-2013/jars/jansi-2.4.1.jar
2025-09-20 23:43:27,628 [Worker-1: Launching Executing clean in _home_subham_Desktop_Project_spring-docker-demoapp_app1] INFO  o.eclipse.m2e.core.internal.Bundles - 	Entry: /home/subham/Downloads/spring-tools-for-eclipse-4.31.0.RELEASE-e4.36.0-linux.gtk.x86_64/sts-4.31.0.RELEASE/plugins/org.eclipse.m2e.maven.runtime_3.9.900.20250220-2013/jars/jcl-over-slf4j-1.7.36.jar
2025-09-20 23:43:27,628 [Worker-1: Launching Executing clean in _home_subham_Desktop_Project_spring-docker-demoapp_app1] INFO  o.eclipse.m2e.core.internal.Bundles - 	Entry: /home/subham/Downloads/spring-tools-for-eclipse-4.31.0.RELEASE-e4.36.0-linux.gtk.x86_64/sts-4.31.0.RELEASE/plugins/org.eclipse.m2e.maven.runtime_3.9.900.20250220-2013/jars/maven-artifact-3.9.9.jar
2025-09-20 23:43:27,628 [Worker-1: Launching Executing clean in _home_subham_Desktop_Project_spring-docker-demoapp_app1] INFO  o.eclipse.m2e.core.internal.Bundles - 	Entry: /home/subham/Downloads/spring-tools-for-eclipse-4.31.0.RELEASE-e4.36.0-linux.gtk.x86_64/sts-4.31.0.RELEASE/plugins/org.eclipse.m2e.maven.runtime_3.9.900.20250220-2013/jars/maven-builder-support-3.9.9.jar
2025-09-20 23:43:27,629 [Worker-1: Launching Executing clean in _home_subham_Desktop_Project_spring-docker-demoapp_app1] INFO  o.eclipse.m2e.core.internal.Bundles - 	Entry: /home/subham/Downloads/spring-tools-for-eclipse-4.31.0.RELEASE-e4.36.0-linux.gtk.x86_64/sts-4.31.0.RELEASE/plugins/org.eclipse.m2e.maven.runtime_3.9.900.20250220-2013/jars/maven-compat-3.9.9.jar
2025-09-20 23:43:27,629 [Worker-1: Launching Executing clean in _home_subham_Desktop_Project_spring-docker-demoapp_app1] INFO  o.eclipse.m2e.core.internal.Bundles - 	Entry: /home/subham/Downloads/spring-tools-for-eclipse-4.31.0.RELEASE-e4.36.0-linux.gtk.x86_64/sts-4.31.0.RELEASE/plugins/org.eclipse.m2e.maven.runtime_3.9.900.20250220-2013/jars/maven-core-3.9.9.jar
2025-09-20 23:43:27,629 [Worker-1: Launching Executing clean in _home_subham_Desktop_Project_spring-docker-demoapp_app1] INFO  o.eclipse.m2e.core.internal.Bundles - 	Entry: /home/subham/Downloads/spring-tools-for-eclipse-4.31.0.RELEASE-e4.36.0-linux.gtk.x86_64/sts-4.31.0.RELEASE/plugins/org.eclipse.m2e.maven.runtime_3.9.900.20250220-2013/jars/maven-embedder-3.9.9.jar
2025-09-20 23:43:27,629 [Worker-1: Launching Executing clean in _home_subham_Desktop_Project_spring-docker-demoapp_app1] INFO  o.eclipse.m2e.core.internal.Bundles - 	Entry: /home/subham/Downloads/spring-tools-for-eclipse-4.31.0.RELEASE-e4.36.0-linux.gtk.x86_64/sts-4.31.0.RELEASE/plugins/org.eclipse.m2e.maven.runtime_3.9.900.20250220-2013/jars/maven-model-3.9.9.jar
2025-09-20 23:43:27,629 [Worker-1: Launching Executing clean in _home_subham_Desktop_Project_spring-docker-demoapp_app1] INFO  o.eclipse.m2e.core.internal.Bundles - 	Entry: /home/subham/Downloads/spring-tools-for-eclipse-4.31.0.RELEASE-e4.36.0-linux.gtk.x86_64/sts-4.31.0.RELEASE/plugins/org.eclipse.m2e.maven.runtime_3.9.900.20250220-2013/jars/maven-model-builder-3.9.9.jar
2025-09-20 23:43:27,629 [Worker-1: Launching Executing clean in _home_subham_Desktop_Project_spring-docker-demoapp_app1] INFO  o.eclipse.m2e.core.internal.Bundles - 	Entry: /home/subham/Downloads/spring-tools-for-eclipse-4.31.0.RELEASE-e4.36.0-linux.gtk.x86_64/sts-4.31.0.RELEASE/plugins/org.eclipse.m2e.maven.runtime_3.9.900.20250220-2013/jars/maven-plugin-api-3.9.9.jar
2025-09-20 23:43:27,629 [Worker-1: Launching Executing clean in _home_subham_Desktop_Project_spring-docker-demoapp_app1] INFO  o.eclipse.m2e.core.internal.Bundles - 	Entry: /home/subham/Downloads/spring-tools-for-eclipse-4.31.0.RELEASE-e4.36.0-linux.gtk.x86_64/sts-4.31.0.RELEASE/plugins/org.eclipse.m2e.maven.runtime_3.9.900.20250220-2013/jars/maven-repository-metadata-3.9.9.jar
2025-09-20 23:43:27,629 [Worker-1: Launching Executing clean in _home_subham_Desktop_Project_spring-docker-demoapp_app1] INFO  o.eclipse.m2e.core.internal.Bundles - 	Entry: /home/subham/Downloads/spring-tools-for-eclipse-4.31.0.RELEASE-e4.36.0-linux.gtk.x86_64/sts-4.31.0.RELEASE/plugins/org.eclipse.m2e.maven.runtime_3.9.900.20250220-2013/jars/maven-resolver-api-1.9.22.jar
2025-09-20 23:43:27,629 [Worker-1: Launching Executing clean in _home_subham_Desktop_Project_spring-docker-demoapp_app1] INFO  o.eclipse.m2e.core.internal.Bundles - 	Entry: /home/subham/Downloads/spring-tools-for-eclipse-4.31.0.RELEASE-e4.36.0-linux.gtk.x86_64/sts-4.31.0.RELEASE/plugins/org.eclipse.m2e.maven.runtime_3.9.900.20250220-2013/jars/maven-resolver-connector-basic-1.9.22.jar
2025-09-20 23:43:27,629 [Worker-1: Launching Executing clean in _home_subham_Desktop_Project_spring-docker-demoapp_app1] INFO  o.eclipse.m2e.core.internal.Bundles - 	Entry: /home/subham/Downloads/spring-tools-for-eclipse-4.31.0.RELEASE-e4.36.0-linux.gtk.x86_64/sts-4.31.0.RELEASE/plugins/org.eclipse.m2e.maven.runtime_3.9.900.20250220-2013/jars/maven-resolver-impl-1.9.22.jar
2025-09-20 23:43:27,629 [Worker-1: Launching Executing clean in _home_subham_Desktop_Project_spring-docker-demoapp_app1] INFO  o.eclipse.m2e.core.internal.Bundles - 	Entry: /home/subham/Downloads/spring-tools-for-eclipse-4.31.0.RELEASE-e4.36.0-linux.gtk.x86_64/sts-4.31.0.RELEASE/plugins/org.eclipse.m2e.maven.runtime_3.9.900.20250220-2013/jars/maven-resolver-named-locks-1.9.22.jar
2025-09-20 23:43:27,629 [Worker-1: Launching Executing clean in _home_subham_Desktop_Project_spring-docker-demoapp_app1] INFO  o.eclipse.m2e.core.internal.Bundles - 	Entry: /home/subham/Downloads/spring-tools-for-eclipse-4.31.0.RELEASE-e4.36.0-linux.gtk.x86_64/sts-4.31.0.RELEASE/plugins/org.eclipse.m2e.maven.runtime_3.9.900.20250220-2013/jars/maven-resolver-provider-3.9.9.jar
2025-09-20 23:43:27,629 [Worker-1: Launching Executing clean in _home_subham_Desktop_Project_spring-docker-demoapp_app1] INFO  o.eclipse.m2e.core.internal.Bundles - 	Entry: /home/subham/Downloads/spring-tools-for-eclipse-4.31.0.RELEASE-e4.36.0-linux.gtk.x86_64/sts-4.31.0.RELEASE/plugins/org.eclipse.m2e.maven.runtime_3.9.900.20250220-2013/jars/maven-resolver-spi-1.9.22.jar
2025-09-20 23:43:27,629 [Worker-1: Launching Executing clean in _home_subham_Desktop_Project_spring-docker-demoapp_app1] INFO  o.eclipse.m2e.core.internal.Bundles - 	Entry: /home/subham/Downloads/spring-tools-for-eclipse-4.31.0.RELEASE-e4.36.0-linux.gtk.x86_64/sts-4.31.0.RELEASE/plugins/org.eclipse.m2e.maven.runtime_3.9.900.20250220-2013/jars/maven-resolver-transport-file-1.9.22.jar
2025-09-20 23:43:27,629 [Worker-1: Launching Executing clean in _home_subham_Desktop_Project_spring-docker-demoapp_app1] INFO  o.eclipse.m2e.core.internal.Bundles - 	Entry: /home/subham/Downloads/spring-tools-for-eclipse-4.31.0.RELEASE-e4.36.0-linux.gtk.x86_64/sts-4.31.0.RELEASE/plugins/org.eclipse.m2e.maven.runtime_3.9.900.20250220-2013/jars/maven-resolver-transport-http-1.9.22.jar
2025-09-20 23:43:27,629 [Worker-1: Launching Executing clean in _home_subham_Desktop_Project_spring-docker-demoapp_app1] INFO  o.eclipse.m2e.core.internal.Bundles - 	Entry: /home/subham/Downloads/spring-tools-for-eclipse-4.31.0.RELEASE-e4.36.0-linux.gtk.x86_64/sts-4.31.0.RELEASE/plugins/org.eclipse.m2e.maven.runtime_3.9.900.20250220-2013/jars/maven-resolver-transport-wagon-1.9.22.jar
2025-09-20 23:43:27,629 [Worker-1: Launching Executing clean in _home_subham_Desktop_Project_spring-docker-demoapp_app1] INFO  o.eclipse.m2e.core.internal.Bundles - 	Entry: /home/subham/Downloads/spring-tools-for-eclipse-4.31.0.RELEASE-e4.36.0-linux.gtk.x86_64/sts-4.31.0.RELEASE/plugins/org.eclipse.m2e.maven.runtime_3.9.900.20250220-2013/jars/maven-resolver-util-1.9.22.jar
2025-09-20 23:43:27,629 [Worker-1: Launching Executing clean in _home_subham_Desktop_Project_spring-docker-demoapp_app1] INFO  o.eclipse.m2e.core.internal.Bundles - 	Entry: /home/subham/Downloads/spring-tools-for-eclipse-4.31.0.RELEASE-e4.36.0-linux.gtk.x86_64/sts-4.31.0.RELEASE/plugins/org.eclipse.m2e.maven.runtime_3.9.900.20250220-2013/jars/maven-settings-3.9.9.jar
2025-09-20 23:43:27,629 [Worker-1: Launching Executing clean in _home_subham_Desktop_Project_spring-docker-demoapp_app1] INFO  o.eclipse.m2e.core.internal.Bundles - 	Entry: /home/subham/Downloads/spring-tools-for-eclipse-4.31.0.RELEASE-e4.36.0-linux.gtk.x86_64/sts-4.31.0.RELEASE/plugins/org.eclipse.m2e.maven.runtime_3.9.900.20250220-2013/jars/maven-settings-builder-3.9.9.jar
2025-09-20 23:43:27,629 [Worker-1: Launching Executing clean in _home_subham_Desktop_Project_spring-docker-demoapp_app1] INFO  o.eclipse.m2e.core.internal.Bundles - 	Entry: /home/subham/Downloads/spring-tools-for-eclipse-4.31.0.RELEASE-e4.36.0-linux.gtk.x86_64/sts-4.31.0.RELEASE/plugins/org.eclipse.m2e.maven.runtime_3.9.900.20250220-2013/jars/maven-shared-utils-3.4.2.jar
2025-09-20 23:43:27,629 [Worker-1: Launching Executing clean in _home_subham_Desktop_Project_spring-docker-demoapp_app1] INFO  o.eclipse.m2e.core.internal.Bundles - 	Entry: /home/subham/Downloads/spring-tools-for-eclipse-4.31.0.RELEASE-e4.36.0-linux.gtk.x86_64/sts-4.31.0.RELEASE/plugins/org.eclipse.m2e.maven.runtime_3.9.900.20250220-2013/jars/org.eclipse.sisu.inject-0.9.0.M3.jar
2025-09-20 23:43:27,629 [Worker-1: Launching Executing clean in _home_subham_Desktop_Project_spring-docker-demoapp_app1] INFO  o.eclipse.m2e.core.internal.Bundles - 	Entry: /home/subham/Downloads/spring-tools-for-eclipse-4.31.0.RELEASE-e4.36.0-linux.gtk.x86_64/sts-4.31.0.RELEASE/plugins/org.eclipse.m2e.maven.runtime_3.9.900.20250220-2013/jars/org.eclipse.sisu.plexus-0.9.0.M3.jar
2025-09-20 23:43:27,629 [Worker-1: Launching Executing clean in _home_subham_Desktop_Project_spring-docker-demoapp_app1] INFO  o.eclipse.m2e.core.internal.Bundles - 	Entry: /home/subham/Downloads/spring-tools-for-eclipse-4.31.0.RELEASE-e4.36.0-linux.gtk.x86_64/sts-4.31.0.RELEASE/plugins/org.eclipse.m2e.maven.runtime_3.9.900.20250220-2013/jars/plexus-build-api-0.0.7.jar
2025-09-20 23:43:27,629 [Worker-1: Launching Executing clean in _home_subham_Desktop_Project_spring-docker-demoapp_app1] INFO  o.eclipse.m2e.core.internal.Bundles - 	Entry: /home/subham/Downloads/spring-tools-for-eclipse-4.31.0.RELEASE-e4.36.0-linux.gtk.x86_64/sts-4.31.0.RELEASE/plugins/org.eclipse.m2e.maven.runtime_3.9.900.20250220-2013/jars/plexus-build-api-1.2.0.jar
2025-09-20 23:43:27,629 [Worker-1: Launching Executing clean in _home_subham_Desktop_Project_spring-docker-demoapp_app1] INFO  o.eclipse.m2e.core.internal.Bundles - 	Entry: /home/subham/Downloads/spring-tools-for-eclipse-4.31.0.RELEASE-e4.36.0-linux.gtk.x86_64/sts-4.31.0.RELEASE/plugins/org.eclipse.m2e.maven.runtime_3.9.900.20250220-2013/jars/plexus-cipher-2.0.jar
2025-09-20 23:43:27,629 [Worker-1: Launching Executing clean in _home_subham_Desktop_Project_spring-docker-demoapp_app1] INFO  o.eclipse.m2e.core.internal.Bundles - 	Entry: /home/subham/Downloads/spring-tools-for-eclipse-4.31.0.RELEASE-e4.36.0-linux.gtk.x86_64/sts-4.31.0.RELEASE/plugins/org.eclipse.m2e.maven.runtime_3.9.900.20250220-2013/jars/plexus-classworlds-2.8.0.jar
2025-09-20 23:43:27,629 [Worker-1: Launching Executing clean in _home_subham_Desktop_Project_spring-docker-demoapp_app1] INFO  o.eclipse.m2e.core.internal.Bundles - 	Entry: /home/subham/Downloads/spring-tools-for-eclipse-4.31.0.RELEASE-e4.36.0-linux.gtk.x86_64/sts-4.31.0.RELEASE/plugins/org.eclipse.m2e.maven.runtime_3.9.900.20250220-2013/jars/plexus-component-annotations-2.1.0.jar
2025-09-20 23:43:27,629 [Worker-1: Launching Executing clean in _home_subham_Desktop_Project_spring-docker-demoapp_app1] INFO  o.eclipse.m2e.core.internal.Bundles - 	Entry: /home/subham/Downloads/spring-tools-for-eclipse-4.31.0.RELEASE-e4.36.0-linux.gtk.x86_64/sts-4.31.0.RELEASE/plugins/org.eclipse.m2e.maven.runtime_3.9.900.20250220-2013/jars/plexus-interpolation-1.27.jar
2025-09-20 23:43:27,629 [Worker-1: Launching Executing clean in _home_subham_Desktop_Project_spring-docker-demoapp_app1] INFO  o.eclipse.m2e.core.internal.Bundles - 	Entry: /home/subham/Downloads/spring-tools-for-eclipse-4.31.0.RELEASE-e4.36.0-linux.gtk.x86_64/sts-4.31.0.RELEASE/plugins/org.eclipse.m2e.maven.runtime_3.9.900.20250220-2013/jars/plexus-sec-dispatcher-2.0.jar
2025-09-20 23:43:27,629 [Worker-1: Launching Executing clean in _home_subham_Desktop_Project_spring-docker-demoapp_app1] INFO  o.eclipse.m2e.core.internal.Bundles - 	Entry: /home/subham/Downloads/spring-tools-for-eclipse-4.31.0.RELEASE-e4.36.0-linux.gtk.x86_64/sts-4.31.0.RELEASE/plugins/org.eclipse.m2e.maven.runtime_3.9.900.20250220-2013/jars/plexus-utils-3.5.1.jar
2025-09-20 23:43:27,629 [Worker-1: Launching Executing clean in _home_subham_Desktop_Project_spring-docker-demoapp_app1] INFO  o.eclipse.m2e.core.internal.Bundles - 	Entry: /home/subham/Downloads/spring-tools-for-eclipse-4.31.0.RELEASE-e4.36.0-linux.gtk.x86_64/sts-4.31.0.RELEASE/plugins/org.eclipse.m2e.maven.runtime_3.9.900.20250220-2013/jars/plexus-xml-3.0.1.jar
2025-09-20 23:43:27,629 [Worker-1: Launching Executing clean in _home_subham_Desktop_Project_spring-docker-demoapp_app1] INFO  o.eclipse.m2e.core.internal.Bundles - 	Entry: /home/subham/Downloads/spring-tools-for-eclipse-4.31.0.RELEASE-e4.36.0-linux.gtk.x86_64/sts-4.31.0.RELEASE/plugins/org.eclipse.m2e.maven.runtime_3.9.900.20250220-2013/jars/wagon-file-3.5.3.jar
2025-09-20 23:43:27,629 [Worker-1: Launching Executing clean in _home_subham_Desktop_Project_spring-docker-demoapp_app1] INFO  o.eclipse.m2e.core.internal.Bundles - 	Entry: /home/subham/Downloads/spring-tools-for-eclipse-4.31.0.RELEASE-e4.36.0-linux.gtk.x86_64/sts-4.31.0.RELEASE/plugins/org.eclipse.m2e.maven.runtime_3.9.900.20250220-2013/jars/wagon-http-3.5.3.jar
2025-09-20 23:43:27,629 [Worker-1: Launching Executing clean in _home_subham_Desktop_Project_spring-docker-demoapp_app1] INFO  o.eclipse.m2e.core.internal.Bundles - 	Entry: /home/subham/Downloads/spring-tools-for-eclipse-4.31.0.RELEASE-e4.36.0-linux.gtk.x86_64/sts-4.31.0.RELEASE/plugins/org.eclipse.m2e.maven.runtime_3.9.900.20250220-2013/jars/wagon-http-shared-3.5.3.jar
2025-09-20 23:43:27,629 [Worker-1: Launching Executing clean in _home_subham_Desktop_Project_spring-docker-demoapp_app1] INFO  o.eclipse.m2e.core.internal.Bundles - 	Entry: /home/subham/Downloads/spring-tools-for-eclipse-4.31.0.RELEASE-e4.36.0-linux.gtk.x86_64/sts-4.31.0.RELEASE/plugins/org.eclipse.m2e.maven.runtime_3.9.900.20250220-2013/jars/wagon-provider-api-3.5.3.jar
2025-09-20 23:43:27,629 [Worker-1: Launching Executing clean in _home_subham_Desktop_Project_spring-docker-demoapp_app1] INFO  o.eclipse.m2e.core.internal.Bundles - getClasspathEntries(Bundle=com.google.guava_33.4.8.jre [31])
2025-09-20 23:43:27,629 [Worker-1: Launching Executing clean in _home_subham_Desktop_Project_spring-docker-demoapp_app1] INFO  o.eclipse.m2e.core.internal.Bundles - 	Entry: /home/subham/Downloads/spring-tools-for-eclipse-4.31.0.RELEASE-e4.36.0-linux.gtk.x86_64/sts-4.31.0.RELEASE/plugins/com.google.guava_33.4.8.jre.jar
2025-09-20 23:43:27,629 [Worker-1: Launching Executing clean in _home_subham_Desktop_Project_spring-docker-demoapp_app1] INFO  o.eclipse.m2e.core.internal.Bundles - getClasspathEntries(Bundle=slf4j.api_2.0.17 [609])
2025-09-20 23:43:27,629 [Worker-1: Launching Executing clean in _home_subham_Desktop_Project_spring-docker-demoapp_app1] INFO  o.eclipse.m2e.core.internal.Bundles - 	Entry: /home/subham/Downloads/spring-tools-for-eclipse-4.31.0.RELEASE-e4.36.0-linux.gtk.x86_64/sts-4.31.0.RELEASE/plugins/slf4j.api_2.0.17.jar
2025-09-20 23:43:27,629 [Worker-1: Launching Executing clean in _home_subham_Desktop_Project_spring-docker-demoapp_app1] INFO  o.eclipse.m2e.core.internal.Bundles - getClasspathEntries(Bundle=jakarta.inject.jakarta.inject-api_1.0.5 [46])
2025-09-20 23:43:27,629 [Worker-1: Launching Executing clean in _home_subham_Desktop_Project_spring-docker-demoapp_app1] INFO  o.eclipse.m2e.core.internal.Bundles - 	Entry: /home/subham/Downloads/spring-tools-for-eclipse-4.31.0.RELEASE-e4.36.0-linux.gtk.x86_64/sts-4.31.0.RELEASE/plugins/jakarta.inject.jakarta.inject-api_1.0.5.jar
2025-09-20 23:43:27,629 [Worker-1: Launching Executing clean in _home_subham_Desktop_Project_spring-docker-demoapp_app1] INFO  o.eclipse.m2e.core.internal.Bundles - getClasspathEntries(Bundle=javax.annotation_1.3.5.v20200909-1856 [55])
2025-09-20 23:43:27,629 [Worker-1: Launching Executing clean in _home_subham_Desktop_Project_spring-docker-demoapp_app1] INFO  o.eclipse.m2e.core.internal.Bundles - 	Entry: /home/subham/Downloads/spring-tools-for-eclipse-4.31.0.RELEASE-e4.36.0-linux.gtk.x86_64/sts-4.31.0.RELEASE/plugins/javax.annotation_1.3.5.v20200909-1856.jar
2025-09-20 23:43:27,629 [Worker-1: Launching Executing clean in _home_subham_Desktop_Project_spring-docker-demoapp_app1] INFO  o.eclipse.m2e.core.internal.Bundles - getClasspathEntries(Bundle=org.apache.commons.cli_1.9.0 [79])
2025-09-20 23:43:27,629 [Worker-1: Launching Executing clean in _home_subham_Desktop_Project_spring-docker-demoapp_app1] INFO  o.eclipse.m2e.core.internal.Bundles - 	Entry: /home/subham/Downloads/spring-tools-for-eclipse-4.31.0.RELEASE-e4.36.0-linux.gtk.x86_64/sts-4.31.0.RELEASE/plugins/org.apache.commons.cli_1.9.0.jar
2025-09-20 23:43:27,629 [Worker-1: Launching Executing clean in _home_subham_Desktop_Project_spring-docker-demoapp_app1] INFO  o.eclipse.m2e.core.internal.Bundles - getClasspathEntries(Bundle=org.apache.commons.commons-codec_1.16.0 [81])
2025-09-20 23:43:27,629 [Worker-1: Launching Executing clean in _home_subham_Desktop_Project_spring-docker-demoapp_app1] INFO  o.eclipse.m2e.core.internal.Bundles - 	Entry: /home/subham/Downloads/spring-tools-for-eclipse-4.31.0.RELEASE-e4.36.0-linux.gtk.x86_64/sts-4.31.0.RELEASE/plugins/org.apache.commons.commons-codec_1.16.0.jar
2025-09-20 23:43:27,629 [Worker-1: Launching Executing clean in _home_subham_Desktop_Project_spring-docker-demoapp_app1] INFO  o.eclipse.m2e.core.internal.Bundles - getClasspathEntries(Bundle=com.google.guava.failureaccess_1.0.3 [32])
2025-09-20 23:43:27,629 [Worker-1: Launching Executing clean in _home_subham_Desktop_Project_spring-docker-demoapp_app1] INFO  o.eclipse.m2e.core.internal.Bundles - 	Entry: /home/subham/Downloads/spring-tools-for-eclipse-4.31.0.RELEASE-e4.36.0-linux.gtk.x86_64/sts-4.31.0.RELEASE/plugins/com.google.guava.failureaccess_1.0.3.jar
2025-09-20 23:43:27,631 [Worker-1: Launching Executing clean in _home_subham_Desktop_Project_spring-docker-demoapp_app1] INFO  o.e.m.i.launch.MavenLaunchDelegate - Run build in "/home/subham/Desktop/Project/spring-docker-demoapp/app1":
2025-09-20 23:43:27,633 [Worker-1: Launching Executing clean in _home_subham_Desktop_Project_spring-docker-demoapp_app1] INFO  o.e.m.i.launch.MavenLaunchDelegate -  mvn  -Ppom.xml -B -Dstyle.color=always clean
2025-09-20 23:43:34,218 [Worker-15: Launching Executing clean in _home_subham_Desktop_Project_spring-docker-demoapp_app2] INFO  o.eclipse.m2e.core.internal.Bundles - getClasspathEntries(Bundle=org.eclipse.m2e.maven.runtime_3.9.900.20250220-2013 [361])
2025-09-20 23:43:34,219 [Worker-15: Launching Executing clean in _home_subham_Desktop_Project_spring-docker-demoapp_app2] INFO  o.eclipse.m2e.core.internal.Bundles - 	Entry: /home/subham/Downloads/spring-tools-for-eclipse-4.31.0.RELEASE-e4.36.0-linux.gtk.x86_64/sts-4.31.0.RELEASE/plugins/org.eclipse.m2e.maven.runtime_3.9.900.20250220-2013
2025-09-20 23:43:34,219 [Worker-15: Launching Executing clean in _home_subham_Desktop_Project_spring-docker-demoapp_app2] INFO  o.eclipse.m2e.core.internal.Bundles - 	Entry: /home/subham/Downloads/spring-tools-for-eclipse-4.31.0.RELEASE-e4.36.0-linux.gtk.x86_64/sts-4.31.0.RELEASE/plugins/org.eclipse.m2e.maven.runtime_3.9.900.20250220-2013/jars/aopalliance-1.0.jar
2025-09-20 23:43:34,219 [Worker-15: Launching Executing clean in _home_subham_Desktop_Project_spring-docker-demoapp_app2] INFO  o.eclipse.m2e.core.internal.Bundles - 	Entry: /home/subham/Downloads/spring-tools-for-eclipse-4.31.0.RELEASE-e4.36.0-linux.gtk.x86_64/sts-4.31.0.RELEASE/plugins/org.eclipse.m2e.maven.runtime_3.9.900.20250220-2013/jars/guice-5.1.0.jar
2025-09-20 23:43:34,219 [Worker-15: Launching Executing clean in _home_subham_Desktop_Project_spring-docker-demoapp_app2] INFO  o.eclipse.m2e.core.internal.Bundles - 	Entry: /home/subham/Downloads/spring-tools-for-eclipse-4.31.0.RELEASE-e4.36.0-linux.gtk.x86_64/sts-4.31.0.RELEASE/plugins/org.eclipse.m2e.maven.runtime_3.9.900.20250220-2013/jars/httpclient-4.5.14.jar
2025-09-20 23:43:34,219 [Worker-15: Launching Executing clean in _home_subham_Desktop_Project_spring-docker-demoapp_app2] INFO  o.eclipse.m2e.core.internal.Bundles - 	Entry: /home/subham/Downloads/spring-tools-for-eclipse-4.31.0.RELEASE-e4.36.0-linux.gtk.x86_64/sts-4.31.0.RELEASE/plugins/org.eclipse.m2e.maven.runtime_3.9.900.20250220-2013/jars/httpcore-4.4.16.jar
2025-09-20 23:43:34,219 [Worker-15: Launching Executing clean in _home_subham_Desktop_Project_spring-docker-demoapp_app2] INFO  o.eclipse.m2e.core.internal.Bundles - 	Entry: /home/subham/Downloads/spring-tools-for-eclipse-4.31.0.RELEASE-e4.36.0-linux.gtk.x86_64/sts-4.31.0.RELEASE/plugins/org.eclipse.m2e.maven.runtime_3.9.900.20250220-2013/jars/jansi-2.4.1.jar
2025-09-20 23:43:34,219 [Worker-15: Launching Executing clean in _home_subham_Desktop_Project_spring-docker-demoapp_app2] INFO  o.eclipse.m2e.core.internal.Bundles - 	Entry: /home/subham/Downloads/spring-tools-for-eclipse-4.31.0.RELEASE-e4.36.0-linux.gtk.x86_64/sts-4.31.0.RELEASE/plugins/org.eclipse.m2e.maven.runtime_3.9.900.20250220-2013/jars/jcl-over-slf4j-1.7.36.jar
2025-09-20 23:43:34,219 [Worker-15: Launching Executing clean in _home_subham_Desktop_Project_spring-docker-demoapp_app2] INFO  o.eclipse.m2e.core.internal.Bundles - 	Entry: /home/subham/Downloads/spring-tools-for-eclipse-4.31.0.RELEASE-e4.36.0-linux.gtk.x86_64/sts-4.31.0.RELEASE/plugins/org.eclipse.m2e.maven.runtime_3.9.900.20250220-2013/jars/maven-artifact-3.9.9.jar
2025-09-20 23:43:34,219 [Worker-15: Launching Executing clean in _home_subham_Desktop_Project_spring-docker-demoapp_app2] INFO  o.eclipse.m2e.core.internal.Bundles - 	Entry: /home/subham/Downloads/spring-tools-for-eclipse-4.31.0.RELEASE-e4.36.0-linux.gtk.x86_64/sts-4.31.0.RELEASE/plugins/org.eclipse.m2e.maven.runtime_3.9.900.20250220-2013/jars/maven-builder-support-3.9.9.jar
2025-09-20 23:43:34,219 [Worker-15: Launching Executing clean in _home_subham_Desktop_Project_spring-docker-demoapp_app2] INFO  o.eclipse.m2e.core.internal.Bundles - 	Entry: /home/subham/Downloads/spring-tools-for-eclipse-4.31.0.RELEASE-e4.36.0-linux.gtk.x86_64/sts-4.31.0.RELEASE/plugins/org.eclipse.m2e.maven.runtime_3.9.900.20250220-2013/jars/maven-compat-3.9.9.jar
2025-09-20 23:43:34,219 [Worker-15: Launching Executing clean in _home_subham_Desktop_Project_spring-docker-demoapp_app2] INFO  o.eclipse.m2e.core.internal.Bundles - 	Entry: /home/subham/Downloads/spring-tools-for-eclipse-4.31.0.RELEASE-e4.36.0-linux.gtk.x86_64/sts-4.31.0.RELEASE/plugins/org.eclipse.m2e.maven.runtime_3.9.900.20250220-2013/jars/maven-core-3.9.9.jar
2025-09-20 23:43:34,219 [Worker-15: Launching Executing clean in _home_subham_Desktop_Project_spring-docker-demoapp_app2] INFO  o.eclipse.m2e.core.internal.Bundles - 	Entry: /home/subham/Downloads/spring-tools-for-eclipse-4.31.0.RELEASE-e4.36.0-linux.gtk.x86_64/sts-4.31.0.RELEASE/plugins/org.eclipse.m2e.maven.runtime_3.9.900.20250220-2013/jars/maven-embedder-3.9.9.jar
2025-09-20 23:43:34,219 [Worker-15: Launching Executing clean in _home_subham_Desktop_Project_spring-docker-demoapp_app2] INFO  o.eclipse.m2e.core.internal.Bundles - 	Entry: /home/subham/Downloads/spring-tools-for-eclipse-4.31.0.RELEASE-e4.36.0-linux.gtk.x86_64/sts-4.31.0.RELEASE/plugins/org.eclipse.m2e.maven.runtime_3.9.900.20250220-2013/jars/maven-model-3.9.9.jar
2025-09-20 23:43:34,219 [Worker-15: Launching Executing clean in _home_subham_Desktop_Project_spring-docker-demoapp_app2] INFO  o.eclipse.m2e.core.internal.Bundles - 	Entry: /home/subham/Downloads/spring-tools-for-eclipse-4.31.0.RELEASE-e4.36.0-linux.gtk.x86_64/sts-4.31.0.RELEASE/plugins/org.eclipse.m2e.maven.runtime_3.9.900.20250220-2013/jars/maven-model-builder-3.9.9.jar
2025-09-20 23:43:34,219 [Worker-15: Launching Executing clean in _home_subham_Desktop_Project_spring-docker-demoapp_app2] INFO  o.eclipse.m2e.core.internal.Bundles - 	Entry: /home/subham/Downloads/spring-tools-for-eclipse-4.31.0.RELEASE-e4.36.0-linux.gtk.x86_64/sts-4.31.0.RELEASE/plugins/org.eclipse.m2e.maven.runtime_3.9.900.20250220-2013/jars/maven-plugin-api-3.9.9.jar
2025-09-20 23:43:34,219 [Worker-15: Launching Executing clean in _home_subham_Desktop_Project_spring-docker-demoapp_app2] INFO  o.eclipse.m2e.core.internal.Bundles - 	Entry: /home/subham/Downloads/spring-tools-for-eclipse-4.31.0.RELEASE-e4.36.0-linux.gtk.x86_64/sts-4.31.0.RELEASE/plugins/org.eclipse.m2e.maven.runtime_3.9.900.20250220-2013/jars/maven-repository-metadata-3.9.9.jar
2025-09-20 23:43:34,219 [Worker-15: Launching Executing clean in _home_subham_Desktop_Project_spring-docker-demoapp_app2] INFO  o.eclipse.m2e.core.internal.Bundles - 	Entry: /home/subham/Downloads/spring-tools-for-eclipse-4.31.0.RELEASE-e4.36.0-linux.gtk.x86_64/sts-4.31.0.RELEASE/plugins/org.eclipse.m2e.maven.runtime_3.9.900.20250220-2013/jars/maven-resolver-api-1.9.22.jar
2025-09-20 23:43:34,219 [Worker-15: Launching Executing clean in _home_subham_Desktop_Project_spring-docker-demoapp_app2] INFO  o.eclipse.m2e.core.internal.Bundles - 	Entry: /home/subham/Downloads/spring-tools-for-eclipse-4.31.0.RELEASE-e4.36.0-linux.gtk.x86_64/sts-4.31.0.RELEASE/plugins/org.eclipse.m2e.maven.runtime_3.9.900.20250220-2013/jars/maven-resolver-connector-basic-1.9.22.jar
2025-09-20 23:43:34,219 [Worker-15: Launching Executing clean in _home_subham_Desktop_Project_spring-docker-demoapp_app2] INFO  o.eclipse.m2e.core.internal.Bundles - 	Entry: /home/subham/Downloads/spring-tools-for-eclipse-4.31.0.RELEASE-e4.36.0-linux.gtk.x86_64/sts-4.31.0.RELEASE/plugins/org.eclipse.m2e.maven.runtime_3.9.900.20250220-2013/jars/maven-resolver-impl-1.9.22.jar
2025-09-20 23:43:34,219 [Worker-15: Launching Executing clean in _home_subham_Desktop_Project_spring-docker-demoapp_app2] INFO  o.eclipse.m2e.core.internal.Bundles - 	Entry: /home/subham/Downloads/spring-tools-for-eclipse-4.31.0.RELEASE-e4.36.0-linux.gtk.x86_64/sts-4.31.0.RELEASE/plugins/org.eclipse.m2e.maven.runtime_3.9.900.20250220-2013/jars/maven-resolver-named-locks-1.9.22.jar
2025-09-20 23:43:34,219 [Worker-15: Launching Executing clean in _home_subham_Desktop_Project_spring-docker-demoapp_app2] INFO  o.eclipse.m2e.core.internal.Bundles - 	Entry: /home/subham/Downloads/spring-tools-for-eclipse-4.31.0.RELEASE-e4.36.0-linux.gtk.x86_64/sts-4.31.0.RELEASE/plugins/org.eclipse.m2e.maven.runtime_3.9.900.20250220-2013/jars/maven-resolver-provider-3.9.9.jar
2025-09-20 23:43:34,220 [Worker-15: Launching Executing clean in _home_subham_Desktop_Project_spring-docker-demoapp_app2] INFO  o.eclipse.m2e.core.internal.Bundles - 	Entry: /home/subham/Downloads/spring-tools-for-eclipse-4.31.0.RELEASE-e4.36.0-linux.gtk.x86_64/sts-4.31.0.RELEASE/plugins/org.eclipse.m2e.maven.runtime_3.9.900.20250220-2013/jars/maven-resolver-spi-1.9.22.jar
2025-09-20 23:43:34,220 [Worker-15: Launching Executing clean in _home_subham_Desktop_Project_spring-docker-demoapp_app2] INFO  o.eclipse.m2e.core.internal.Bundles - 	Entry: /home/subham/Downloads/spring-tools-for-eclipse-4.31.0.RELEASE-e4.36.0-linux.gtk.x86_64/sts-4.31.0.RELEASE/plugins/org.eclipse.m2e.maven.runtime_3.9.900.20250220-2013/jars/maven-resolver-transport-file-1.9.22.jar
2025-09-20 23:43:34,220 [Worker-15: Launching Executing clean in _home_subham_Desktop_Project_spring-docker-demoapp_app2] INFO  o.eclipse.m2e.core.internal.Bundles - 	Entry: /home/subham/Downloads/spring-tools-for-eclipse-4.31.0.RELEASE-e4.36.0-linux.gtk.x86_64/sts-4.31.0.RELEASE/plugins/org.eclipse.m2e.maven.runtime_3.9.900.20250220-2013/jars/maven-resolver-transport-http-1.9.22.jar
2025-09-20 23:43:34,220 [Worker-15: Launching Executing clean in _home_subham_Desktop_Project_spring-docker-demoapp_app2] INFO  o.eclipse.m2e.core.internal.Bundles - 	Entry: /home/subham/Downloads/spring-tools-for-eclipse-4.31.0.RELEASE-e4.36.0-linux.gtk.x86_64/sts-4.31.0.RELEASE/plugins/org.eclipse.m2e.maven.runtime_3.9.900.20250220-2013/jars/maven-resolver-transport-wagon-1.9.22.jar
2025-09-20 23:43:34,220 [Worker-15: Launching Executing clean in _home_subham_Desktop_Project_spring-docker-demoapp_app2] INFO  o.eclipse.m2e.core.internal.Bundles - 	Entry: /home/subham/Downloads/spring-tools-for-eclipse-4.31.0.RELEASE-e4.36.0-linux.gtk.x86_64/sts-4.31.0.RELEASE/plugins/org.eclipse.m2e.maven.runtime_3.9.900.20250220-2013/jars/maven-resolver-util-1.9.22.jar
2025-09-20 23:43:34,220 [Worker-15: Launching Executing clean in _home_subham_Desktop_Project_spring-docker-demoapp_app2] INFO  o.eclipse.m2e.core.internal.Bundles - 	Entry: /home/subham/Downloads/spring-tools-for-eclipse-4.31.0.RELEASE-e4.36.0-linux.gtk.x86_64/sts-4.31.0.RELEASE/plugins/org.eclipse.m2e.maven.runtime_3.9.900.20250220-2013/jars/maven-settings-3.9.9.jar
2025-09-20 23:43:34,220 [Worker-15: Launching Executing clean in _home_subham_Desktop_Project_spring-docker-demoapp_app2] INFO  o.eclipse.m2e.core.internal.Bundles - 	Entry: /home/subham/Downloads/spring-tools-for-eclipse-4.31.0.RELEASE-e4.36.0-linux.gtk.x86_64/sts-4.31.0.RELEASE/plugins/org.eclipse.m2e.maven.runtime_3.9.900.20250220-2013/jars/maven-settings-builder-3.9.9.jar
2025-09-20 23:43:34,220 [Worker-15: Launching Executing clean in _home_subham_Desktop_Project_spring-docker-demoapp_app2] INFO  o.eclipse.m2e.core.internal.Bundles - 	Entry: /home/subham/Downloads/spring-tools-for-eclipse-4.31.0.RELEASE-e4.36.0-linux.gtk.x86_64/sts-4.31.0.RELEASE/plugins/org.eclipse.m2e.maven.runtime_3.9.900.20250220-2013/jars/maven-shared-utils-3.4.2.jar
2025-09-20 23:43:34,220 [Worker-15: Launching Executing clean in _home_subham_Desktop_Project_spring-docker-demoapp_app2] INFO  o.eclipse.m2e.core.internal.Bundles - 	Entry: /home/subham/Downloads/spring-tools-for-eclipse-4.31.0.RELEASE-e4.36.0-linux.gtk.x86_64/sts-4.31.0.RELEASE/plugins/org.eclipse.m2e.maven.runtime_3.9.900.20250220-2013/jars/org.eclipse.sisu.inject-0.9.0.M3.jar
2025-09-20 23:43:34,220 [Worker-15: Launching Executing clean in _home_subham_Desktop_Project_spring-docker-demoapp_app2] INFO  o.eclipse.m2e.core.internal.Bundles - 	Entry: /home/subham/Downloads/spring-tools-for-eclipse-4.31.0.RELEASE-e4.36.0-linux.gtk.x86_64/sts-4.31.0.RELEASE/plugins/org.eclipse.m2e.maven.runtime_3.9.900.20250220-2013/jars/org.eclipse.sisu.plexus-0.9.0.M3.jar
2025-09-20 23:43:34,220 [Worker-15: Launching Executing clean in _home_subham_Desktop_Project_spring-docker-demoapp_app2] INFO  o.eclipse.m2e.core.internal.Bundles - 	Entry: /home/subham/Downloads/spring-tools-for-eclipse-4.31.0.RELEASE-e4.36.0-linux.gtk.x86_64/sts-4.31.0.RELEASE/plugins/org.eclipse.m2e.maven.runtime_3.9.900.20250220-2013/jars/plexus-build-api-0.0.7.jar
2025-09-20 23:43:34,220 [Worker-15: Launching Executing clean in _home_subham_Desktop_Project_spring-docker-demoapp_app2] INFO  o.eclipse.m2e.core.internal.Bundles - 	Entry: /home/subham/Downloads/spring-tools-for-eclipse-4.31.0.RELEASE-e4.36.0-linux.gtk.x86_64/sts-4.31.0.RELEASE/plugins/org.eclipse.m2e.maven.runtime_3.9.900.20250220-2013/jars/plexus-build-api-1.2.0.jar
2025-09-20 23:43:34,220 [Worker-15: Launching Executing clean in _home_subham_Desktop_Project_spring-docker-demoapp_app2] INFO  o.eclipse.m2e.core.internal.Bundles - 	Entry: /home/subham/Downloads/spring-tools-for-eclipse-4.31.0.RELEASE-e4.36.0-linux.gtk.x86_64/sts-4.31.0.RELEASE/plugins/org.eclipse.m2e.maven.runtime_3.9.900.20250220-2013/jars/plexus-cipher-2.0.jar
2025-09-20 23:43:34,220 [Worker-15: Launching Executing clean in _home_subham_Desktop_Project_spring-docker-demoapp_app2] INFO  o.eclipse.m2e.core.internal.Bundles - 	Entry: /home/subham/Downloads/spring-tools-for-eclipse-4.31.0.RELEASE-e4.36.0-linux.gtk.x86_64/sts-4.31.0.RELEASE/plugins/org.eclipse.m2e.maven.runtime_3.9.900.20250220-2013/jars/plexus-classworlds-2.8.0.jar
2025-09-20 23:43:34,220 [Worker-15: Launching Executing clean in _home_subham_Desktop_Project_spring-docker-demoapp_app2] INFO  o.eclipse.m2e.core.internal.Bundles - 	Entry: /home/subham/Downloads/spring-tools-for-eclipse-4.31.0.RELEASE-e4.36.0-linux.gtk.x86_64/sts-4.31.0.RELEASE/plugins/org.eclipse.m2e.maven.runtime_3.9.900.20250220-2013/jars/plexus-component-annotations-2.1.0.jar
2025-09-20 23:43:34,220 [Worker-15: Launching Executing clean in _home_subham_Desktop_Project_spring-docker-demoapp_app2] INFO  o.eclipse.m2e.core.internal.Bundles - 	Entry: /home/subham/Downloads/spring-tools-for-eclipse-4.31.0.RELEASE-e4.36.0-linux.gtk.x86_64/sts-4.31.0.RELEASE/plugins/org.eclipse.m2e.maven.runtime_3.9.900.20250220-2013/jars/plexus-interpolation-1.27.jar
2025-09-20 23:43:34,220 [Worker-15: Launching Executing clean in _home_subham_Desktop_Project_spring-docker-demoapp_app2] INFO  o.eclipse.m2e.core.internal.Bundles - 	Entry: /home/subham/Downloads/spring-tools-for-eclipse-4.31.0.RELEASE-e4.36.0-linux.gtk.x86_64/sts-4.31.0.RELEASE/plugins/org.eclipse.m2e.maven.runtime_3.9.900.20250220-2013/jars/plexus-sec-dispatcher-2.0.jar
2025-09-20 23:43:34,220 [Worker-15: Launching Executing clean in _home_subham_Desktop_Project_spring-docker-demoapp_app2] INFO  o.eclipse.m2e.core.internal.Bundles - 	Entry: /home/subham/Downloads/spring-tools-for-eclipse-4.31.0.RELEASE-e4.36.0-linux.gtk.x86_64/sts-4.31.0.RELEASE/plugins/org.eclipse.m2e.maven.runtime_3.9.900.20250220-2013/jars/plexus-utils-3.5.1.jar
2025-09-20 23:43:34,220 [Worker-15: Launching Executing clean in _home_subham_Desktop_Project_spring-docker-demoapp_app2] INFO  o.eclipse.m2e.core.internal.Bundles - 	Entry: /home/subham/Downloads/spring-tools-for-eclipse-4.31.0.RELEASE-e4.36.0-linux.gtk.x86_64/sts-4.31.0.RELEASE/plugins/org.eclipse.m2e.maven.runtime_3.9.900.20250220-2013/jars/plexus-xml-3.0.1.jar
2025-09-20 23:43:34,220 [Worker-15: Launching Executing clean in _home_subham_Desktop_Project_spring-docker-demoapp_app2] INFO  o.eclipse.m2e.core.internal.Bundles - 	Entry: /home/subham/Downloads/spring-tools-for-eclipse-4.31.0.RELEASE-e4.36.0-linux.gtk.x86_64/sts-4.31.0.RELEASE/plugins/org.eclipse.m2e.maven.runtime_3.9.900.20250220-2013/jars/wagon-file-3.5.3.jar
2025-09-20 23:43:34,220 [Worker-15: Launching Executing clean in _home_subham_Desktop_Project_spring-docker-demoapp_app2] INFO  o.eclipse.m2e.core.internal.Bundles - 	Entry: /home/subham/Downloads/spring-tools-for-eclipse-4.31.0.RELEASE-e4.36.0-linux.gtk.x86_64/sts-4.31.0.RELEASE/plugins/org.eclipse.m2e.maven.runtime_3.9.900.20250220-2013/jars/wagon-http-3.5.3.jar
2025-09-20 23:43:34,220 [Worker-15: Launching Executing clean in _home_subham_Desktop_Project_spring-docker-demoapp_app2] INFO  o.eclipse.m2e.core.internal.Bundles - 	Entry: /home/subham/Downloads/spring-tools-for-eclipse-4.31.0.RELEASE-e4.36.0-linux.gtk.x86_64/sts-4.31.0.RELEASE/plugins/org.eclipse.m2e.maven.runtime_3.9.900.20250220-2013/jars/wagon-http-shared-3.5.3.jar
2025-09-20 23:43:34,220 [Worker-15: Launching Executing clean in _home_subham_Desktop_Project_spring-docker-demoapp_app2] INFO  o.eclipse.m2e.core.internal.Bundles - 	Entry: /home/subham/Downloads/spring-tools-for-eclipse-4.31.0.RELEASE-e4.36.0-linux.gtk.x86_64/sts-4.31.0.RELEASE/plugins/org.eclipse.m2e.maven.runtime_3.9.900.20250220-2013/jars/wagon-provider-api-3.5.3.jar
2025-09-20 23:43:34,220 [Worker-15: Launching Executing clean in _home_subham_Desktop_Project_spring-docker-demoapp_app2] INFO  o.eclipse.m2e.core.internal.Bundles - getClasspathEntries(Bundle=com.google.guava_33.4.8.jre [31])
2025-09-20 23:43:34,220 [Worker-15: Launching Executing clean in _home_subham_Desktop_Project_spring-docker-demoapp_app2] INFO  o.eclipse.m2e.core.internal.Bundles - 	Entry: /home/subham/Downloads/spring-tools-for-eclipse-4.31.0.RELEASE-e4.36.0-linux.gtk.x86_64/sts-4.31.0.RELEASE/plugins/com.google.guava_33.4.8.jre.jar
2025-09-20 23:43:34,220 [Worker-15: Launching Executing clean in _home_subham_Desktop_Project_spring-docker-demoapp_app2] INFO  o.eclipse.m2e.core.internal.Bundles - getClasspathEntries(Bundle=slf4j.api_2.0.17 [609])
2025-09-20 23:43:34,220 [Worker-15: Launching Executing clean in _home_subham_Desktop_Project_spring-docker-demoapp_app2] INFO  o.eclipse.m2e.core.internal.Bundles - 	Entry: /home/subham/Downloads/spring-tools-for-eclipse-4.31.0.RELEASE-e4.36.0-linux.gtk.x86_64/sts-4.31.0.RELEASE/plugins/slf4j.api_2.0.17.jar
2025-09-20 23:43:34,220 [Worker-15: Launching Executing clean in _home_subham_Desktop_Project_spring-docker-demoapp_app2] INFO  o.eclipse.m2e.core.internal.Bundles - getClasspathEntries(Bundle=jakarta.inject.jakarta.inject-api_1.0.5 [46])
2025-09-20 23:43:34,220 [Worker-15: Launching Executing clean in _home_subham_Desktop_Project_spring-docker-demoapp_app2] INFO  o.eclipse.m2e.core.internal.Bundles - 	Entry: /home/subham/Downloads/spring-tools-for-eclipse-4.31.0.RELEASE-e4.36.0-linux.gtk.x86_64/sts-4.31.0.RELEASE/plugins/jakarta.inject.jakarta.inject-api_1.0.5.jar
2025-09-20 23:43:34,220 [Worker-15: Launching Executing clean in _home_subham_Desktop_Project_spring-docker-demoapp_app2] INFO  o.eclipse.m2e.core.internal.Bundles - getClasspathEntries(Bundle=javax.annotation_1.3.5.v20200909-1856 [55])
2025-09-20 23:43:34,220 [Worker-15: Launching Executing clean in _home_subham_Desktop_Project_spring-docker-demoapp_app2] INFO  o.eclipse.m2e.core.internal.Bundles - 	Entry: /home/subham/Downloads/spring-tools-for-eclipse-4.31.0.RELEASE-e4.36.0-linux.gtk.x86_64/sts-4.31.0.RELEASE/plugins/javax.annotation_1.3.5.v20200909-1856.jar
2025-09-20 23:43:34,220 [Worker-15: Launching Executing clean in _home_subham_Desktop_Project_spring-docker-demoapp_app2] INFO  o.eclipse.m2e.core.internal.Bundles - getClasspathEntries(Bundle=org.apache.commons.cli_1.9.0 [79])
2025-09-20 23:43:34,220 [Worker-15: Launching Executing clean in _home_subham_Desktop_Project_spring-docker-demoapp_app2] INFO  o.eclipse.m2e.core.internal.Bundles - 	Entry: /home/subham/Downloads/spring-tools-for-eclipse-4.31.0.RELEASE-e4.36.0-linux.gtk.x86_64/sts-4.31.0.RELEASE/plugins/org.apache.commons.cli_1.9.0.jar
2025-09-20 23:43:34,220 [Worker-15: Launching Executing clean in _home_subham_Desktop_Project_spring-docker-demoapp_app2] INFO  o.eclipse.m2e.core.internal.Bundles - getClasspathEntries(Bundle=org.apache.commons.commons-codec_1.16.0 [81])
2025-09-20 23:43:34,220 [Worker-15: Launching Executing clean in _home_subham_Desktop_Project_spring-docker-demoapp_app2] INFO  o.eclipse.m2e.core.internal.Bundles - 	Entry: /home/subham/Downloads/spring-tools-for-eclipse-4.31.0.RELEASE-e4.36.0-linux.gtk.x86_64/sts-4.31.0.RELEASE/plugins/org.apache.commons.commons-codec_1.16.0.jar
2025-09-20 23:43:34,220 [Worker-15: Launching Executing clean in _home_subham_Desktop_Project_spring-docker-demoapp_app2] INFO  o.eclipse.m2e.core.internal.Bundles - getClasspathEntries(Bundle=com.google.guava.failureaccess_1.0.3 [32])
2025-09-20 23:43:34,220 [Worker-15: Launching Executing clean in _home_subham_Desktop_Project_spring-docker-demoapp_app2] INFO  o.eclipse.m2e.core.internal.Bundles - 	Entry: /home/subham/Downloads/spring-tools-for-eclipse-4.31.0.RELEASE-e4.36.0-linux.gtk.x86_64/sts-4.31.0.RELEASE/plugins/com.google.guava.failureaccess_1.0.3.jar
2025-09-20 23:43:34,221 [Worker-15: Launching Executing clean in _home_subham_Desktop_Project_spring-docker-demoapp_app2] INFO  o.e.m.i.launch.MavenLaunchDelegate - Run build in "/home/subham/Desktop/Project/spring-docker-demoapp/app2":
2025-09-20 23:43:34,221 [Worker-15: Launching Executing clean in _home_subham_Desktop_Project_spring-docker-demoapp_app2] INFO  o.e.m.i.launch.MavenLaunchDelegate -  mvn  -Ppom.xml -B -Dstyle.color=always clean
2025-09-20 23:48:05,057 [Worker-10: Building] INFO  o.e.m.c.i.l.LifecycleMappingFactory - Using org.eclipse.m2e.jdt.JarLifecycleMapping lifecycle mapping for MavenProject: com.subham:app2:0.0.1-SNAPSHOT @ /home/subham/Desktop/Project/spring-docker-demoapp/app2/pom.xml.
2025-09-20 23:48:05,268 [Worker-10: Building] INFO  o.a.m.s.f.DefaultMavenResourcesFiltering - Copying 1 resource from src/main/resources to target/classes
2025-09-20 23:48:05,280 [Worker-10: Building] INFO  o.a.m.s.f.DefaultMavenResourcesFiltering - Copying 0 resource from src/main/resources to target/classes
2025-09-20 23:48:05,284 [Worker-10: Building] INFO  o.a.m.s.f.DefaultMavenResourcesFiltering - skip non existing resourceDirectory /home/subham/Desktop/Project/spring-docker-demoapp/app2/src/test/resources
2025-09-20 23:48:32,235 [Worker-15: Launching Executing clean in _home_subham_Desktop_Project_spring-docker-demoapp_app2] INFO  o.eclipse.m2e.core.internal.Bundles - getClasspathEntries(Bundle=org.eclipse.m2e.maven.runtime_3.9.900.20250220-2013 [361])
2025-09-20 23:48:32,235 [Worker-15: Launching Executing clean in _home_subham_Desktop_Project_spring-docker-demoapp_app2] INFO  o.eclipse.m2e.core.internal.Bundles - 	Entry: /home/subham/Downloads/spring-tools-for-eclipse-4.31.0.RELEASE-e4.36.0-linux.gtk.x86_64/sts-4.31.0.RELEASE/plugins/org.eclipse.m2e.maven.runtime_3.9.900.20250220-2013
2025-09-20 23:48:32,235 [Worker-15: Launching Executing clean in _home_subham_Desktop_Project_spring-docker-demoapp_app2] INFO  o.eclipse.m2e.core.internal.Bundles - 	Entry: /home/subham/Downloads/spring-tools-for-eclipse-4.31.0.RELEASE-e4.36.0-linux.gtk.x86_64/sts-4.31.0.RELEASE/plugins/org.eclipse.m2e.maven.runtime_3.9.900.20250220-2013/jars/aopalliance-1.0.jar
2025-09-20 23:48:32,235 [Worker-15: Launching Executing clean in _home_subham_Desktop_Project_spring-docker-demoapp_app2] INFO  o.eclipse.m2e.core.internal.Bundles - 	Entry: /home/subham/Downloads/spring-tools-for-eclipse-4.31.0.RELEASE-e4.36.0-linux.gtk.x86_64/sts-4.31.0.RELEASE/plugins/org.eclipse.m2e.maven.runtime_3.9.900.20250220-2013/jars/guice-5.1.0.jar
2025-09-20 23:48:32,236 [Worker-15: Launching Executing clean in _home_subham_Desktop_Project_spring-docker-demoapp_app2] INFO  o.eclipse.m2e.core.internal.Bundles - 	Entry: /home/subham/Downloads/spring-tools-for-eclipse-4.31.0.RELEASE-e4.36.0-linux.gtk.x86_64/sts-4.31.0.RELEASE/plugins/org.eclipse.m2e.maven.runtime_3.9.900.20250220-2013/jars/httpclient-4.5.14.jar
2025-09-20 23:48:32,236 [Worker-15: Launching Executing clean in _home_subham_Desktop_Project_spring-docker-demoapp_app2] INFO  o.eclipse.m2e.core.internal.Bundles - 	Entry: /home/subham/Downloads/spring-tools-for-eclipse-4.31.0.RELEASE-e4.36.0-linux.gtk.x86_64/sts-4.31.0.RELEASE/plugins/org.eclipse.m2e.maven.runtime_3.9.900.20250220-2013/jars/httpcore-4.4.16.jar
2025-09-20 23:48:32,236 [Worker-15: Launching Executing clean in _home_subham_Desktop_Project_spring-docker-demoapp_app2] INFO  o.eclipse.m2e.core.internal.Bundles - 	Entry: /home/subham/Downloads/spring-tools-for-eclipse-4.31.0.RELEASE-e4.36.0-linux.gtk.x86_64/sts-4.31.0.RELEASE/plugins/org.eclipse.m2e.maven.runtime_3.9.900.20250220-2013/jars/jansi-2.4.1.jar
2025-09-20 23:48:32,236 [Worker-15: Launching Executing clean in _home_subham_Desktop_Project_spring-docker-demoapp_app2] INFO  o.eclipse.m2e.core.internal.Bundles - 	Entry: /home/subham/Downloads/spring-tools-for-eclipse-4.31.0.RELEASE-e4.36.0-linux.gtk.x86_64/sts-4.31.0.RELEASE/plugins/org.eclipse.m2e.maven.runtime_3.9.900.20250220-2013/jars/jcl-over-slf4j-1.7.36.jar
2025-09-20 23:48:32,236 [Worker-15: Launching Executing clean in _home_subham_Desktop_Project_spring-docker-demoapp_app2] INFO  o.eclipse.m2e.core.internal.Bundles - 	Entry: /home/subham/Downloads/spring-tools-for-eclipse-4.31.0.RELEASE-e4.36.0-linux.gtk.x86_64/sts-4.31.0.RELEASE/plugins/org.eclipse.m2e.maven.runtime_3.9.900.20250220-2013/jars/maven-artifact-3.9.9.jar
2025-09-20 23:48:32,236 [Worker-15: Launching Executing clean in _home_subham_Desktop_Project_spring-docker-demoapp_app2] INFO  o.eclipse.m2e.core.internal.Bundles - 	Entry: /home/subham/Downloads/spring-tools-for-eclipse-4.31.0.RELEASE-e4.36.0-linux.gtk.x86_64/sts-4.31.0.RELEASE/plugins/org.eclipse.m2e.maven.runtime_3.9.900.20250220-2013/jars/maven-builder-support-3.9.9.jar
2025-09-20 23:48:32,236 [Worker-15: Launching Executing clean in _home_subham_Desktop_Project_spring-docker-demoapp_app2] INFO  o.eclipse.m2e.core.internal.Bundles - 	Entry: /home/subham/Downloads/spring-tools-for-eclipse-4.31.0.RELEASE-e4.36.0-linux.gtk.x86_64/sts-4.31.0.RELEASE/plugins/org.eclipse.m2e.maven.runtime_3.9.900.20250220-2013/jars/maven-compat-3.9.9.jar
2025-09-20 23:48:32,236 [Worker-15: Launching Executing clean in _home_subham_Desktop_Project_spring-docker-demoapp_app2] INFO  o.eclipse.m2e.core.internal.Bundles - 	Entry: /home/subham/Downloads/spring-tools-for-eclipse-4.31.0.RELEASE-e4.36.0-linux.gtk.x86_64/sts-4.31.0.RELEASE/plugins/org.eclipse.m2e.maven.runtime_3.9.900.20250220-2013/jars/maven-core-3.9.9.jar
2025-09-20 23:48:32,236 [Worker-15: Launching Executing clean in _home_subham_Desktop_Project_spring-docker-demoapp_app2] INFO  o.eclipse.m2e.core.internal.Bundles - 	Entry: /home/subham/Downloads/spring-tools-for-eclipse-4.31.0.RELEASE-e4.36.0-linux.gtk.x86_64/sts-4.31.0.RELEASE/plugins/org.eclipse.m2e.maven.runtime_3.9.900.20250220-2013/jars/maven-embedder-3.9.9.jar
2025-09-20 23:48:32,236 [Worker-15: Launching Executing clean in _home_subham_Desktop_Project_spring-docker-demoapp_app2] INFO  o.eclipse.m2e.core.internal.Bundles - 	Entry: /home/subham/Downloads/spring-tools-for-eclipse-4.31.0.RELEASE-e4.36.0-linux.gtk.x86_64/sts-4.31.0.RELEASE/plugins/org.eclipse.m2e.maven.runtime_3.9.900.20250220-2013/jars/maven-model-3.9.9.jar
2025-09-20 23:48:32,236 [Worker-15: Launching Executing clean in _home_subham_Desktop_Project_spring-docker-demoapp_app2] INFO  o.eclipse.m2e.core.internal.Bundles - 	Entry: /home/subham/Downloads/spring-tools-for-eclipse-4.31.0.RELEASE-e4.36.0-linux.gtk.x86_64/sts-4.31.0.RELEASE/plugins/org.eclipse.m2e.maven.runtime_3.9.900.20250220-2013/jars/maven-model-builder-3.9.9.jar
2025-09-20 23:48:32,236 [Worker-15: Launching Executing clean in _home_subham_Desktop_Project_spring-docker-demoapp_app2] INFO  o.eclipse.m2e.core.internal.Bundles - 	Entry: /home/subham/Downloads/spring-tools-for-eclipse-4.31.0.RELEASE-e4.36.0-linux.gtk.x86_64/sts-4.31.0.RELEASE/plugins/org.eclipse.m2e.maven.runtime_3.9.900.20250220-2013/jars/maven-plugin-api-3.9.9.jar
2025-09-20 23:48:32,236 [Worker-15: Launching Executing clean in _home_subham_Desktop_Project_spring-docker-demoapp_app2] INFO  o.eclipse.m2e.core.internal.Bundles - 	Entry: /home/subham/Downloads/spring-tools-for-eclipse-4.31.0.RELEASE-e4.36.0-linux.gtk.x86_64/sts-4.31.0.RELEASE/plugins/org.eclipse.m2e.maven.runtime_3.9.900.20250220-2013/jars/maven-repository-metadata-3.9.9.jar
2025-09-20 23:48:32,236 [Worker-15: Launching Executing clean in _home_subham_Desktop_Project_spring-docker-demoapp_app2] INFO  o.eclipse.m2e.core.internal.Bundles - 	Entry: /home/subham/Downloads/spring-tools-for-eclipse-4.31.0.RELEASE-e4.36.0-linux.gtk.x86_64/sts-4.31.0.RELEASE/plugins/org.eclipse.m2e.maven.runtime_3.9.900.20250220-2013/jars/maven-resolver-api-1.9.22.jar
2025-09-20 23:48:32,236 [Worker-15: Launching Executing clean in _home_subham_Desktop_Project_spring-docker-demoapp_app2] INFO  o.eclipse.m2e.core.internal.Bundles - 	Entry: /home/subham/Downloads/spring-tools-for-eclipse-4.31.0.RELEASE-e4.36.0-linux.gtk.x86_64/sts-4.31.0.RELEASE/plugins/org.eclipse.m2e.maven.runtime_3.9.900.20250220-2013/jars/maven-resolver-connector-basic-1.9.22.jar
2025-09-20 23:48:32,236 [Worker-15: Launching Executing clean in _home_subham_Desktop_Project_spring-docker-demoapp_app2] INFO  o.eclipse.m2e.core.internal.Bundles - 	Entry: /home/subham/Downloads/spring-tools-for-eclipse-4.31.0.RELEASE-e4.36.0-linux.gtk.x86_64/sts-4.31.0.RELEASE/plugins/org.eclipse.m2e.maven.runtime_3.9.900.20250220-2013/jars/maven-resolver-impl-1.9.22.jar
2025-09-20 23:48:32,236 [Worker-15: Launching Executing clean in _home_subham_Desktop_Project_spring-docker-demoapp_app2] INFO  o.eclipse.m2e.core.internal.Bundles - 	Entry: /home/subham/Downloads/spring-tools-for-eclipse-4.31.0.RELEASE-e4.36.0-linux.gtk.x86_64/sts-4.31.0.RELEASE/plugins/org.eclipse.m2e.maven.runtime_3.9.900.20250220-2013/jars/maven-resolver-named-locks-1.9.22.jar
2025-09-20 23:48:32,236 [Worker-15: Launching Executing clean in _home_subham_Desktop_Project_spring-docker-demoapp_app2] INFO  o.eclipse.m2e.core.internal.Bundles - 	Entry: /home/subham/Downloads/spring-tools-for-eclipse-4.31.0.RELEASE-e4.36.0-linux.gtk.x86_64/sts-4.31.0.RELEASE/plugins/org.eclipse.m2e.maven.runtime_3.9.900.20250220-2013/jars/maven-resolver-provider-3.9.9.jar
2025-09-20 23:48:32,236 [Worker-15: Launching Executing clean in _home_subham_Desktop_Project_spring-docker-demoapp_app2] INFO  o.eclipse.m2e.core.internal.Bundles - 	Entry: /home/subham/Downloads/spring-tools-for-eclipse-4.31.0.RELEASE-e4.36.0-linux.gtk.x86_64/sts-4.31.0.RELEASE/plugins/org.eclipse.m2e.maven.runtime_3.9.900.20250220-2013/jars/maven-resolver-spi-1.9.22.jar
2025-09-20 23:48:32,236 [Worker-15: Launching Executing clean in _home_subham_Desktop_Project_spring-docker-demoapp_app2] INFO  o.eclipse.m2e.core.internal.Bundles - 	Entry: /home/subham/Downloads/spring-tools-for-eclipse-4.31.0.RELEASE-e4.36.0-linux.gtk.x86_64/sts-4.31.0.RELEASE/plugins/org.eclipse.m2e.maven.runtime_3.9.900.20250220-2013/jars/maven-resolver-transport-file-1.9.22.jar
2025-09-20 23:48:32,236 [Worker-15: Launching Executing clean in _home_subham_Desktop_Project_spring-docker-demoapp_app2] INFO  o.eclipse.m2e.core.internal.Bundles - 	Entry: /home/subham/Downloads/spring-tools-for-eclipse-4.31.0.RELEASE-e4.36.0-linux.gtk.x86_64/sts-4.31.0.RELEASE/plugins/org.eclipse.m2e.maven.runtime_3.9.900.20250220-2013/jars/maven-resolver-transport-http-1.9.22.jar
2025-09-20 23:48:32,236 [Worker-15: Launching Executing clean in _home_subham_Desktop_Project_spring-docker-demoapp_app2] INFO  o.eclipse.m2e.core.internal.Bundles - 	Entry: /home/subham/Downloads/spring-tools-for-eclipse-4.31.0.RELEASE-e4.36.0-linux.gtk.x86_64/sts-4.31.0.RELEASE/plugins/org.eclipse.m2e.maven.runtime_3.9.900.20250220-2013/jars/maven-resolver-transport-wagon-1.9.22.jar
2025-09-20 23:48:32,236 [Worker-15: Launching Executing clean in _home_subham_Desktop_Project_spring-docker-demoapp_app2] INFO  o.eclipse.m2e.core.internal.Bundles - 	Entry: /home/subham/Downloads/spring-tools-for-eclipse-4.31.0.RELEASE-e4.36.0-linux.gtk.x86_64/sts-4.31.0.RELEASE/plugins/org.eclipse.m2e.maven.runtime_3.9.900.20250220-2013/jars/maven-resolver-util-1.9.22.jar
2025-09-20 23:48:32,236 [Worker-15: Launching Executing clean in _home_subham_Desktop_Project_spring-docker-demoapp_app2] INFO  o.eclipse.m2e.core.internal.Bundles - 	Entry: /home/subham/Downloads/spring-tools-for-eclipse-4.31.0.RELEASE-e4.36.0-linux.gtk.x86_64/sts-4.31.0.RELEASE/plugins/org.eclipse.m2e.maven.runtime_3.9.900.20250220-2013/jars/maven-settings-3.9.9.jar
2025-09-20 23:48:32,236 [Worker-15: Launching Executing clean in _home_subham_Desktop_Project_spring-docker-demoapp_app2] INFO  o.eclipse.m2e.core.internal.Bundles - 	Entry: /home/subham/Downloads/spring-tools-for-eclipse-4.31.0.RELEASE-e4.36.0-linux.gtk.x86_64/sts-4.31.0.RELEASE/plugins/org.eclipse.m2e.maven.runtime_3.9.900.20250220-2013/jars/maven-settings-builder-3.9.9.jar
2025-09-20 23:48:32,236 [Worker-15: Launching Executing clean in _home_subham_Desktop_Project_spring-docker-demoapp_app2] INFO  o.eclipse.m2e.core.internal.Bundles - 	Entry: /home/subham/Downloads/spring-tools-for-eclipse-4.31.0.RELEASE-e4.36.0-linux.gtk.x86_64/sts-4.31.0.RELEASE/plugins/org.eclipse.m2e.maven.runtime_3.9.900.20250220-2013/jars/maven-shared-utils-3.4.2.jar
2025-09-20 23:48:32,236 [Worker-15: Launching Executing clean in _home_subham_Desktop_Project_spring-docker-demoapp_app2] INFO  o.eclipse.m2e.core.internal.Bundles - 	Entry: /home/subham/Downloads/spring-tools-for-eclipse-4.31.0.RELEASE-e4.36.0-linux.gtk.x86_64/sts-4.31.0.RELEASE/plugins/org.eclipse.m2e.maven.runtime_3.9.900.20250220-2013/jars/org.eclipse.sisu.inject-0.9.0.M3.jar
2025-09-20 23:48:32,236 [Worker-15: Launching Executing clean in _home_subham_Desktop_Project_spring-docker-demoapp_app2] INFO  o.eclipse.m2e.core.internal.Bundles - 	Entry: /home/subham/Downloads/spring-tools-for-eclipse-4.31.0.RELEASE-e4.36.0-linux.gtk.x86_64/sts-4.31.0.RELEASE/plugins/org.eclipse.m2e.maven.runtime_3.9.900.20250220-2013/jars/org.eclipse.sisu.plexus-0.9.0.M3.jar
2025-09-20 23:48:32,236 [Worker-15: Launching Executing clean in _home_subham_Desktop_Project_spring-docker-demoapp_app2] INFO  o.eclipse.m2e.core.internal.Bundles - 	Entry: /home/subham/Downloads/spring-tools-for-eclipse-4.31.0.RELEASE-e4.36.0-linux.gtk.x86_64/sts-4.31.0.RELEASE/plugins/org.eclipse.m2e.maven.runtime_3.9.900.20250220-2013/jars/plexus-build-api-0.0.7.jar
2025-09-20 23:48:32,236 [Worker-15: Launching Executing clean in _home_subham_Desktop_Project_spring-docker-demoapp_app2] INFO  o.eclipse.m2e.core.internal.Bundles - 	Entry: /home/subham/Downloads/spring-tools-for-eclipse-4.31.0.RELEASE-e4.36.0-linux.gtk.x86_64/sts-4.31.0.RELEASE/plugins/org.eclipse.m2e.maven.runtime_3.9.900.20250220-2013/jars/plexus-build-api-1.2.0.jar
2025-09-20 23:48:32,236 [Worker-15: Launching Executing clean in _home_subham_Desktop_Project_spring-docker-demoapp_app2] INFO  o.eclipse.m2e.core.internal.Bundles - 	Entry: /home/subham/Downloads/spring-tools-for-eclipse-4.31.0.RELEASE-e4.36.0-linux.gtk.x86_64/sts-4.31.0.RELEASE/plugins/org.eclipse.m2e.maven.runtime_3.9.900.20250220-2013/jars/plexus-cipher-2.0.jar
2025-09-20 23:48:32,236 [Worker-15: Launching Executing clean in _home_subham_Desktop_Project_spring-docker-demoapp_app2] INFO  o.eclipse.m2e.core.internal.Bundles - 	Entry: /home/subham/Downloads/spring-tools-for-eclipse-4.31.0.RELEASE-e4.36.0-linux.gtk.x86_64/sts-4.31.0.RELEASE/plugins/org.eclipse.m2e.maven.runtime_3.9.900.20250220-2013/jars/plexus-classworlds-2.8.0.jar
2025-09-20 23:48:32,236 [Worker-15: Launching Executing clean in _home_subham_Desktop_Project_spring-docker-demoapp_app2] INFO  o.eclipse.m2e.core.internal.Bundles - 	Entry: /home/subham/Downloads/spring-tools-for-eclipse-4.31.0.RELEASE-e4.36.0-linux.gtk.x86_64/sts-4.31.0.RELEASE/plugins/org.eclipse.m2e.maven.runtime_3.9.900.20250220-2013/jars/plexus-component-annotations-2.1.0.jar
2025-09-20 23:48:32,236 [Worker-15: Launching Executing clean in _home_subham_Desktop_Project_spring-docker-demoapp_app2] INFO  o.eclipse.m2e.core.internal.Bundles - 	Entry: /home/subham/Downloads/spring-tools-for-eclipse-4.31.0.RELEASE-e4.36.0-linux.gtk.x86_64/sts-4.31.0.RELEASE/plugins/org.eclipse.m2e.maven.runtime_3.9.900.20250220-2013/jars/plexus-interpolation-1.27.jar
2025-09-20 23:48:32,236 [Worker-15: Launching Executing clean in _home_subham_Desktop_Project_spring-docker-demoapp_app2] INFO  o.eclipse.m2e.core.internal.Bundles - 	Entry: /home/subham/Downloads/spring-tools-for-eclipse-4.31.0.RELEASE-e4.36.0-linux.gtk.x86_64/sts-4.31.0.RELEASE/plugins/org.eclipse.m2e.maven.runtime_3.9.900.20250220-2013/jars/plexus-sec-dispatcher-2.0.jar
2025-09-20 23:48:32,236 [Worker-15: Launching Executing clean in _home_subham_Desktop_Project_spring-docker-demoapp_app2] INFO  o.eclipse.m2e.core.internal.Bundles - 	Entry: /home/subham/Downloads/spring-tools-for-eclipse-4.31.0.RELEASE-e4.36.0-linux.gtk.x86_64/sts-4.31.0.RELEASE/plugins/org.eclipse.m2e.maven.runtime_3.9.900.20250220-2013/jars/plexus-utils-3.5.1.jar
2025-09-20 23:48:32,236 [Worker-15: Launching Executing clean in _home_subham_Desktop_Project_spring-docker-demoapp_app2] INFO  o.eclipse.m2e.core.internal.Bundles - 	Entry: /home/subham/Downloads/spring-tools-for-eclipse-4.31.0.RELEASE-e4.36.0-linux.gtk.x86_64/sts-4.31.0.RELEASE/plugins/org.eclipse.m2e.maven.runtime_3.9.900.20250220-2013/jars/plexus-xml-3.0.1.jar
2025-09-20 23:48:32,236 [Worker-15: Launching Executing clean in _home_subham_Desktop_Project_spring-docker-demoapp_app2] INFO  o.eclipse.m2e.core.internal.Bundles - 	Entry: /home/subham/Downloads/spring-tools-for-eclipse-4.31.0.RELEASE-e4.36.0-linux.gtk.x86_64/sts-4.31.0.RELEASE/plugins/org.eclipse.m2e.maven.runtime_3.9.900.20250220-2013/jars/wagon-file-3.5.3.jar
2025-09-20 23:48:32,236 [Worker-15: Launching Executing clean in _home_subham_Desktop_Project_spring-docker-demoapp_app2] INFO  o.eclipse.m2e.core.internal.Bundles - 	Entry: /home/subham/Downloads/spring-tools-for-eclipse-4.31.0.RELEASE-e4.36.0-linux.gtk.x86_64/sts-4.31.0.RELEASE/plugins/org.eclipse.m2e.maven.runtime_3.9.900.20250220-2013/jars/wagon-http-3.5.3.jar
2025-09-20 23:48:32,236 [Worker-15: Launching Executing clean in _home_subham_Desktop_Project_spring-docker-demoapp_app2] INFO  o.eclipse.m2e.core.internal.Bundles - 	Entry: /home/subham/Downloads/spring-tools-for-eclipse-4.31.0.RELEASE-e4.36.0-linux.gtk.x86_64/sts-4.31.0.RELEASE/plugins/org.eclipse.m2e.maven.runtime_3.9.900.20250220-2013/jars/wagon-http-shared-3.5.3.jar
2025-09-20 23:48:32,236 [Worker-15: Launching Executing clean in _home_subham_Desktop_Project_spring-docker-demoapp_app2] INFO  o.eclipse.m2e.core.internal.Bundles - 	Entry: /home/subham/Downloads/spring-tools-for-eclipse-4.31.0.RELEASE-e4.36.0-linux.gtk.x86_64/sts-4.31.0.RELEASE/plugins/org.eclipse.m2e.maven.runtime_3.9.900.20250220-2013/jars/wagon-provider-api-3.5.3.jar
2025-09-20 23:48:32,236 [Worker-15: Launching Executing clean in _home_subham_Desktop_Project_spring-docker-demoapp_app2] INFO  o.eclipse.m2e.core.internal.Bundles - getClasspathEntries(Bundle=com.google.guava_33.4.8.jre [31])
2025-09-20 23:48:32,236 [Worker-15: Launching Executing clean in _home_subham_Desktop_Project_spring-docker-demoapp_app2] INFO  o.eclipse.m2e.core.internal.Bundles - 	Entry: /home/subham/Downloads/spring-tools-for-eclipse-4.31.0.RELEASE-e4.36.0-linux.gtk.x86_64/sts-4.31.0.RELEASE/plugins/com.google.guava_33.4.8.jre.jar
2025-09-20 23:48:32,236 [Worker-15: Launching Executing clean in _home_subham_Desktop_Project_spring-docker-demoapp_app2] INFO  o.eclipse.m2e.core.internal.Bundles - getClasspathEntries(Bundle=slf4j.api_2.0.17 [609])
2025-09-20 23:48:32,236 [Worker-15: Launching Executing clean in _home_subham_Desktop_Project_spring-docker-demoapp_app2] INFO  o.eclipse.m2e.core.internal.Bundles - 	Entry: /home/subham/Downloads/spring-tools-for-eclipse-4.31.0.RELEASE-e4.36.0-linux.gtk.x86_64/sts-4.31.0.RELEASE/plugins/slf4j.api_2.0.17.jar
2025-09-20 23:48:32,236 [Worker-15: Launching Executing clean in _home_subham_Desktop_Project_spring-docker-demoapp_app2] INFO  o.eclipse.m2e.core.internal.Bundles - getClasspathEntries(Bundle=jakarta.inject.jakarta.inject-api_1.0.5 [46])
2025-09-20 23:48:32,236 [Worker-15: Launching Executing clean in _home_subham_Desktop_Project_spring-docker-demoapp_app2] INFO  o.eclipse.m2e.core.internal.Bundles - 	Entry: /home/subham/Downloads/spring-tools-for-eclipse-4.31.0.RELEASE-e4.36.0-linux.gtk.x86_64/sts-4.31.0.RELEASE/plugins/jakarta.inject.jakarta.inject-api_1.0.5.jar
2025-09-20 23:48:32,236 [Worker-15: Launching Executing clean in _home_subham_Desktop_Project_spring-docker-demoapp_app2] INFO  o.eclipse.m2e.core.internal.Bundles - getClasspathEntries(Bundle=javax.annotation_1.3.5.v20200909-1856 [55])
2025-09-20 23:48:32,236 [Worker-15: Launching Executing clean in _home_subham_Desktop_Project_spring-docker-demoapp_app2] INFO  o.eclipse.m2e.core.internal.Bundles - 	Entry: /home/subham/Downloads/spring-tools-for-eclipse-4.31.0.RELEASE-e4.36.0-linux.gtk.x86_64/sts-4.31.0.RELEASE/plugins/javax.annotation_1.3.5.v20200909-1856.jar
2025-09-20 23:48:32,236 [Worker-15: Launching Executing clean in _home_subham_Desktop_Project_spring-docker-demoapp_app2] INFO  o.eclipse.m2e.core.internal.Bundles - getClasspathEntries(Bundle=org.apache.commons.cli_1.9.0 [79])
2025-09-20 23:48:32,236 [Worker-15: Launching Executing clean in _home_subham_Desktop_Project_spring-docker-demoapp_app2] INFO  o.eclipse.m2e.core.internal.Bundles - 	Entry: /home/subham/Downloads/spring-tools-for-eclipse-4.31.0.RELEASE-e4.36.0-linux.gtk.x86_64/sts-4.31.0.RELEASE/plugins/org.apache.commons.cli_1.9.0.jar
2025-09-20 23:48:32,236 [Worker-15: Launching Executing clean in _home_subham_Desktop_Project_spring-docker-demoapp_app2] INFO  o.eclipse.m2e.core.internal.Bundles - getClasspathEntries(Bundle=org.apache.commons.commons-codec_1.16.0 [81])
2025-09-20 23:48:32,236 [Worker-15: Launching Executing clean in _home_subham_Desktop_Project_spring-docker-demoapp_app2] INFO  o.eclipse.m2e.core.internal.Bundles - 	Entry: /home/subham/Downloads/spring-tools-for-eclipse-4.31.0.RELEASE-e4.36.0-linux.gtk.x86_64/sts-4.31.0.RELEASE/plugins/org.apache.commons.commons-codec_1.16.0.jar
2025-09-20 23:48:32,236 [Worker-15: Launching Executing clean in _home_subham_Desktop_Project_spring-docker-demoapp_app2] INFO  o.eclipse.m2e.core.internal.Bundles - getClasspathEntries(Bundle=com.google.guava.failureaccess_1.0.3 [32])
2025-09-20 23:48:32,236 [Worker-15: Launching Executing clean in _home_subham_Desktop_Project_spring-docker-demoapp_app2] INFO  o.eclipse.m2e.core.internal.Bundles - 	Entry: /home/subham/Downloads/spring-tools-for-eclipse-4.31.0.RELEASE-e4.36.0-linux.gtk.x86_64/sts-4.31.0.RELEASE/plugins/com.google.guava.failureaccess_1.0.3.jar
2025-09-20 23:48:32,237 [Worker-15: Launching Executing clean in _home_subham_Desktop_Project_spring-docker-demoapp_app2] INFO  o.e.m.i.launch.MavenLaunchDelegate - Run build in "/home/subham/Desktop/Project/spring-docker-demoapp/app2":
2025-09-20 23:48:32,237 [Worker-15: Launching Executing clean in _home_subham_Desktop_Project_spring-docker-demoapp_app2] INFO  o.e.m.i.launch.MavenLaunchDelegate -  mvn  -Ppom.xml -B -Dstyle.color=always clean
2025-09-20 23:48:48,901 [Worker-16: Updating Maven Project] INFO  o.e.m.c.i.p.ProjectConfigurationManager - Update started
2025-09-20 23:48:49,017 [Worker-16: Updating Maven Project] INFO  o.e.m.c.i.l.LifecycleMappingFactory - Using org.eclipse.m2e.jdt.JarLifecycleMapping lifecycle mapping for MavenProject: com.subham:app2:0.0.1-SNAPSHOT @ /home/subham/Desktop/Project/spring-docker-demoapp/app2/pom.xml.
2025-09-20 23:48:49,173 [Worker-16: Updating Maven Project] INFO  o.e.m.j.i.AbstractJavaProjectConfigurator - Adding source folder /app2/src/main/java
2025-09-20 23:48:49,174 [Worker-16: Updating Maven Project] INFO  o.e.m.j.i.AbstractJavaProjectConfigurator - Adding resource folder /app2/src/main/resources
2025-09-20 23:48:49,174 [Worker-16: Updating Maven Project] INFO  o.e.m.j.i.AbstractJavaProjectConfigurator - Adding resource folder /app2/src/main/resources
2025-09-20 23:48:49,174 [Worker-16: Updating Maven Project] INFO  o.e.m.j.i.AbstractJavaProjectConfigurator - Adding source folder /app2/src/test/java
2025-09-20 23:48:49,175 [Worker-16: Updating Maven Project] INFO  o.e.m.j.i.AbstractJavaProjectConfigurator - Adding resource folder /app2/src/test/resources
2025-09-20 23:48:49,240 [Worker-16: Updating Maven Project] INFO  o.e.m.c.i.p.ProjectConfigurationManager - Update completed for 1 poms: local refresh takes 0.00 sec, refresh facades takes 0.00 sec, update config takes 0.00 sec 
2025-09-20 23:48:49,452 [Worker-1: Building] INFO  o.a.m.s.f.DefaultMavenResourcesFiltering - Copying 1 resource from src/main/resources to target/classes
2025-09-20 23:48:49,465 [Worker-1: Building] INFO  o.a.m.s.f.DefaultMavenResourcesFiltering - Copying 0 resource from src/main/resources to target/classes
2025-09-20 23:48:49,469 [Worker-1: Building] INFO  o.a.m.s.f.DefaultMavenResourcesFiltering - skip non existing resourceDirectory /home/subham/Desktop/Project/spring-docker-demoapp/app2/src/test/resources
2025-09-20 23:48:55,331 [Worker-17: Launching Executing clean in _home_subham_Desktop_Project_spring-docker-demoapp_app2] INFO  o.eclipse.m2e.core.internal.Bundles - getClasspathEntries(Bundle=org.eclipse.m2e.maven.runtime_3.9.900.20250220-2013 [361])
2025-09-20 23:48:55,332 [Worker-17: Launching Executing clean in _home_subham_Desktop_Project_spring-docker-demoapp_app2] INFO  o.eclipse.m2e.core.internal.Bundles - 	Entry: /home/subham/Downloads/spring-tools-for-eclipse-4.31.0.RELEASE-e4.36.0-linux.gtk.x86_64/sts-4.31.0.RELEASE/plugins/org.eclipse.m2e.maven.runtime_3.9.900.20250220-2013
2025-09-20 23:48:55,332 [Worker-17: Launching Executing clean in _home_subham_Desktop_Project_spring-docker-demoapp_app2] INFO  o.eclipse.m2e.core.internal.Bundles - 	Entry: /home/subham/Downloads/spring-tools-for-eclipse-4.31.0.RELEASE-e4.36.0-linux.gtk.x86_64/sts-4.31.0.RELEASE/plugins/org.eclipse.m2e.maven.runtime_3.9.900.20250220-2013/jars/aopalliance-1.0.jar
2025-09-20 23:48:55,332 [Worker-17: Launching Executing clean in _home_subham_Desktop_Project_spring-docker-demoapp_app2] INFO  o.eclipse.m2e.core.internal.Bundles - 	Entry: /home/subham/Downloads/spring-tools-for-eclipse-4.31.0.RELEASE-e4.36.0-linux.gtk.x86_64/sts-4.31.0.RELEASE/plugins/org.eclipse.m2e.maven.runtime_3.9.900.20250220-2013/jars/guice-5.1.0.jar
2025-09-20 23:48:55,332 [Worker-17: Launching Executing clean in _home_subham_Desktop_Project_spring-docker-demoapp_app2] INFO  o.eclipse.m2e.core.internal.Bundles - 	Entry: /home/subham/Downloads/spring-tools-for-eclipse-4.31.0.RELEASE-e4.36.0-linux.gtk.x86_64/sts-4.31.0.RELEASE/plugins/org.eclipse.m2e.maven.runtime_3.9.900.20250220-2013/jars/httpclient-4.5.14.jar
2025-09-20 23:48:55,332 [Worker-17: Launching Executing clean in _home_subham_Desktop_Project_spring-docker-demoapp_app2] INFO  o.eclipse.m2e.core.internal.Bundles - 	Entry: /home/subham/Downloads/spring-tools-for-eclipse-4.31.0.RELEASE-e4.36.0-linux.gtk.x86_64/sts-4.31.0.RELEASE/plugins/org.eclipse.m2e.maven.runtime_3.9.900.20250220-2013/jars/httpcore-4.4.16.jar
2025-09-20 23:48:55,332 [Worker-17: Launching Executing clean in _home_subham_Desktop_Project_spring-docker-demoapp_app2] INFO  o.eclipse.m2e.core.internal.Bundles - 	Entry: /home/subham/Downloads/spring-tools-for-eclipse-4.31.0.RELEASE-e4.36.0-linux.gtk.x86_64/sts-4.31.0.RELEASE/plugins/org.eclipse.m2e.maven.runtime_3.9.900.20250220-2013/jars/jansi-2.4.1.jar
2025-09-20 23:48:55,332 [Worker-17: Launching Executing clean in _home_subham_Desktop_Project_spring-docker-demoapp_app2] INFO  o.eclipse.m2e.core.internal.Bundles - 	Entry: /home/subham/Downloads/spring-tools-for-eclipse-4.31.0.RELEASE-e4.36.0-linux.gtk.x86_64/sts-4.31.0.RELEASE/plugins/org.eclipse.m2e.maven.runtime_3.9.900.20250220-2013/jars/jcl-over-slf4j-1.7.36.jar
2025-09-20 23:48:55,332 [Worker-17: Launching Executing clean in _home_subham_Desktop_Project_spring-docker-demoapp_app2] INFO  o.eclipse.m2e.core.internal.Bundles - 	Entry: /home/subham/Downloads/spring-tools-for-eclipse-4.31.0.RELEASE-e4.36.0-linux.gtk.x86_64/sts-4.31.0.RELEASE/plugins/org.eclipse.m2e.maven.runtime_3.9.900.20250220-2013/jars/maven-artifact-3.9.9.jar
2025-09-20 23:48:55,332 [Worker-17: Launching Executing clean in _home_subham_Desktop_Project_spring-docker-demoapp_app2] INFO  o.eclipse.m2e.core.internal.Bundles - 	Entry: /home/subham/Downloads/spring-tools-for-eclipse-4.31.0.RELEASE-e4.36.0-linux.gtk.x86_64/sts-4.31.0.RELEASE/plugins/org.eclipse.m2e.maven.runtime_3.9.900.20250220-2013/jars/maven-builder-support-3.9.9.jar
2025-09-20 23:48:55,332 [Worker-17: Launching Executing clean in _home_subham_Desktop_Project_spring-docker-demoapp_app2] INFO  o.eclipse.m2e.core.internal.Bundles - 	Entry: /home/subham/Downloads/spring-tools-for-eclipse-4.31.0.RELEASE-e4.36.0-linux.gtk.x86_64/sts-4.31.0.RELEASE/plugins/org.eclipse.m2e.maven.runtime_3.9.900.20250220-2013/jars/maven-compat-3.9.9.jar
2025-09-20 23:48:55,332 [Worker-17: Launching Executing clean in _home_subham_Desktop_Project_spring-docker-demoapp_app2] INFO  o.eclipse.m2e.core.internal.Bundles - 	Entry: /home/subham/Downloads/spring-tools-for-eclipse-4.31.0.RELEASE-e4.36.0-linux.gtk.x86_64/sts-4.31.0.RELEASE/plugins/org.eclipse.m2e.maven.runtime_3.9.900.20250220-2013/jars/maven-core-3.9.9.jar
2025-09-20 23:48:55,332 [Worker-17: Launching Executing clean in _home_subham_Desktop_Project_spring-docker-demoapp_app2] INFO  o.eclipse.m2e.core.internal.Bundles - 	Entry: /home/subham/Downloads/spring-tools-for-eclipse-4.31.0.RELEASE-e4.36.0-linux.gtk.x86_64/sts-4.31.0.RELEASE/plugins/org.eclipse.m2e.maven.runtime_3.9.900.20250220-2013/jars/maven-embedder-3.9.9.jar
2025-09-20 23:48:55,332 [Worker-17: Launching Executing clean in _home_subham_Desktop_Project_spring-docker-demoapp_app2] INFO  o.eclipse.m2e.core.internal.Bundles - 	Entry: /home/subham/Downloads/spring-tools-for-eclipse-4.31.0.RELEASE-e4.36.0-linux.gtk.x86_64/sts-4.31.0.RELEASE/plugins/org.eclipse.m2e.maven.runtime_3.9.900.20250220-2013/jars/maven-model-3.9.9.jar
2025-09-20 23:48:55,332 [Worker-17: Launching Executing clean in _home_subham_Desktop_Project_spring-docker-demoapp_app2] INFO  o.eclipse.m2e.core.internal.Bundles - 	Entry: /home/subham/Downloads/spring-tools-for-eclipse-4.31.0.RELEASE-e4.36.0-linux.gtk.x86_64/sts-4.31.0.RELEASE/plugins/org.eclipse.m2e.maven.runtime_3.9.900.20250220-2013/jars/maven-model-builder-3.9.9.jar
2025-09-20 23:48:55,332 [Worker-17: Launching Executing clean in _home_subham_Desktop_Project_spring-docker-demoapp_app2] INFO  o.eclipse.m2e.core.internal.Bundles - 	Entry: /home/subham/Downloads/spring-tools-for-eclipse-4.31.0.RELEASE-e4.36.0-linux.gtk.x86_64/sts-4.31.0.RELEASE/plugins/org.eclipse.m2e.maven.runtime_3.9.900.20250220-2013/jars/maven-plugin-api-3.9.9.jar
2025-09-20 23:48:55,332 [Worker-17: Launching Executing clean in _home_subham_Desktop_Project_spring-docker-demoapp_app2] INFO  o.eclipse.m2e.core.internal.Bundles - 	Entry: /home/subham/Downloads/spring-tools-for-eclipse-4.31.0.RELEASE-e4.36.0-linux.gtk.x86_64/sts-4.31.0.RELEASE/plugins/org.eclipse.m2e.maven.runtime_3.9.900.20250220-2013/jars/maven-repository-metadata-3.9.9.jar
2025-09-20 23:48:55,332 [Worker-17: Launching Executing clean in _home_subham_Desktop_Project_spring-docker-demoapp_app2] INFO  o.eclipse.m2e.core.internal.Bundles - 	Entry: /home/subham/Downloads/spring-tools-for-eclipse-4.31.0.RELEASE-e4.36.0-linux.gtk.x86_64/sts-4.31.0.RELEASE/plugins/org.eclipse.m2e.maven.runtime_3.9.900.20250220-2013/jars/maven-resolver-api-1.9.22.jar
2025-09-20 23:48:55,332 [Worker-17: Launching Executing clean in _home_subham_Desktop_Project_spring-docker-demoapp_app2] INFO  o.eclipse.m2e.core.internal.Bundles - 	Entry: /home/subham/Downloads/spring-tools-for-eclipse-4.31.0.RELEASE-e4.36.0-linux.gtk.x86_64/sts-4.31.0.RELEASE/plugins/org.eclipse.m2e.maven.runtime_3.9.900.20250220-2013/jars/maven-resolver-connector-basic-1.9.22.jar
2025-09-20 23:48:55,332 [Worker-17: Launching Executing clean in _home_subham_Desktop_Project_spring-docker-demoapp_app2] INFO  o.eclipse.m2e.core.internal.Bundles - 	Entry: /home/subham/Downloads/spring-tools-for-eclipse-4.31.0.RELEASE-e4.36.0-linux.gtk.x86_64/sts-4.31.0.RELEASE/plugins/org.eclipse.m2e.maven.runtime_3.9.900.20250220-2013/jars/maven-resolver-impl-1.9.22.jar
2025-09-20 23:48:55,332 [Worker-17: Launching Executing clean in _home_subham_Desktop_Project_spring-docker-demoapp_app2] INFO  o.eclipse.m2e.core.internal.Bundles - 	Entry: /home/subham/Downloads/spring-tools-for-eclipse-4.31.0.RELEASE-e4.36.0-linux.gtk.x86_64/sts-4.31.0.RELEASE/plugins/org.eclipse.m2e.maven.runtime_3.9.900.20250220-2013/jars/maven-resolver-named-locks-1.9.22.jar
2025-09-20 23:48:55,332 [Worker-17: Launching Executing clean in _home_subham_Desktop_Project_spring-docker-demoapp_app2] INFO  o.eclipse.m2e.core.internal.Bundles - 	Entry: /home/subham/Downloads/spring-tools-for-eclipse-4.31.0.RELEASE-e4.36.0-linux.gtk.x86_64/sts-4.31.0.RELEASE/plugins/org.eclipse.m2e.maven.runtime_3.9.900.20250220-2013/jars/maven-resolver-provider-3.9.9.jar
2025-09-20 23:48:55,332 [Worker-17: Launching Executing clean in _home_subham_Desktop_Project_spring-docker-demoapp_app2] INFO  o.eclipse.m2e.core.internal.Bundles - 	Entry: /home/subham/Downloads/spring-tools-for-eclipse-4.31.0.RELEASE-e4.36.0-linux.gtk.x86_64/sts-4.31.0.RELEASE/plugins/org.eclipse.m2e.maven.runtime_3.9.900.20250220-2013/jars/maven-resolver-spi-1.9.22.jar
2025-09-20 23:48:55,332 [Worker-17: Launching Executing clean in _home_subham_Desktop_Project_spring-docker-demoapp_app2] INFO  o.eclipse.m2e.core.internal.Bundles - 	Entry: /home/subham/Downloads/spring-tools-for-eclipse-4.31.0.RELEASE-e4.36.0-linux.gtk.x86_64/sts-4.31.0.RELEASE/plugins/org.eclipse.m2e.maven.runtime_3.9.900.20250220-2013/jars/maven-resolver-transport-file-1.9.22.jar
2025-09-20 23:48:55,332 [Worker-17: Launching Executing clean in _home_subham_Desktop_Project_spring-docker-demoapp_app2] INFO  o.eclipse.m2e.core.internal.Bundles - 	Entry: /home/subham/Downloads/spring-tools-for-eclipse-4.31.0.RELEASE-e4.36.0-linux.gtk.x86_64/sts-4.31.0.RELEASE/plugins/org.eclipse.m2e.maven.runtime_3.9.900.20250220-2013/jars/maven-resolver-transport-http-1.9.22.jar
2025-09-20 23:48:55,332 [Worker-17: Launching Executing clean in _home_subham_Desktop_Project_spring-docker-demoapp_app2] INFO  o.eclipse.m2e.core.internal.Bundles - 	Entry: /home/subham/Downloads/spring-tools-for-eclipse-4.31.0.RELEASE-e4.36.0-linux.gtk.x86_64/sts-4.31.0.RELEASE/plugins/org.eclipse.m2e.maven.runtime_3.9.900.20250220-2013/jars/maven-resolver-transport-wagon-1.9.22.jar
2025-09-20 23:48:55,332 [Worker-17: Launching Executing clean in _home_subham_Desktop_Project_spring-docker-demoapp_app2] INFO  o.eclipse.m2e.core.internal.Bundles - 	Entry: /home/subham/Downloads/spring-tools-for-eclipse-4.31.0.RELEASE-e4.36.0-linux.gtk.x86_64/sts-4.31.0.RELEASE/plugins/org.eclipse.m2e.maven.runtime_3.9.900.20250220-2013/jars/maven-resolver-util-1.9.22.jar
2025-09-20 23:48:55,332 [Worker-17: Launching Executing clean in _home_subham_Desktop_Project_spring-docker-demoapp_app2] INFO  o.eclipse.m2e.core.internal.Bundles - 	Entry: /home/subham/Downloads/spring-tools-for-eclipse-4.31.0.RELEASE-e4.36.0-linux.gtk.x86_64/sts-4.31.0.RELEASE/plugins/org.eclipse.m2e.maven.runtime_3.9.900.20250220-2013/jars/maven-settings-3.9.9.jar
2025-09-20 23:48:55,332 [Worker-17: Launching Executing clean in _home_subham_Desktop_Project_spring-docker-demoapp_app2] INFO  o.eclipse.m2e.core.internal.Bundles - 	Entry: /home/subham/Downloads/spring-tools-for-eclipse-4.31.0.RELEASE-e4.36.0-linux.gtk.x86_64/sts-4.31.0.RELEASE/plugins/org.eclipse.m2e.maven.runtime_3.9.900.20250220-2013/jars/maven-settings-builder-3.9.9.jar
2025-09-20 23:48:55,332 [Worker-17: Launching Executing clean in _home_subham_Desktop_Project_spring-docker-demoapp_app2] INFO  o.eclipse.m2e.core.internal.Bundles - 	Entry: /home/subham/Downloads/spring-tools-for-eclipse-4.31.0.RELEASE-e4.36.0-linux.gtk.x86_64/sts-4.31.0.RELEASE/plugins/org.eclipse.m2e.maven.runtime_3.9.900.20250220-2013/jars/maven-shared-utils-3.4.2.jar
2025-09-20 23:48:55,332 [Worker-17: Launching Executing clean in _home_subham_Desktop_Project_spring-docker-demoapp_app2] INFO  o.eclipse.m2e.core.internal.Bundles - 	Entry: /home/subham/Downloads/spring-tools-for-eclipse-4.31.0.RELEASE-e4.36.0-linux.gtk.x86_64/sts-4.31.0.RELEASE/plugins/org.eclipse.m2e.maven.runtime_3.9.900.20250220-2013/jars/org.eclipse.sisu.inject-0.9.0.M3.jar
2025-09-20 23:48:55,332 [Worker-17: Launching Executing clean in _home_subham_Desktop_Project_spring-docker-demoapp_app2] INFO  o.eclipse.m2e.core.internal.Bundles - 	Entry: /home/subham/Downloads/spring-tools-for-eclipse-4.31.0.RELEASE-e4.36.0-linux.gtk.x86_64/sts-4.31.0.RELEASE/plugins/org.eclipse.m2e.maven.runtime_3.9.900.20250220-2013/jars/org.eclipse.sisu.plexus-0.9.0.M3.jar
2025-09-20 23:48:55,332 [Worker-17: Launching Executing clean in _home_subham_Desktop_Project_spring-docker-demoapp_app2] INFO  o.eclipse.m2e.core.internal.Bundles - 	Entry: /home/subham/Downloads/spring-tools-for-eclipse-4.31.0.RELEASE-e4.36.0-linux.gtk.x86_64/sts-4.31.0.RELEASE/plugins/org.eclipse.m2e.maven.runtime_3.9.900.20250220-2013/jars/plexus-build-api-0.0.7.jar
2025-09-20 23:48:55,332 [Worker-17: Launching Executing clean in _home_subham_Desktop_Project_spring-docker-demoapp_app2] INFO  o.eclipse.m2e.core.internal.Bundles - 	Entry: /home/subham/Downloads/spring-tools-for-eclipse-4.31.0.RELEASE-e4.36.0-linux.gtk.x86_64/sts-4.31.0.RELEASE/plugins/org.eclipse.m2e.maven.runtime_3.9.900.20250220-2013/jars/plexus-build-api-1.2.0.jar
2025-09-20 23:48:55,332 [Worker-17: Launching Executing clean in _home_subham_Desktop_Project_spring-docker-demoapp_app2] INFO  o.eclipse.m2e.core.internal.Bundles - 	Entry: /home/subham/Downloads/spring-tools-for-eclipse-4.31.0.RELEASE-e4.36.0-linux.gtk.x86_64/sts-4.31.0.RELEASE/plugins/org.eclipse.m2e.maven.runtime_3.9.900.20250220-2013/jars/plexus-cipher-2.0.jar
2025-09-20 23:48:55,332 [Worker-17: Launching Executing clean in _home_subham_Desktop_Project_spring-docker-demoapp_app2] INFO  o.eclipse.m2e.core.internal.Bundles - 	Entry: /home/subham/Downloads/spring-tools-for-eclipse-4.31.0.RELEASE-e4.36.0-linux.gtk.x86_64/sts-4.31.0.RELEASE/plugins/org.eclipse.m2e.maven.runtime_3.9.900.20250220-2013/jars/plexus-classworlds-2.8.0.jar
2025-09-20 23:48:55,332 [Worker-17: Launching Executing clean in _home_subham_Desktop_Project_spring-docker-demoapp_app2] INFO  o.eclipse.m2e.core.internal.Bundles - 	Entry: /home/subham/Downloads/spring-tools-for-eclipse-4.31.0.RELEASE-e4.36.0-linux.gtk.x86_64/sts-4.31.0.RELEASE/plugins/org.eclipse.m2e.maven.runtime_3.9.900.20250220-2013/jars/plexus-component-annotations-2.1.0.jar
2025-09-20 23:48:55,332 [Worker-17: Launching Executing clean in _home_subham_Desktop_Project_spring-docker-demoapp_app2] INFO  o.eclipse.m2e.core.internal.Bundles - 	Entry: /home/subham/Downloads/spring-tools-for-eclipse-4.31.0.RELEASE-e4.36.0-linux.gtk.x86_64/sts-4.31.0.RELEASE/plugins/org.eclipse.m2e.maven.runtime_3.9.900.20250220-2013/jars/plexus-interpolation-1.27.jar
2025-09-20 23:48:55,332 [Worker-17: Launching Executing clean in _home_subham_Desktop_Project_spring-docker-demoapp_app2] INFO  o.eclipse.m2e.core.internal.Bundles - 	Entry: /home/subham/Downloads/spring-tools-for-eclipse-4.31.0.RELEASE-e4.36.0-linux.gtk.x86_64/sts-4.31.0.RELEASE/plugins/org.eclipse.m2e.maven.runtime_3.9.900.20250220-2013/jars/plexus-sec-dispatcher-2.0.jar
2025-09-20 23:48:55,332 [Worker-17: Launching Executing clean in _home_subham_Desktop_Project_spring-docker-demoapp_app2] INFO  o.eclipse.m2e.core.internal.Bundles - 	Entry: /home/subham/Downloads/spring-tools-for-eclipse-4.31.0.RELEASE-e4.36.0-linux.gtk.x86_64/sts-4.31.0.RELEASE/plugins/org.eclipse.m2e.maven.runtime_3.9.900.20250220-2013/jars/plexus-utils-3.5.1.jar
2025-09-20 23:48:55,332 [Worker-17: Launching Executing clean in _home_subham_Desktop_Project_spring-docker-demoapp_app2] INFO  o.eclipse.m2e.core.internal.Bundles - 	Entry: /home/subham/Downloads/spring-tools-for-eclipse-4.31.0.RELEASE-e4.36.0-linux.gtk.x86_64/sts-4.31.0.RELEASE/plugins/org.eclipse.m2e.maven.runtime_3.9.900.20250220-2013/jars/plexus-xml-3.0.1.jar
2025-09-20 23:48:55,332 [Worker-17: Launching Executing clean in _home_subham_Desktop_Project_spring-docker-demoapp_app2] INFO  o.eclipse.m2e.core.internal.Bundles - 	Entry: /home/subham/Downloads/spring-tools-for-eclipse-4.31.0.RELEASE-e4.36.0-linux.gtk.x86_64/sts-4.31.0.RELEASE/plugins/org.eclipse.m2e.maven.runtime_3.9.900.20250220-2013/jars/wagon-file-3.5.3.jar
2025-09-20 23:48:55,332 [Worker-17: Launching Executing clean in _home_subham_Desktop_Project_spring-docker-demoapp_app2] INFO  o.eclipse.m2e.core.internal.Bundles - 	Entry: /home/subham/Downloads/spring-tools-for-eclipse-4.31.0.RELEASE-e4.36.0-linux.gtk.x86_64/sts-4.31.0.RELEASE/plugins/org.eclipse.m2e.maven.runtime_3.9.900.20250220-2013/jars/wagon-http-3.5.3.jar
2025-09-20 23:48:55,332 [Worker-17: Launching Executing clean in _home_subham_Desktop_Project_spring-docker-demoapp_app2] INFO  o.eclipse.m2e.core.internal.Bundles - 	Entry: /home/subham/Downloads/spring-tools-for-eclipse-4.31.0.RELEASE-e4.36.0-linux.gtk.x86_64/sts-4.31.0.RELEASE/plugins/org.eclipse.m2e.maven.runtime_3.9.900.20250220-2013/jars/wagon-http-shared-3.5.3.jar
2025-09-20 23:48:55,332 [Worker-17: Launching Executing clean in _home_subham_Desktop_Project_spring-docker-demoapp_app2] INFO  o.eclipse.m2e.core.internal.Bundles - 	Entry: /home/subham/Downloads/spring-tools-for-eclipse-4.31.0.RELEASE-e4.36.0-linux.gtk.x86_64/sts-4.31.0.RELEASE/plugins/org.eclipse.m2e.maven.runtime_3.9.900.20250220-2013/jars/wagon-provider-api-3.5.3.jar
2025-09-20 23:48:55,332 [Worker-17: Launching Executing clean in _home_subham_Desktop_Project_spring-docker-demoapp_app2] INFO  o.eclipse.m2e.core.internal.Bundles - getClasspathEntries(Bundle=com.google.guava_33.4.8.jre [31])
2025-09-20 23:48:55,332 [Worker-17: Launching Executing clean in _home_subham_Desktop_Project_spring-docker-demoapp_app2] INFO  o.eclipse.m2e.core.internal.Bundles - 	Entry: /home/subham/Downloads/spring-tools-for-eclipse-4.31.0.RELEASE-e4.36.0-linux.gtk.x86_64/sts-4.31.0.RELEASE/plugins/com.google.guava_33.4.8.jre.jar
2025-09-20 23:48:55,332 [Worker-17: Launching Executing clean in _home_subham_Desktop_Project_spring-docker-demoapp_app2] INFO  o.eclipse.m2e.core.internal.Bundles - getClasspathEntries(Bundle=slf4j.api_2.0.17 [609])
2025-09-20 23:48:55,332 [Worker-17: Launching Executing clean in _home_subham_Desktop_Project_spring-docker-demoapp_app2] INFO  o.eclipse.m2e.core.internal.Bundles - 	Entry: /home/subham/Downloads/spring-tools-for-eclipse-4.31.0.RELEASE-e4.36.0-linux.gtk.x86_64/sts-4.31.0.RELEASE/plugins/slf4j.api_2.0.17.jar
2025-09-20 23:48:55,332 [Worker-17: Launching Executing clean in _home_subham_Desktop_Project_spring-docker-demoapp_app2] INFO  o.eclipse.m2e.core.internal.Bundles - getClasspathEntries(Bundle=jakarta.inject.jakarta.inject-api_1.0.5 [46])
2025-09-20 23:48:55,332 [Worker-17: Launching Executing clean in _home_subham_Desktop_Project_spring-docker-demoapp_app2] INFO  o.eclipse.m2e.core.internal.Bundles - 	Entry: /home/subham/Downloads/spring-tools-for-eclipse-4.31.0.RELEASE-e4.36.0-linux.gtk.x86_64/sts-4.31.0.RELEASE/plugins/jakarta.inject.jakarta.inject-api_1.0.5.jar
2025-09-20 23:48:55,332 [Worker-17: Launching Executing clean in _home_subham_Desktop_Project_spring-docker-demoapp_app2] INFO  o.eclipse.m2e.core.internal.Bundles - getClasspathEntries(Bundle=javax.annotation_1.3.5.v20200909-1856 [55])
2025-09-20 23:48:55,332 [Worker-17: Launching Executing clean in _home_subham_Desktop_Project_spring-docker-demoapp_app2] INFO  o.eclipse.m2e.core.internal.Bundles - 	Entry: /home/subham/Downloads/spring-tools-for-eclipse-4.31.0.RELEASE-e4.36.0-linux.gtk.x86_64/sts-4.31.0.RELEASE/plugins/javax.annotation_1.3.5.v20200909-1856.jar
2025-09-20 23:48:55,332 [Worker-17: Launching Executing clean in _home_subham_Desktop_Project_spring-docker-demoapp_app2] INFO  o.eclipse.m2e.core.internal.Bundles - getClasspathEntries(Bundle=org.apache.commons.cli_1.9.0 [79])
2025-09-20 23:48:55,332 [Worker-17: Launching Executing clean in _home_subham_Desktop_Project_spring-docker-demoapp_app2] INFO  o.eclipse.m2e.core.internal.Bundles - 	Entry: /home/subham/Downloads/spring-tools-for-eclipse-4.31.0.RELEASE-e4.36.0-linux.gtk.x86_64/sts-4.31.0.RELEASE/plugins/org.apache.commons.cli_1.9.0.jar
2025-09-20 23:48:55,332 [Worker-17: Launching Executing clean in _home_subham_Desktop_Project_spring-docker-demoapp_app2] INFO  o.eclipse.m2e.core.internal.Bundles - getClasspathEntries(Bundle=org.apache.commons.commons-codec_1.16.0 [81])
2025-09-20 23:48:55,332 [Worker-17: Launching Executing clean in _home_subham_Desktop_Project_spring-docker-demoapp_app2] INFO  o.eclipse.m2e.core.internal.Bundles - 	Entry: /home/subham/Downloads/spring-tools-for-eclipse-4.31.0.RELEASE-e4.36.0-linux.gtk.x86_64/sts-4.31.0.RELEASE/plugins/org.apache.commons.commons-codec_1.16.0.jar
2025-09-20 23:48:55,332 [Worker-17: Launching Executing clean in _home_subham_Desktop_Project_spring-docker-demoapp_app2] INFO  o.eclipse.m2e.core.internal.Bundles - getClasspathEntries(Bundle=com.google.guava.failureaccess_1.0.3 [32])
2025-09-20 23:48:55,333 [Worker-17: Launching Executing clean in _home_subham_Desktop_Project_spring-docker-demoapp_app2] INFO  o.eclipse.m2e.core.internal.Bundles - 	Entry: /home/subham/Downloads/spring-tools-for-eclipse-4.31.0.RELEASE-e4.36.0-linux.gtk.x86_64/sts-4.31.0.RELEASE/plugins/com.google.guava.failureaccess_1.0.3.jar
2025-09-20 23:48:55,333 [Worker-17: Launching Executing clean in _home_subham_Desktop_Project_spring-docker-demoapp_app2] INFO  o.e.m.i.launch.MavenLaunchDelegate - Run build in "/home/subham/Desktop/Project/spring-docker-demoapp/app2":
2025-09-20 23:48:55,333 [Worker-17: Launching Executing clean in _home_subham_Desktop_Project_spring-docker-demoapp_app2] INFO  o.e.m.i.launch.MavenLaunchDelegate -  mvn  -Ppom.xml -B -Dstyle.color=always clean
2025-09-20 23:51:35,977 [Worker-16: Building] INFO  o.a.m.s.f.DefaultMavenResourcesFiltering - Copying 1 resource from src/main/resources to target/classes
2025-09-20 23:51:35,978 [Worker-16: Building] INFO  o.a.m.s.f.DefaultMavenResourcesFiltering - Copying 0 resource from src/main/resources to target/classes
2025-09-20 23:51:35,980 [Worker-16: Building] INFO  o.a.m.s.f.DefaultMavenResourcesFiltering - skip non existing resourceDirectory /home/subham/Desktop/Project/spring-docker-demoapp/app2/src/test/resources
2025-09-20 23:51:56,568 [Worker-15: Building] INFO  o.a.m.s.f.DefaultMavenResourcesFiltering - Copying 0 resource from src/main/resources to target/classes
2025-09-20 23:51:56,568 [Worker-15: Building] INFO  o.a.m.s.f.DefaultMavenResourcesFiltering - Copying 0 resource from src/main/resources to target/classes
2025-09-20 23:51:56,571 [Worker-15: Building] INFO  o.a.m.s.f.DefaultMavenResourcesFiltering - skip non existing resourceDirectory /home/subham/Desktop/Project/spring-docker-demoapp/app2/src/test/resources
2025-09-20 23:52:21,140 [Worker-15: Launching Executing install in _home_subham_Desktop_Project_spring-docker-demoapp_app2] INFO  o.eclipse.m2e.core.internal.Bundles - getClasspathEntries(Bundle=org.eclipse.m2e.maven.runtime_3.9.900.20250220-2013 [361])
2025-09-20 23:52:21,140 [Worker-15: Launching Executing install in _home_subham_Desktop_Project_spring-docker-demoapp_app2] INFO  o.eclipse.m2e.core.internal.Bundles - 	Entry: /home/subham/Downloads/spring-tools-for-eclipse-4.31.0.RELEASE-e4.36.0-linux.gtk.x86_64/sts-4.31.0.RELEASE/plugins/org.eclipse.m2e.maven.runtime_3.9.900.20250220-2013
2025-09-20 23:52:21,140 [Worker-15: Launching Executing install in _home_subham_Desktop_Project_spring-docker-demoapp_app2] INFO  o.eclipse.m2e.core.internal.Bundles - 	Entry: /home/subham/Downloads/spring-tools-for-eclipse-4.31.0.RELEASE-e4.36.0-linux.gtk.x86_64/sts-4.31.0.RELEASE/plugins/org.eclipse.m2e.maven.runtime_3.9.900.20250220-2013/jars/aopalliance-1.0.jar
2025-09-20 23:52:21,140 [Worker-15: Launching Executing install in _home_subham_Desktop_Project_spring-docker-demoapp_app2] INFO  o.eclipse.m2e.core.internal.Bundles - 	Entry: /home/subham/Downloads/spring-tools-for-eclipse-4.31.0.RELEASE-e4.36.0-linux.gtk.x86_64/sts-4.31.0.RELEASE/plugins/org.eclipse.m2e.maven.runtime_3.9.900.20250220-2013/jars/guice-5.1.0.jar
2025-09-20 23:52:21,140 [Worker-15: Launching Executing install in _home_subham_Desktop_Project_spring-docker-demoapp_app2] INFO  o.eclipse.m2e.core.internal.Bundles - 	Entry: /home/subham/Downloads/spring-tools-for-eclipse-4.31.0.RELEASE-e4.36.0-linux.gtk.x86_64/sts-4.31.0.RELEASE/plugins/org.eclipse.m2e.maven.runtime_3.9.900.20250220-2013/jars/httpclient-4.5.14.jar
2025-09-20 23:52:21,140 [Worker-15: Launching Executing install in _home_subham_Desktop_Project_spring-docker-demoapp_app2] INFO  o.eclipse.m2e.core.internal.Bundles - 	Entry: /home/subham/Downloads/spring-tools-for-eclipse-4.31.0.RELEASE-e4.36.0-linux.gtk.x86_64/sts-4.31.0.RELEASE/plugins/org.eclipse.m2e.maven.runtime_3.9.900.20250220-2013/jars/httpcore-4.4.16.jar
2025-09-20 23:52:21,140 [Worker-15: Launching Executing install in _home_subham_Desktop_Project_spring-docker-demoapp_app2] INFO  o.eclipse.m2e.core.internal.Bundles - 	Entry: /home/subham/Downloads/spring-tools-for-eclipse-4.31.0.RELEASE-e4.36.0-linux.gtk.x86_64/sts-4.31.0.RELEASE/plugins/org.eclipse.m2e.maven.runtime_3.9.900.20250220-2013/jars/jansi-2.4.1.jar
2025-09-20 23:52:21,141 [Worker-15: Launching Executing install in _home_subham_Desktop_Project_spring-docker-demoapp_app2] INFO  o.eclipse.m2e.core.internal.Bundles - 	Entry: /home/subham/Downloads/spring-tools-for-eclipse-4.31.0.RELEASE-e4.36.0-linux.gtk.x86_64/sts-4.31.0.RELEASE/plugins/org.eclipse.m2e.maven.runtime_3.9.900.20250220-2013/jars/jcl-over-slf4j-1.7.36.jar
2025-09-20 23:52:21,141 [Worker-15: Launching Executing install in _home_subham_Desktop_Project_spring-docker-demoapp_app2] INFO  o.eclipse.m2e.core.internal.Bundles - 	Entry: /home/subham/Downloads/spring-tools-for-eclipse-4.31.0.RELEASE-e4.36.0-linux.gtk.x86_64/sts-4.31.0.RELEASE/plugins/org.eclipse.m2e.maven.runtime_3.9.900.20250220-2013/jars/maven-artifact-3.9.9.jar
2025-09-20 23:52:21,141 [Worker-15: Launching Executing install in _home_subham_Desktop_Project_spring-docker-demoapp_app2] INFO  o.eclipse.m2e.core.internal.Bundles - 	Entry: /home/subham/Downloads/spring-tools-for-eclipse-4.31.0.RELEASE-e4.36.0-linux.gtk.x86_64/sts-4.31.0.RELEASE/plugins/org.eclipse.m2e.maven.runtime_3.9.900.20250220-2013/jars/maven-builder-support-3.9.9.jar
2025-09-20 23:52:21,141 [Worker-15: Launching Executing install in _home_subham_Desktop_Project_spring-docker-demoapp_app2] INFO  o.eclipse.m2e.core.internal.Bundles - 	Entry: /home/subham/Downloads/spring-tools-for-eclipse-4.31.0.RELEASE-e4.36.0-linux.gtk.x86_64/sts-4.31.0.RELEASE/plugins/org.eclipse.m2e.maven.runtime_3.9.900.20250220-2013/jars/maven-compat-3.9.9.jar
2025-09-20 23:52:21,141 [Worker-15: Launching Executing install in _home_subham_Desktop_Project_spring-docker-demoapp_app2] INFO  o.eclipse.m2e.core.internal.Bundles - 	Entry: /home/subham/Downloads/spring-tools-for-eclipse-4.31.0.RELEASE-e4.36.0-linux.gtk.x86_64/sts-4.31.0.RELEASE/plugins/org.eclipse.m2e.maven.runtime_3.9.900.20250220-2013/jars/maven-core-3.9.9.jar
2025-09-20 23:52:21,141 [Worker-15: Launching Executing install in _home_subham_Desktop_Project_spring-docker-demoapp_app2] INFO  o.eclipse.m2e.core.internal.Bundles - 	Entry: /home/subham/Downloads/spring-tools-for-eclipse-4.31.0.RELEASE-e4.36.0-linux.gtk.x86_64/sts-4.31.0.RELEASE/plugins/org.eclipse.m2e.maven.runtime_3.9.900.20250220-2013/jars/maven-embedder-3.9.9.jar
2025-09-20 23:52:21,141 [Worker-15: Launching Executing install in _home_subham_Desktop_Project_spring-docker-demoapp_app2] INFO  o.eclipse.m2e.core.internal.Bundles - 	Entry: /home/subham/Downloads/spring-tools-for-eclipse-4.31.0.RELEASE-e4.36.0-linux.gtk.x86_64/sts-4.31.0.RELEASE/plugins/org.eclipse.m2e.maven.runtime_3.9.900.20250220-2013/jars/maven-model-3.9.9.jar
2025-09-20 23:52:21,141 [Worker-15: Launching Executing install in _home_subham_Desktop_Project_spring-docker-demoapp_app2] INFO  o.eclipse.m2e.core.internal.Bundles - 	Entry: /home/subham/Downloads/spring-tools-for-eclipse-4.31.0.RELEASE-e4.36.0-linux.gtk.x86_64/sts-4.31.0.RELEASE/plugins/org.eclipse.m2e.maven.runtime_3.9.900.20250220-2013/jars/maven-model-builder-3.9.9.jar
2025-09-20 23:52:21,141 [Worker-15: Launching Executing install in _home_subham_Desktop_Project_spring-docker-demoapp_app2] INFO  o.eclipse.m2e.core.internal.Bundles - 	Entry: /home/subham/Downloads/spring-tools-for-eclipse-4.31.0.RELEASE-e4.36.0-linux.gtk.x86_64/sts-4.31.0.RELEASE/plugins/org.eclipse.m2e.maven.runtime_3.9.900.20250220-2013/jars/maven-plugin-api-3.9.9.jar
2025-09-20 23:52:21,141 [Worker-15: Launching Executing install in _home_subham_Desktop_Project_spring-docker-demoapp_app2] INFO  o.eclipse.m2e.core.internal.Bundles - 	Entry: /home/subham/Downloads/spring-tools-for-eclipse-4.31.0.RELEASE-e4.36.0-linux.gtk.x86_64/sts-4.31.0.RELEASE/plugins/org.eclipse.m2e.maven.runtime_3.9.900.20250220-2013/jars/maven-repository-metadata-3.9.9.jar
2025-09-20 23:52:21,141 [Worker-15: Launching Executing install in _home_subham_Desktop_Project_spring-docker-demoapp_app2] INFO  o.eclipse.m2e.core.internal.Bundles - 	Entry: /home/subham/Downloads/spring-tools-for-eclipse-4.31.0.RELEASE-e4.36.0-linux.gtk.x86_64/sts-4.31.0.RELEASE/plugins/org.eclipse.m2e.maven.runtime_3.9.900.20250220-2013/jars/maven-resolver-api-1.9.22.jar
2025-09-20 23:52:21,141 [Worker-15: Launching Executing install in _home_subham_Desktop_Project_spring-docker-demoapp_app2] INFO  o.eclipse.m2e.core.internal.Bundles - 	Entry: /home/subham/Downloads/spring-tools-for-eclipse-4.31.0.RELEASE-e4.36.0-linux.gtk.x86_64/sts-4.31.0.RELEASE/plugins/org.eclipse.m2e.maven.runtime_3.9.900.20250220-2013/jars/maven-resolver-connector-basic-1.9.22.jar
2025-09-20 23:52:21,141 [Worker-15: Launching Executing install in _home_subham_Desktop_Project_spring-docker-demoapp_app2] INFO  o.eclipse.m2e.core.internal.Bundles - 	Entry: /home/subham/Downloads/spring-tools-for-eclipse-4.31.0.RELEASE-e4.36.0-linux.gtk.x86_64/sts-4.31.0.RELEASE/plugins/org.eclipse.m2e.maven.runtime_3.9.900.20250220-2013/jars/maven-resolver-impl-1.9.22.jar
2025-09-20 23:52:21,141 [Worker-15: Launching Executing install in _home_subham_Desktop_Project_spring-docker-demoapp_app2] INFO  o.eclipse.m2e.core.internal.Bundles - 	Entry: /home/subham/Downloads/spring-tools-for-eclipse-4.31.0.RELEASE-e4.36.0-linux.gtk.x86_64/sts-4.31.0.RELEASE/plugins/org.eclipse.m2e.maven.runtime_3.9.900.20250220-2013/jars/maven-resolver-named-locks-1.9.22.jar
2025-09-20 23:52:21,141 [Worker-15: Launching Executing install in _home_subham_Desktop_Project_spring-docker-demoapp_app2] INFO  o.eclipse.m2e.core.internal.Bundles - 	Entry: /home/subham/Downloads/spring-tools-for-eclipse-4.31.0.RELEASE-e4.36.0-linux.gtk.x86_64/sts-4.31.0.RELEASE/plugins/org.eclipse.m2e.maven.runtime_3.9.900.20250220-2013/jars/maven-resolver-provider-3.9.9.jar
2025-09-20 23:52:21,141 [Worker-15: Launching Executing install in _home_subham_Desktop_Project_spring-docker-demoapp_app2] INFO  o.eclipse.m2e.core.internal.Bundles - 	Entry: /home/subham/Downloads/spring-tools-for-eclipse-4.31.0.RELEASE-e4.36.0-linux.gtk.x86_64/sts-4.31.0.RELEASE/plugins/org.eclipse.m2e.maven.runtime_3.9.900.20250220-2013/jars/maven-resolver-spi-1.9.22.jar
2025-09-20 23:52:21,141 [Worker-15: Launching Executing install in _home_subham_Desktop_Project_spring-docker-demoapp_app2] INFO  o.eclipse.m2e.core.internal.Bundles - 	Entry: /home/subham/Downloads/spring-tools-for-eclipse-4.31.0.RELEASE-e4.36.0-linux.gtk.x86_64/sts-4.31.0.RELEASE/plugins/org.eclipse.m2e.maven.runtime_3.9.900.20250220-2013/jars/maven-resolver-transport-file-1.9.22.jar
2025-09-20 23:52:21,141 [Worker-15: Launching Executing install in _home_subham_Desktop_Project_spring-docker-demoapp_app2] INFO  o.eclipse.m2e.core.internal.Bundles - 	Entry: /home/subham/Downloads/spring-tools-for-eclipse-4.31.0.RELEASE-e4.36.0-linux.gtk.x86_64/sts-4.31.0.RELEASE/plugins/org.eclipse.m2e.maven.runtime_3.9.900.20250220-2013/jars/maven-resolver-transport-http-1.9.22.jar
2025-09-20 23:52:21,141 [Worker-15: Launching Executing install in _home_subham_Desktop_Project_spring-docker-demoapp_app2] INFO  o.eclipse.m2e.core.internal.Bundles - 	Entry: /home/subham/Downloads/spring-tools-for-eclipse-4.31.0.RELEASE-e4.36.0-linux.gtk.x86_64/sts-4.31.0.RELEASE/plugins/org.eclipse.m2e.maven.runtime_3.9.900.20250220-2013/jars/maven-resolver-transport-wagon-1.9.22.jar
2025-09-20 23:52:21,141 [Worker-15: Launching Executing install in _home_subham_Desktop_Project_spring-docker-demoapp_app2] INFO  o.eclipse.m2e.core.internal.Bundles - 	Entry: /home/subham/Downloads/spring-tools-for-eclipse-4.31.0.RELEASE-e4.36.0-linux.gtk.x86_64/sts-4.31.0.RELEASE/plugins/org.eclipse.m2e.maven.runtime_3.9.900.20250220-2013/jars/maven-resolver-util-1.9.22.jar
2025-09-20 23:52:21,141 [Worker-15: Launching Executing install in _home_subham_Desktop_Project_spring-docker-demoapp_app2] INFO  o.eclipse.m2e.core.internal.Bundles - 	Entry: /home/subham/Downloads/spring-tools-for-eclipse-4.31.0.RELEASE-e4.36.0-linux.gtk.x86_64/sts-4.31.0.RELEASE/plugins/org.eclipse.m2e.maven.runtime_3.9.900.20250220-2013/jars/maven-settings-3.9.9.jar
2025-09-20 23:52:21,141 [Worker-15: Launching Executing install in _home_subham_Desktop_Project_spring-docker-demoapp_app2] INFO  o.eclipse.m2e.core.internal.Bundles - 	Entry: /home/subham/Downloads/spring-tools-for-eclipse-4.31.0.RELEASE-e4.36.0-linux.gtk.x86_64/sts-4.31.0.RELEASE/plugins/org.eclipse.m2e.maven.runtime_3.9.900.20250220-2013/jars/maven-settings-builder-3.9.9.jar
2025-09-20 23:52:21,141 [Worker-15: Launching Executing install in _home_subham_Desktop_Project_spring-docker-demoapp_app2] INFO  o.eclipse.m2e.core.internal.Bundles - 	Entry: /home/subham/Downloads/spring-tools-for-eclipse-4.31.0.RELEASE-e4.36.0-linux.gtk.x86_64/sts-4.31.0.RELEASE/plugins/org.eclipse.m2e.maven.runtime_3.9.900.20250220-2013/jars/maven-shared-utils-3.4.2.jar
2025-09-20 23:52:21,141 [Worker-15: Launching Executing install in _home_subham_Desktop_Project_spring-docker-demoapp_app2] INFO  o.eclipse.m2e.core.internal.Bundles - 	Entry: /home/subham/Downloads/spring-tools-for-eclipse-4.31.0.RELEASE-e4.36.0-linux.gtk.x86_64/sts-4.31.0.RELEASE/plugins/org.eclipse.m2e.maven.runtime_3.9.900.20250220-2013/jars/org.eclipse.sisu.inject-0.9.0.M3.jar
2025-09-20 23:52:21,141 [Worker-15: Launching Executing install in _home_subham_Desktop_Project_spring-docker-demoapp_app2] INFO  o.eclipse.m2e.core.internal.Bundles - 	Entry: /home/subham/Downloads/spring-tools-for-eclipse-4.31.0.RELEASE-e4.36.0-linux.gtk.x86_64/sts-4.31.0.RELEASE/plugins/org.eclipse.m2e.maven.runtime_3.9.900.20250220-2013/jars/org.eclipse.sisu.plexus-0.9.0.M3.jar
2025-09-20 23:52:21,141 [Worker-15: Launching Executing install in _home_subham_Desktop_Project_spring-docker-demoapp_app2] INFO  o.eclipse.m2e.core.internal.Bundles - 	Entry: /home/subham/Downloads/spring-tools-for-eclipse-4.31.0.RELEASE-e4.36.0-linux.gtk.x86_64/sts-4.31.0.RELEASE/plugins/org.eclipse.m2e.maven.runtime_3.9.900.20250220-2013/jars/plexus-build-api-0.0.7.jar
2025-09-20 23:52:21,141 [Worker-15: Launching Executing install in _home_subham_Desktop_Project_spring-docker-demoapp_app2] INFO  o.eclipse.m2e.core.internal.Bundles - 	Entry: /home/subham/Downloads/spring-tools-for-eclipse-4.31.0.RELEASE-e4.36.0-linux.gtk.x86_64/sts-4.31.0.RELEASE/plugins/org.eclipse.m2e.maven.runtime_3.9.900.20250220-2013/jars/plexus-build-api-1.2.0.jar
2025-09-20 23:52:21,141 [Worker-15: Launching Executing install in _home_subham_Desktop_Project_spring-docker-demoapp_app2] INFO  o.eclipse.m2e.core.internal.Bundles - 	Entry: /home/subham/Downloads/spring-tools-for-eclipse-4.31.0.RELEASE-e4.36.0-linux.gtk.x86_64/sts-4.31.0.RELEASE/plugins/org.eclipse.m2e.maven.runtime_3.9.900.20250220-2013/jars/plexus-cipher-2.0.jar
2025-09-20 23:52:21,141 [Worker-15: Launching Executing install in _home_subham_Desktop_Project_spring-docker-demoapp_app2] INFO  o.eclipse.m2e.core.internal.Bundles - 	Entry: /home/subham/Downloads/spring-tools-for-eclipse-4.31.0.RELEASE-e4.36.0-linux.gtk.x86_64/sts-4.31.0.RELEASE/plugins/org.eclipse.m2e.maven.runtime_3.9.900.20250220-2013/jars/plexus-classworlds-2.8.0.jar
2025-09-20 23:52:21,141 [Worker-15: Launching Executing install in _home_subham_Desktop_Project_spring-docker-demoapp_app2] INFO  o.eclipse.m2e.core.internal.Bundles - 	Entry: /home/subham/Downloads/spring-tools-for-eclipse-4.31.0.RELEASE-e4.36.0-linux.gtk.x86_64/sts-4.31.0.RELEASE/plugins/org.eclipse.m2e.maven.runtime_3.9.900.20250220-2013/jars/plexus-component-annotations-2.1.0.jar
2025-09-20 23:52:21,141 [Worker-15: Launching Executing install in _home_subham_Desktop_Project_spring-docker-demoapp_app2] INFO  o.eclipse.m2e.core.internal.Bundles - 	Entry: /home/subham/Downloads/spring-tools-for-eclipse-4.31.0.RELEASE-e4.36.0-linux.gtk.x86_64/sts-4.31.0.RELEASE/plugins/org.eclipse.m2e.maven.runtime_3.9.900.20250220-2013/jars/plexus-interpolation-1.27.jar
2025-09-20 23:52:21,141 [Worker-15: Launching Executing install in _home_subham_Desktop_Project_spring-docker-demoapp_app2] INFO  o.eclipse.m2e.core.internal.Bundles - 	Entry: /home/subham/Downloads/spring-tools-for-eclipse-4.31.0.RELEASE-e4.36.0-linux.gtk.x86_64/sts-4.31.0.RELEASE/plugins/org.eclipse.m2e.maven.runtime_3.9.900.20250220-2013/jars/plexus-sec-dispatcher-2.0.jar
2025-09-20 23:52:21,141 [Worker-15: Launching Executing install in _home_subham_Desktop_Project_spring-docker-demoapp_app2] INFO  o.eclipse.m2e.core.internal.Bundles - 	Entry: /home/subham/Downloads/spring-tools-for-eclipse-4.31.0.RELEASE-e4.36.0-linux.gtk.x86_64/sts-4.31.0.RELEASE/plugins/org.eclipse.m2e.maven.runtime_3.9.900.20250220-2013/jars/plexus-utils-3.5.1.jar
2025-09-20 23:52:21,141 [Worker-15: Launching Executing install in _home_subham_Desktop_Project_spring-docker-demoapp_app2] INFO  o.eclipse.m2e.core.internal.Bundles - 	Entry: /home/subham/Downloads/spring-tools-for-eclipse-4.31.0.RELEASE-e4.36.0-linux.gtk.x86_64/sts-4.31.0.RELEASE/plugins/org.eclipse.m2e.maven.runtime_3.9.900.20250220-2013/jars/plexus-xml-3.0.1.jar
2025-09-20 23:52:21,141 [Worker-15: Launching Executing install in _home_subham_Desktop_Project_spring-docker-demoapp_app2] INFO  o.eclipse.m2e.core.internal.Bundles - 	Entry: /home/subham/Downloads/spring-tools-for-eclipse-4.31.0.RELEASE-e4.36.0-linux.gtk.x86_64/sts-4.31.0.RELEASE/plugins/org.eclipse.m2e.maven.runtime_3.9.900.20250220-2013/jars/wagon-file-3.5.3.jar
2025-09-20 23:52:21,141 [Worker-15: Launching Executing install in _home_subham_Desktop_Project_spring-docker-demoapp_app2] INFO  o.eclipse.m2e.core.internal.Bundles - 	Entry: /home/subham/Downloads/spring-tools-for-eclipse-4.31.0.RELEASE-e4.36.0-linux.gtk.x86_64/sts-4.31.0.RELEASE/plugins/org.eclipse.m2e.maven.runtime_3.9.900.20250220-2013/jars/wagon-http-3.5.3.jar
2025-09-20 23:52:21,141 [Worker-15: Launching Executing install in _home_subham_Desktop_Project_spring-docker-demoapp_app2] INFO  o.eclipse.m2e.core.internal.Bundles - 	Entry: /home/subham/Downloads/spring-tools-for-eclipse-4.31.0.RELEASE-e4.36.0-linux.gtk.x86_64/sts-4.31.0.RELEASE/plugins/org.eclipse.m2e.maven.runtime_3.9.900.20250220-2013/jars/wagon-http-shared-3.5.3.jar
2025-09-20 23:52:21,141 [Worker-15: Launching Executing install in _home_subham_Desktop_Project_spring-docker-demoapp_app2] INFO  o.eclipse.m2e.core.internal.Bundles - 	Entry: /home/subham/Downloads/spring-tools-for-eclipse-4.31.0.RELEASE-e4.36.0-linux.gtk.x86_64/sts-4.31.0.RELEASE/plugins/org.eclipse.m2e.maven.runtime_3.9.900.20250220-2013/jars/wagon-provider-api-3.5.3.jar
2025-09-20 23:52:21,141 [Worker-15: Launching Executing install in _home_subham_Desktop_Project_spring-docker-demoapp_app2] INFO  o.eclipse.m2e.core.internal.Bundles - getClasspathEntries(Bundle=com.google.guava_33.4.8.jre [31])
2025-09-20 23:52:21,141 [Worker-15: Launching Executing install in _home_subham_Desktop_Project_spring-docker-demoapp_app2] INFO  o.eclipse.m2e.core.internal.Bundles - 	Entry: /home/subham/Downloads/spring-tools-for-eclipse-4.31.0.RELEASE-e4.36.0-linux.gtk.x86_64/sts-4.31.0.RELEASE/plugins/com.google.guava_33.4.8.jre.jar
2025-09-20 23:52:21,141 [Worker-15: Launching Executing install in _home_subham_Desktop_Project_spring-docker-demoapp_app2] INFO  o.eclipse.m2e.core.internal.Bundles - getClasspathEntries(Bundle=slf4j.api_2.0.17 [609])
2025-09-20 23:52:21,141 [Worker-15: Launching Executing install in _home_subham_Desktop_Project_spring-docker-demoapp_app2] INFO  o.eclipse.m2e.core.internal.Bundles - 	Entry: /home/subham/Downloads/spring-tools-for-eclipse-4.31.0.RELEASE-e4.36.0-linux.gtk.x86_64/sts-4.31.0.RELEASE/plugins/slf4j.api_2.0.17.jar
2025-09-20 23:52:21,141 [Worker-15: Launching Executing install in _home_subham_Desktop_Project_spring-docker-demoapp_app2] INFO  o.eclipse.m2e.core.internal.Bundles - getClasspathEntries(Bundle=jakarta.inject.jakarta.inject-api_1.0.5 [46])
2025-09-20 23:52:21,141 [Worker-15: Launching Executing install in _home_subham_Desktop_Project_spring-docker-demoapp_app2] INFO  o.eclipse.m2e.core.internal.Bundles - 	Entry: /home/subham/Downloads/spring-tools-for-eclipse-4.31.0.RELEASE-e4.36.0-linux.gtk.x86_64/sts-4.31.0.RELEASE/plugins/jakarta.inject.jakarta.inject-api_1.0.5.jar
2025-09-20 23:52:21,141 [Worker-15: Launching Executing install in _home_subham_Desktop_Project_spring-docker-demoapp_app2] INFO  o.eclipse.m2e.core.internal.Bundles - getClasspathEntries(Bundle=javax.annotation_1.3.5.v20200909-1856 [55])
2025-09-20 23:52:21,141 [Worker-15: Launching Executing install in _home_subham_Desktop_Project_spring-docker-demoapp_app2] INFO  o.eclipse.m2e.core.internal.Bundles - 	Entry: /home/subham/Downloads/spring-tools-for-eclipse-4.31.0.RELEASE-e4.36.0-linux.gtk.x86_64/sts-4.31.0.RELEASE/plugins/javax.annotation_1.3.5.v20200909-1856.jar
2025-09-20 23:52:21,141 [Worker-15: Launching Executing install in _home_subham_Desktop_Project_spring-docker-demoapp_app2] INFO  o.eclipse.m2e.core.internal.Bundles - getClasspathEntries(Bundle=org.apache.commons.cli_1.9.0 [79])
2025-09-20 23:52:21,141 [Worker-15: Launching Executing install in _home_subham_Desktop_Project_spring-docker-demoapp_app2] INFO  o.eclipse.m2e.core.internal.Bundles - 	Entry: /home/subham/Downloads/spring-tools-for-eclipse-4.31.0.RELEASE-e4.36.0-linux.gtk.x86_64/sts-4.31.0.RELEASE/plugins/org.apache.commons.cli_1.9.0.jar
2025-09-20 23:52:21,141 [Worker-15: Launching Executing install in _home_subham_Desktop_Project_spring-docker-demoapp_app2] INFO  o.eclipse.m2e.core.internal.Bundles - getClasspathEntries(Bundle=org.apache.commons.commons-codec_1.16.0 [81])
2025-09-20 23:52:21,141 [Worker-15: Launching Executing install in _home_subham_Desktop_Project_spring-docker-demoapp_app2] INFO  o.eclipse.m2e.core.internal.Bundles - 	Entry: /home/subham/Downloads/spring-tools-for-eclipse-4.31.0.RELEASE-e4.36.0-linux.gtk.x86_64/sts-4.31.0.RELEASE/plugins/org.apache.commons.commons-codec_1.16.0.jar
2025-09-20 23:52:21,141 [Worker-15: Launching Executing install in _home_subham_Desktop_Project_spring-docker-demoapp_app2] INFO  o.eclipse.m2e.core.internal.Bundles - getClasspathEntries(Bundle=com.google.guava.failureaccess_1.0.3 [32])
2025-09-20 23:52:21,141 [Worker-15: Launching Executing install in _home_subham_Desktop_Project_spring-docker-demoapp_app2] INFO  o.eclipse.m2e.core.internal.Bundles - 	Entry: /home/subham/Downloads/spring-tools-for-eclipse-4.31.0.RELEASE-e4.36.0-linux.gtk.x86_64/sts-4.31.0.RELEASE/plugins/com.google.guava.failureaccess_1.0.3.jar
2025-09-20 23:52:21,141 [Worker-15: Launching Executing install in _home_subham_Desktop_Project_spring-docker-demoapp_app2] INFO  o.e.m.i.launch.MavenLaunchDelegate - Run build in "/home/subham/Desktop/Project/spring-docker-demoapp/app2":
2025-09-20 23:52:21,141 [Worker-15: Launching Executing install in _home_subham_Desktop_Project_spring-docker-demoapp_app2] INFO  o.e.m.i.launch.MavenLaunchDelegate -  mvn  -Ppom.xml -B -Dstyle.color=always install
2025-09-20 23:53:04,375 [Worker-19: Launching Executing install in _home_subham_Desktop_Project_spring-docker-demoapp_app1] INFO  o.eclipse.m2e.core.internal.Bundles - getClasspathEntries(Bundle=org.eclipse.m2e.maven.runtime_3.9.900.20250220-2013 [361])
2025-09-20 23:53:04,376 [Worker-19: Launching Executing install in _home_subham_Desktop_Project_spring-docker-demoapp_app1] INFO  o.eclipse.m2e.core.internal.Bundles - 	Entry: /home/subham/Downloads/spring-tools-for-eclipse-4.31.0.RELEASE-e4.36.0-linux.gtk.x86_64/sts-4.31.0.RELEASE/plugins/org.eclipse.m2e.maven.runtime_3.9.900.20250220-2013
2025-09-20 23:53:04,376 [Worker-19: Launching Executing install in _home_subham_Desktop_Project_spring-docker-demoapp_app1] INFO  o.eclipse.m2e.core.internal.Bundles - 	Entry: /home/subham/Downloads/spring-tools-for-eclipse-4.31.0.RELEASE-e4.36.0-linux.gtk.x86_64/sts-4.31.0.RELEASE/plugins/org.eclipse.m2e.maven.runtime_3.9.900.20250220-2013/jars/aopalliance-1.0.jar
2025-09-20 23:53:04,376 [Worker-19: Launching Executing install in _home_subham_Desktop_Project_spring-docker-demoapp_app1] INFO  o.eclipse.m2e.core.internal.Bundles - 	Entry: /home/subham/Downloads/spring-tools-for-eclipse-4.31.0.RELEASE-e4.36.0-linux.gtk.x86_64/sts-4.31.0.RELEASE/plugins/org.eclipse.m2e.maven.runtime_3.9.900.20250220-2013/jars/guice-5.1.0.jar
2025-09-20 23:53:04,376 [Worker-19: Launching Executing install in _home_subham_Desktop_Project_spring-docker-demoapp_app1] INFO  o.eclipse.m2e.core.internal.Bundles - 	Entry: /home/subham/Downloads/spring-tools-for-eclipse-4.31.0.RELEASE-e4.36.0-linux.gtk.x86_64/sts-4.31.0.RELEASE/plugins/org.eclipse.m2e.maven.runtime_3.9.900.20250220-2013/jars/httpclient-4.5.14.jar
2025-09-20 23:53:04,376 [Worker-19: Launching Executing install in _home_subham_Desktop_Project_spring-docker-demoapp_app1] INFO  o.eclipse.m2e.core.internal.Bundles - 	Entry: /home/subham/Downloads/spring-tools-for-eclipse-4.31.0.RELEASE-e4.36.0-linux.gtk.x86_64/sts-4.31.0.RELEASE/plugins/org.eclipse.m2e.maven.runtime_3.9.900.20250220-2013/jars/httpcore-4.4.16.jar
2025-09-20 23:53:04,376 [Worker-19: Launching Executing install in _home_subham_Desktop_Project_spring-docker-demoapp_app1] INFO  o.eclipse.m2e.core.internal.Bundles - 	Entry: /home/subham/Downloads/spring-tools-for-eclipse-4.31.0.RELEASE-e4.36.0-linux.gtk.x86_64/sts-4.31.0.RELEASE/plugins/org.eclipse.m2e.maven.runtime_3.9.900.20250220-2013/jars/jansi-2.4.1.jar
2025-09-20 23:53:04,376 [Worker-19: Launching Executing install in _home_subham_Desktop_Project_spring-docker-demoapp_app1] INFO  o.eclipse.m2e.core.internal.Bundles - 	Entry: /home/subham/Downloads/spring-tools-for-eclipse-4.31.0.RELEASE-e4.36.0-linux.gtk.x86_64/sts-4.31.0.RELEASE/plugins/org.eclipse.m2e.maven.runtime_3.9.900.20250220-2013/jars/jcl-over-slf4j-1.7.36.jar
2025-09-20 23:53:04,376 [Worker-19: Launching Executing install in _home_subham_Desktop_Project_spring-docker-demoapp_app1] INFO  o.eclipse.m2e.core.internal.Bundles - 	Entry: /home/subham/Downloads/spring-tools-for-eclipse-4.31.0.RELEASE-e4.36.0-linux.gtk.x86_64/sts-4.31.0.RELEASE/plugins/org.eclipse.m2e.maven.runtime_3.9.900.20250220-2013/jars/maven-artifact-3.9.9.jar
2025-09-20 23:53:04,376 [Worker-19: Launching Executing install in _home_subham_Desktop_Project_spring-docker-demoapp_app1] INFO  o.eclipse.m2e.core.internal.Bundles - 	Entry: /home/subham/Downloads/spring-tools-for-eclipse-4.31.0.RELEASE-e4.36.0-linux.gtk.x86_64/sts-4.31.0.RELEASE/plugins/org.eclipse.m2e.maven.runtime_3.9.900.20250220-2013/jars/maven-builder-support-3.9.9.jar
2025-09-20 23:53:04,376 [Worker-19: Launching Executing install in _home_subham_Desktop_Project_spring-docker-demoapp_app1] INFO  o.eclipse.m2e.core.internal.Bundles - 	Entry: /home/subham/Downloads/spring-tools-for-eclipse-4.31.0.RELEASE-e4.36.0-linux.gtk.x86_64/sts-4.31.0.RELEASE/plugins/org.eclipse.m2e.maven.runtime_3.9.900.20250220-2013/jars/maven-compat-3.9.9.jar
2025-09-20 23:53:04,376 [Worker-19: Launching Executing install in _home_subham_Desktop_Project_spring-docker-demoapp_app1] INFO  o.eclipse.m2e.core.internal.Bundles - 	Entry: /home/subham/Downloads/spring-tools-for-eclipse-4.31.0.RELEASE-e4.36.0-linux.gtk.x86_64/sts-4.31.0.RELEASE/plugins/org.eclipse.m2e.maven.runtime_3.9.900.20250220-2013/jars/maven-core-3.9.9.jar
2025-09-20 23:53:04,376 [Worker-19: Launching Executing install in _home_subham_Desktop_Project_spring-docker-demoapp_app1] INFO  o.eclipse.m2e.core.internal.Bundles - 	Entry: /home/subham/Downloads/spring-tools-for-eclipse-4.31.0.RELEASE-e4.36.0-linux.gtk.x86_64/sts-4.31.0.RELEASE/plugins/org.eclipse.m2e.maven.runtime_3.9.900.20250220-2013/jars/maven-embedder-3.9.9.jar
2025-09-20 23:53:04,376 [Worker-19: Launching Executing install in _home_subham_Desktop_Project_spring-docker-demoapp_app1] INFO  o.eclipse.m2e.core.internal.Bundles - 	Entry: /home/subham/Downloads/spring-tools-for-eclipse-4.31.0.RELEASE-e4.36.0-linux.gtk.x86_64/sts-4.31.0.RELEASE/plugins/org.eclipse.m2e.maven.runtime_3.9.900.20250220-2013/jars/maven-model-3.9.9.jar
2025-09-20 23:53:04,376 [Worker-19: Launching Executing install in _home_subham_Desktop_Project_spring-docker-demoapp_app1] INFO  o.eclipse.m2e.core.internal.Bundles - 	Entry: /home/subham/Downloads/spring-tools-for-eclipse-4.31.0.RELEASE-e4.36.0-linux.gtk.x86_64/sts-4.31.0.RELEASE/plugins/org.eclipse.m2e.maven.runtime_3.9.900.20250220-2013/jars/maven-model-builder-3.9.9.jar
2025-09-20 23:53:04,376 [Worker-19: Launching Executing install in _home_subham_Desktop_Project_spring-docker-demoapp_app1] INFO  o.eclipse.m2e.core.internal.Bundles - 	Entry: /home/subham/Downloads/spring-tools-for-eclipse-4.31.0.RELEASE-e4.36.0-linux.gtk.x86_64/sts-4.31.0.RELEASE/plugins/org.eclipse.m2e.maven.runtime_3.9.900.20250220-2013/jars/maven-plugin-api-3.9.9.jar
2025-09-20 23:53:04,376 [Worker-19: Launching Executing install in _home_subham_Desktop_Project_spring-docker-demoapp_app1] INFO  o.eclipse.m2e.core.internal.Bundles - 	Entry: /home/subham/Downloads/spring-tools-for-eclipse-4.31.0.RELEASE-e4.36.0-linux.gtk.x86_64/sts-4.31.0.RELEASE/plugins/org.eclipse.m2e.maven.runtime_3.9.900.20250220-2013/jars/maven-repository-metadata-3.9.9.jar
2025-09-20 23:53:04,376 [Worker-19: Launching Executing install in _home_subham_Desktop_Project_spring-docker-demoapp_app1] INFO  o.eclipse.m2e.core.internal.Bundles - 	Entry: /home/subham/Downloads/spring-tools-for-eclipse-4.31.0.RELEASE-e4.36.0-linux.gtk.x86_64/sts-4.31.0.RELEASE/plugins/org.eclipse.m2e.maven.runtime_3.9.900.20250220-2013/jars/maven-resolver-api-1.9.22.jar
2025-09-20 23:53:04,376 [Worker-19: Launching Executing install in _home_subham_Desktop_Project_spring-docker-demoapp_app1] INFO  o.eclipse.m2e.core.internal.Bundles - 	Entry: /home/subham/Downloads/spring-tools-for-eclipse-4.31.0.RELEASE-e4.36.0-linux.gtk.x86_64/sts-4.31.0.RELEASE/plugins/org.eclipse.m2e.maven.runtime_3.9.900.20250220-2013/jars/maven-resolver-connector-basic-1.9.22.jar
2025-09-20 23:53:04,376 [Worker-19: Launching Executing install in _home_subham_Desktop_Project_spring-docker-demoapp_app1] INFO  o.eclipse.m2e.core.internal.Bundles - 	Entry: /home/subham/Downloads/spring-tools-for-eclipse-4.31.0.RELEASE-e4.36.0-linux.gtk.x86_64/sts-4.31.0.RELEASE/plugins/org.eclipse.m2e.maven.runtime_3.9.900.20250220-2013/jars/maven-resolver-impl-1.9.22.jar
2025-09-20 23:53:04,376 [Worker-19: Launching Executing install in _home_subham_Desktop_Project_spring-docker-demoapp_app1] INFO  o.eclipse.m2e.core.internal.Bundles - 	Entry: /home/subham/Downloads/spring-tools-for-eclipse-4.31.0.RELEASE-e4.36.0-linux.gtk.x86_64/sts-4.31.0.RELEASE/plugins/org.eclipse.m2e.maven.runtime_3.9.900.20250220-2013/jars/maven-resolver-named-locks-1.9.22.jar
2025-09-20 23:53:04,376 [Worker-19: Launching Executing install in _home_subham_Desktop_Project_spring-docker-demoapp_app1] INFO  o.eclipse.m2e.core.internal.Bundles - 	Entry: /home/subham/Downloads/spring-tools-for-eclipse-4.31.0.RELEASE-e4.36.0-linux.gtk.x86_64/sts-4.31.0.RELEASE/plugins/org.eclipse.m2e.maven.runtime_3.9.900.20250220-2013/jars/maven-resolver-provider-3.9.9.jar
2025-09-20 23:53:04,376 [Worker-19: Launching Executing install in _home_subham_Desktop_Project_spring-docker-demoapp_app1] INFO  o.eclipse.m2e.core.internal.Bundles - 	Entry: /home/subham/Downloads/spring-tools-for-eclipse-4.31.0.RELEASE-e4.36.0-linux.gtk.x86_64/sts-4.31.0.RELEASE/plugins/org.eclipse.m2e.maven.runtime_3.9.900.20250220-2013/jars/maven-resolver-spi-1.9.22.jar
2025-09-20 23:53:04,376 [Worker-19: Launching Executing install in _home_subham_Desktop_Project_spring-docker-demoapp_app1] INFO  o.eclipse.m2e.core.internal.Bundles - 	Entry: /home/subham/Downloads/spring-tools-for-eclipse-4.31.0.RELEASE-e4.36.0-linux.gtk.x86_64/sts-4.31.0.RELEASE/plugins/org.eclipse.m2e.maven.runtime_3.9.900.20250220-2013/jars/maven-resolver-transport-file-1.9.22.jar
2025-09-20 23:53:04,376 [Worker-19: Launching Executing install in _home_subham_Desktop_Project_spring-docker-demoapp_app1] INFO  o.eclipse.m2e.core.internal.Bundles - 	Entry: /home/subham/Downloads/spring-tools-for-eclipse-4.31.0.RELEASE-e4.36.0-linux.gtk.x86_64/sts-4.31.0.RELEASE/plugins/org.eclipse.m2e.maven.runtime_3.9.900.20250220-2013/jars/maven-resolver-transport-http-1.9.22.jar
2025-09-20 23:53:04,376 [Worker-19: Launching Executing install in _home_subham_Desktop_Project_spring-docker-demoapp_app1] INFO  o.eclipse.m2e.core.internal.Bundles - 	Entry: /home/subham/Downloads/spring-tools-for-eclipse-4.31.0.RELEASE-e4.36.0-linux.gtk.x86_64/sts-4.31.0.RELEASE/plugins/org.eclipse.m2e.maven.runtime_3.9.900.20250220-2013/jars/maven-resolver-transport-wagon-1.9.22.jar
2025-09-20 23:53:04,376 [Worker-19: Launching Executing install in _home_subham_Desktop_Project_spring-docker-demoapp_app1] INFO  o.eclipse.m2e.core.internal.Bundles - 	Entry: /home/subham/Downloads/spring-tools-for-eclipse-4.31.0.RELEASE-e4.36.0-linux.gtk.x86_64/sts-4.31.0.RELEASE/plugins/org.eclipse.m2e.maven.runtime_3.9.900.20250220-2013/jars/maven-resolver-util-1.9.22.jar
2025-09-20 23:53:04,376 [Worker-19: Launching Executing install in _home_subham_Desktop_Project_spring-docker-demoapp_app1] INFO  o.eclipse.m2e.core.internal.Bundles - 	Entry: /home/subham/Downloads/spring-tools-for-eclipse-4.31.0.RELEASE-e4.36.0-linux.gtk.x86_64/sts-4.31.0.RELEASE/plugins/org.eclipse.m2e.maven.runtime_3.9.900.20250220-2013/jars/maven-settings-3.9.9.jar
2025-09-20 23:53:04,376 [Worker-19: Launching Executing install in _home_subham_Desktop_Project_spring-docker-demoapp_app1] INFO  o.eclipse.m2e.core.internal.Bundles - 	Entry: /home/subham/Downloads/spring-tools-for-eclipse-4.31.0.RELEASE-e4.36.0-linux.gtk.x86_64/sts-4.31.0.RELEASE/plugins/org.eclipse.m2e.maven.runtime_3.9.900.20250220-2013/jars/maven-settings-builder-3.9.9.jar
2025-09-20 23:53:04,376 [Worker-19: Launching Executing install in _home_subham_Desktop_Project_spring-docker-demoapp_app1] INFO  o.eclipse.m2e.core.internal.Bundles - 	Entry: /home/subham/Downloads/spring-tools-for-eclipse-4.31.0.RELEASE-e4.36.0-linux.gtk.x86_64/sts-4.31.0.RELEASE/plugins/org.eclipse.m2e.maven.runtime_3.9.900.20250220-2013/jars/maven-shared-utils-3.4.2.jar
2025-09-20 23:53:04,376 [Worker-19: Launching Executing install in _home_subham_Desktop_Project_spring-docker-demoapp_app1] INFO  o.eclipse.m2e.core.internal.Bundles - 	Entry: /home/subham/Downloads/spring-tools-for-eclipse-4.31.0.RELEASE-e4.36.0-linux.gtk.x86_64/sts-4.31.0.RELEASE/plugins/org.eclipse.m2e.maven.runtime_3.9.900.20250220-2013/jars/org.eclipse.sisu.inject-0.9.0.M3.jar
2025-09-20 23:53:04,376 [Worker-19: Launching Executing install in _home_subham_Desktop_Project_spring-docker-demoapp_app1] INFO  o.eclipse.m2e.core.internal.Bundles - 	Entry: /home/subham/Downloads/spring-tools-for-eclipse-4.31.0.RELEASE-e4.36.0-linux.gtk.x86_64/sts-4.31.0.RELEASE/plugins/org.eclipse.m2e.maven.runtime_3.9.900.20250220-2013/jars/org.eclipse.sisu.plexus-0.9.0.M3.jar
2025-09-20 23:53:04,376 [Worker-19: Launching Executing install in _home_subham_Desktop_Project_spring-docker-demoapp_app1] INFO  o.eclipse.m2e.core.internal.Bundles - 	Entry: /home/subham/Downloads/spring-tools-for-eclipse-4.31.0.RELEASE-e4.36.0-linux.gtk.x86_64/sts-4.31.0.RELEASE/plugins/org.eclipse.m2e.maven.runtime_3.9.900.20250220-2013/jars/plexus-build-api-0.0.7.jar
2025-09-20 23:53:04,376 [Worker-19: Launching Executing install in _home_subham_Desktop_Project_spring-docker-demoapp_app1] INFO  o.eclipse.m2e.core.internal.Bundles - 	Entry: /home/subham/Downloads/spring-tools-for-eclipse-4.31.0.RELEASE-e4.36.0-linux.gtk.x86_64/sts-4.31.0.RELEASE/plugins/org.eclipse.m2e.maven.runtime_3.9.900.20250220-2013/jars/plexus-build-api-1.2.0.jar
2025-09-20 23:53:04,376 [Worker-19: Launching Executing install in _home_subham_Desktop_Project_spring-docker-demoapp_app1] INFO  o.eclipse.m2e.core.internal.Bundles - 	Entry: /home/subham/Downloads/spring-tools-for-eclipse-4.31.0.RELEASE-e4.36.0-linux.gtk.x86_64/sts-4.31.0.RELEASE/plugins/org.eclipse.m2e.maven.runtime_3.9.900.20250220-2013/jars/plexus-cipher-2.0.jar
2025-09-20 23:53:04,376 [Worker-19: Launching Executing install in _home_subham_Desktop_Project_spring-docker-demoapp_app1] INFO  o.eclipse.m2e.core.internal.Bundles - 	Entry: /home/subham/Downloads/spring-tools-for-eclipse-4.31.0.RELEASE-e4.36.0-linux.gtk.x86_64/sts-4.31.0.RELEASE/plugins/org.eclipse.m2e.maven.runtime_3.9.900.20250220-2013/jars/plexus-classworlds-2.8.0.jar
2025-09-20 23:53:04,376 [Worker-19: Launching Executing install in _home_subham_Desktop_Project_spring-docker-demoapp_app1] INFO  o.eclipse.m2e.core.internal.Bundles - 	Entry: /home/subham/Downloads/spring-tools-for-eclipse-4.31.0.RELEASE-e4.36.0-linux.gtk.x86_64/sts-4.31.0.RELEASE/plugins/org.eclipse.m2e.maven.runtime_3.9.900.20250220-2013/jars/plexus-component-annotations-2.1.0.jar
2025-09-20 23:53:04,376 [Worker-19: Launching Executing install in _home_subham_Desktop_Project_spring-docker-demoapp_app1] INFO  o.eclipse.m2e.core.internal.Bundles - 	Entry: /home/subham/Downloads/spring-tools-for-eclipse-4.31.0.RELEASE-e4.36.0-linux.gtk.x86_64/sts-4.31.0.RELEASE/plugins/org.eclipse.m2e.maven.runtime_3.9.900.20250220-2013/jars/plexus-interpolation-1.27.jar
2025-09-20 23:53:04,376 [Worker-19: Launching Executing install in _home_subham_Desktop_Project_spring-docker-demoapp_app1] INFO  o.eclipse.m2e.core.internal.Bundles - 	Entry: /home/subham/Downloads/spring-tools-for-eclipse-4.31.0.RELEASE-e4.36.0-linux.gtk.x86_64/sts-4.31.0.RELEASE/plugins/org.eclipse.m2e.maven.runtime_3.9.900.20250220-2013/jars/plexus-sec-dispatcher-2.0.jar
2025-09-20 23:53:04,376 [Worker-19: Launching Executing install in _home_subham_Desktop_Project_spring-docker-demoapp_app1] INFO  o.eclipse.m2e.core.internal.Bundles - 	Entry: /home/subham/Downloads/spring-tools-for-eclipse-4.31.0.RELEASE-e4.36.0-linux.gtk.x86_64/sts-4.31.0.RELEASE/plugins/org.eclipse.m2e.maven.runtime_3.9.900.20250220-2013/jars/plexus-utils-3.5.1.jar
2025-09-20 23:53:04,376 [Worker-19: Launching Executing install in _home_subham_Desktop_Project_spring-docker-demoapp_app1] INFO  o.eclipse.m2e.core.internal.Bundles - 	Entry: /home/subham/Downloads/spring-tools-for-eclipse-4.31.0.RELEASE-e4.36.0-linux.gtk.x86_64/sts-4.31.0.RELEASE/plugins/org.eclipse.m2e.maven.runtime_3.9.900.20250220-2013/jars/plexus-xml-3.0.1.jar
2025-09-20 23:53:04,376 [Worker-19: Launching Executing install in _home_subham_Desktop_Project_spring-docker-demoapp_app1] INFO  o.eclipse.m2e.core.internal.Bundles - 	Entry: /home/subham/Downloads/spring-tools-for-eclipse-4.31.0.RELEASE-e4.36.0-linux.gtk.x86_64/sts-4.31.0.RELEASE/plugins/org.eclipse.m2e.maven.runtime_3.9.900.20250220-2013/jars/wagon-file-3.5.3.jar
2025-09-20 23:53:04,376 [Worker-19: Launching Executing install in _home_subham_Desktop_Project_spring-docker-demoapp_app1] INFO  o.eclipse.m2e.core.internal.Bundles - 	Entry: /home/subham/Downloads/spring-tools-for-eclipse-4.31.0.RELEASE-e4.36.0-linux.gtk.x86_64/sts-4.31.0.RELEASE/plugins/org.eclipse.m2e.maven.runtime_3.9.900.20250220-2013/jars/wagon-http-3.5.3.jar
2025-09-20 23:53:04,376 [Worker-19: Launching Executing install in _home_subham_Desktop_Project_spring-docker-demoapp_app1] INFO  o.eclipse.m2e.core.internal.Bundles - 	Entry: /home/subham/Downloads/spring-tools-for-eclipse-4.31.0.RELEASE-e4.36.0-linux.gtk.x86_64/sts-4.31.0.RELEASE/plugins/org.eclipse.m2e.maven.runtime_3.9.900.20250220-2013/jars/wagon-http-shared-3.5.3.jar
2025-09-20 23:53:04,376 [Worker-19: Launching Executing install in _home_subham_Desktop_Project_spring-docker-demoapp_app1] INFO  o.eclipse.m2e.core.internal.Bundles - 	Entry: /home/subham/Downloads/spring-tools-for-eclipse-4.31.0.RELEASE-e4.36.0-linux.gtk.x86_64/sts-4.31.0.RELEASE/plugins/org.eclipse.m2e.maven.runtime_3.9.900.20250220-2013/jars/wagon-provider-api-3.5.3.jar
2025-09-20 23:53:04,376 [Worker-19: Launching Executing install in _home_subham_Desktop_Project_spring-docker-demoapp_app1] INFO  o.eclipse.m2e.core.internal.Bundles - getClasspathEntries(Bundle=com.google.guava_33.4.8.jre [31])
2025-09-20 23:53:04,376 [Worker-19: Launching Executing install in _home_subham_Desktop_Project_spring-docker-demoapp_app1] INFO  o.eclipse.m2e.core.internal.Bundles - 	Entry: /home/subham/Downloads/spring-tools-for-eclipse-4.31.0.RELEASE-e4.36.0-linux.gtk.x86_64/sts-4.31.0.RELEASE/plugins/com.google.guava_33.4.8.jre.jar
2025-09-20 23:53:04,376 [Worker-19: Launching Executing install in _home_subham_Desktop_Project_spring-docker-demoapp_app1] INFO  o.eclipse.m2e.core.internal.Bundles - getClasspathEntries(Bundle=slf4j.api_2.0.17 [609])
2025-09-20 23:53:04,376 [Worker-19: Launching Executing install in _home_subham_Desktop_Project_spring-docker-demoapp_app1] INFO  o.eclipse.m2e.core.internal.Bundles - 	Entry: /home/subham/Downloads/spring-tools-for-eclipse-4.31.0.RELEASE-e4.36.0-linux.gtk.x86_64/sts-4.31.0.RELEASE/plugins/slf4j.api_2.0.17.jar
2025-09-20 23:53:04,376 [Worker-19: Launching Executing install in _home_subham_Desktop_Project_spring-docker-demoapp_app1] INFO  o.eclipse.m2e.core.internal.Bundles - getClasspathEntries(Bundle=jakarta.inject.jakarta.inject-api_1.0.5 [46])
2025-09-20 23:53:04,377 [Worker-19: Launching Executing install in _home_subham_Desktop_Project_spring-docker-demoapp_app1] INFO  o.eclipse.m2e.core.internal.Bundles - 	Entry: /home/subham/Downloads/spring-tools-for-eclipse-4.31.0.RELEASE-e4.36.0-linux.gtk.x86_64/sts-4.31.0.RELEASE/plugins/jakarta.inject.jakarta.inject-api_1.0.5.jar
2025-09-20 23:53:04,377 [Worker-19: Launching Executing install in _home_subham_Desktop_Project_spring-docker-demoapp_app1] INFO  o.eclipse.m2e.core.internal.Bundles - getClasspathEntries(Bundle=javax.annotation_1.3.5.v20200909-1856 [55])
2025-09-20 23:53:04,377 [Worker-19: Launching Executing install in _home_subham_Desktop_Project_spring-docker-demoapp_app1] INFO  o.eclipse.m2e.core.internal.Bundles - 	Entry: /home/subham/Downloads/spring-tools-for-eclipse-4.31.0.RELEASE-e4.36.0-linux.gtk.x86_64/sts-4.31.0.RELEASE/plugins/javax.annotation_1.3.5.v20200909-1856.jar
2025-09-20 23:53:04,377 [Worker-19: Launching Executing install in _home_subham_Desktop_Project_spring-docker-demoapp_app1] INFO  o.eclipse.m2e.core.internal.Bundles - getClasspathEntries(Bundle=org.apache.commons.cli_1.9.0 [79])
2025-09-20 23:53:04,377 [Worker-19: Launching Executing install in _home_subham_Desktop_Project_spring-docker-demoapp_app1] INFO  o.eclipse.m2e.core.internal.Bundles - 	Entry: /home/subham/Downloads/spring-tools-for-eclipse-4.31.0.RELEASE-e4.36.0-linux.gtk.x86_64/sts-4.31.0.RELEASE/plugins/org.apache.commons.cli_1.9.0.jar
2025-09-20 23:53:04,377 [Worker-19: Launching Executing install in _home_subham_Desktop_Project_spring-docker-demoapp_app1] INFO  o.eclipse.m2e.core.internal.Bundles - getClasspathEntries(Bundle=org.apache.commons.commons-codec_1.16.0 [81])
2025-09-20 23:53:04,377 [Worker-19: Launching Executing install in _home_subham_Desktop_Project_spring-docker-demoapp_app1] INFO  o.eclipse.m2e.core.internal.Bundles - 	Entry: /home/subham/Downloads/spring-tools-for-eclipse-4.31.0.RELEASE-e4.36.0-linux.gtk.x86_64/sts-4.31.0.RELEASE/plugins/org.apache.commons.commons-codec_1.16.0.jar
2025-09-20 23:53:04,377 [Worker-19: Launching Executing install in _home_subham_Desktop_Project_spring-docker-demoapp_app1] INFO  o.eclipse.m2e.core.internal.Bundles - getClasspathEntries(Bundle=com.google.guava.failureaccess_1.0.3 [32])
2025-09-20 23:53:04,377 [Worker-19: Launching Executing install in _home_subham_Desktop_Project_spring-docker-demoapp_app1] INFO  o.eclipse.m2e.core.internal.Bundles - 	Entry: /home/subham/Downloads/spring-tools-for-eclipse-4.31.0.RELEASE-e4.36.0-linux.gtk.x86_64/sts-4.31.0.RELEASE/plugins/com.google.guava.failureaccess_1.0.3.jar
2025-09-20 23:53:04,377 [Worker-19: Launching Executing install in _home_subham_Desktop_Project_spring-docker-demoapp_app1] INFO  o.e.m.i.launch.MavenLaunchDelegate - Run build in "/home/subham/Desktop/Project/spring-docker-demoapp/app1":
2025-09-20 23:53:04,377 [Worker-19: Launching Executing install in _home_subham_Desktop_Project_spring-docker-demoapp_app1] INFO  o.e.m.i.launch.MavenLaunchDelegate -  mvn  -Ppom.xml -B -Dstyle.color=always install
2025-09-20 23:53:07,421 [Worker-15: Building] INFO  o.a.m.s.f.DefaultMavenResourcesFiltering - Copying 1 resource from src/main/resources to target/classes
2025-09-20 23:53:07,421 [Worker-15: Building] INFO  o.a.m.s.f.DefaultMavenResourcesFiltering - Copying 0 resource from src/main/resources to target/classes
2025-09-20 23:53:07,423 [Worker-15: Building] INFO  o.a.m.s.f.DefaultMavenResourcesFiltering - skip non existing resourceDirectory /home/subham/Desktop/Project/spring-docker-demoapp/app2/src/test/resources
2025-09-20 23:53:34,348 [Worker-1: Building] INFO  o.a.m.s.f.DefaultMavenResourcesFiltering - Copying 1 resource from src/main/resources to target/classes
2025-09-20 23:53:34,348 [Worker-1: Building] INFO  o.a.m.s.f.DefaultMavenResourcesFiltering - Copying 0 resource from src/main/resources to target/classes
2025-09-20 23:53:34,350 [Worker-1: Building] INFO  o.a.m.s.f.DefaultMavenResourcesFiltering - skip non existing resourceDirectory /home/subham/Desktop/Project/spring-docker-demoapp/app1/src/test/resources
2025-09-21 00:04:37,367 [Worker-20: Building] INFO  o.a.m.s.f.DefaultMavenResourcesFiltering - Copying 1 resource from src/main/resources to target/classes
2025-09-21 00:04:37,382 [Worker-20: Building] INFO  o.a.m.s.f.DefaultMavenResourcesFiltering - Copying 0 resource from src/main/resources to target/classes
2025-09-21 00:04:37,386 [Worker-20: Building] INFO  o.a.m.s.f.DefaultMavenResourcesFiltering - skip non existing resourceDirectory /home/subham/Desktop/Project/spring-docker-demoapp/app1/src/test/resources
2025-09-21 00:06:40,605 [Worker-14: Building] INFO  o.a.m.s.f.DefaultMavenResourcesFiltering - Copying 1 resource from src/main/resources to target/classes
2025-09-21 00:06:40,607 [Worker-14: Building] INFO  o.a.m.s.f.DefaultMavenResourcesFiltering - Copying 0 resource from src/main/resources to target/classes
2025-09-21 00:06:40,609 [Worker-14: Building] INFO  o.a.m.s.f.DefaultMavenResourcesFiltering - skip non existing resourceDirectory /home/subham/Desktop/Project/spring-docker-demoapp/app1/src/test/resources
2025-09-21 00:06:48,580 [Worker-14: Building] INFO  o.a.m.s.f.DefaultMavenResourcesFiltering - Copying 1 resource from src/main/resources to target/classes
2025-09-21 00:06:48,581 [Worker-14: Building] INFO  o.a.m.s.f.DefaultMavenResourcesFiltering - Copying 0 resource from src/main/resources to target/classes
2025-09-21 00:06:48,583 [Worker-14: Building] INFO  o.a.m.s.f.DefaultMavenResourcesFiltering - skip non existing resourceDirectory /home/subham/Desktop/Project/spring-docker-demoapp/app1/src/test/resources
2025-09-21 00:10:11,066 [Worker-14: Building] ERROR o.e.m.c.i.p.r.ProjectRegistryManager - Could not read pom.xml
org.eclipse.core.runtime.CoreException: Could not read pom.xml
	at org.eclipse.m2e.core.internal.IMavenToolbox.readModel(IMavenToolbox.java:245)
	at org.eclipse.m2e.core.internal.project.registry.ProjectRegistryManager.refreshPhase2(ProjectRegistryManager.java:591)
	at org.eclipse.m2e.core.internal.project.registry.ProjectRegistryManager.refresh(ProjectRegistryManager.java:491)
	at org.eclipse.m2e.core.internal.project.registry.ProjectRegistryManager.refresh(ProjectRegistryManager.java:370)
	at org.eclipse.m2e.core.internal.project.registry.ProjectRegistryManager.refresh(ProjectRegistryManager.java:322)
	at org.eclipse.m2e.core.internal.builder.MavenBuilder$BuildMethod.getProjectFacade(MavenBuilder.java:146)
	at org.eclipse.m2e.core.internal.builder.MavenBuilder$BuildMethod.lambda$0(MavenBuilder.java:84)
	at org.eclipse.m2e.core.internal.embedder.MavenExecutionContext.executeBare(MavenExecutionContext.java:458)
	at org.eclipse.m2e.core.internal.embedder.MavenExecutionContext.execute(MavenExecutionContext.java:339)
	at org.eclipse.m2e.core.internal.embedder.MavenExecutionContext.execute(MavenExecutionContext.java:278)
	at org.eclipse.m2e.core.internal.builder.MavenBuilder$BuildMethod.execute(MavenBuilder.java:83)
	at org.eclipse.m2e.core.internal.builder.MavenBuilder.build(MavenBuilder.java:192)
	at org.eclipse.core.internal.events.BuildManager$2.run(BuildManager.java:1077)
	at org.eclipse.core.runtime.SafeRunner.run(SafeRunner.java:47)
	at org.eclipse.core.internal.events.BuildManager.basicBuild(BuildManager.java:296)
	at org.eclipse.core.internal.events.BuildManager.basicBuild(BuildManager.java:352)
	at org.eclipse.core.internal.events.BuildManager$1.run(BuildManager.java:441)
	at org.eclipse.core.runtime.SafeRunner.run(SafeRunner.java:47)
	at org.eclipse.core.internal.events.BuildManager.basicBuild(BuildManager.java:444)
	at org.eclipse.core.internal.events.BuildManager.basicBuildLoop(BuildManager.java:555)
	at org.eclipse.core.internal.events.BuildManager.basicBuildLoop(BuildManager.java:503)
	at org.eclipse.core.internal.events.BuildManager.build(BuildManager.java:585)
	at org.eclipse.core.internal.events.AutoBuildJob.doBuild(AutoBuildJob.java:207)
	at org.eclipse.core.internal.events.AutoBuildJob.run(AutoBuildJob.java:300)
	at org.eclipse.core.internal.jobs.Worker.run(Worker.java:63)
Caused by: org.apache.maven.model.io.ModelParseException: expected START_TAG or END_TAG not TEXT (position: TEXT seen ...</dependency>Copied! </... @49:26) 
	at org.apache.maven.model.io.DefaultModelReader.read(DefaultModelReader.java:96)
	at org.apache.maven.model.io.DefaultModelReader.read(DefaultModelReader.java:74)
	at org.eclipse.m2e.core.internal.IMavenToolbox.readModel(IMavenToolbox.java:243)
	... 24 common frames omitted
Caused by: org.codehaus.plexus.util.xml.pull.XmlPullParserException: expected START_TAG or END_TAG not TEXT (position: TEXT seen ...</dependency>Copied! </... @49:26) 
	at org.codehaus.plexus.util.xml.pull.MXParser.nextTag(MXParser.java:1364)
	at org.apache.maven.model.io.xpp3.MavenXpp3Reader.parseModel(MavenXpp3Reader.java:2317)
	at org.apache.maven.model.io.xpp3.MavenXpp3Reader.read(MavenXpp3Reader.java:623)
	at org.apache.maven.model.io.xpp3.MavenXpp3Reader.read(MavenXpp3Reader.java:654)
	at org.apache.maven.model.io.DefaultModelReader.read(DefaultModelReader.java:93)
	... 26 common frames omitted
2025-09-21 00:10:12,200 [Worker-21: Building] ERROR o.e.m.c.i.p.r.ProjectRegistryManager - Could not read pom.xml
org.eclipse.core.runtime.CoreException: Could not read pom.xml
	at org.eclipse.m2e.core.internal.IMavenToolbox.readModel(IMavenToolbox.java:245)
	at org.eclipse.m2e.core.internal.project.registry.ProjectRegistryManager.refreshPhase2(ProjectRegistryManager.java:591)
	at org.eclipse.m2e.core.internal.project.registry.ProjectRegistryManager.refresh(ProjectRegistryManager.java:491)
	at org.eclipse.m2e.core.internal.project.registry.ProjectRegistryManager.refresh(ProjectRegistryManager.java:370)
	at org.eclipse.m2e.core.internal.project.registry.ProjectRegistryManager.refresh(ProjectRegistryManager.java:322)
	at org.eclipse.m2e.core.internal.builder.MavenBuilder$BuildMethod.getProjectFacade(MavenBuilder.java:146)
	at org.eclipse.m2e.core.internal.builder.MavenBuilder$BuildMethod.lambda$0(MavenBuilder.java:84)
	at org.eclipse.m2e.core.internal.embedder.MavenExecutionContext.executeBare(MavenExecutionContext.java:458)
	at org.eclipse.m2e.core.internal.embedder.MavenExecutionContext.execute(MavenExecutionContext.java:339)
	at org.eclipse.m2e.core.internal.embedder.MavenExecutionContext.execute(MavenExecutionContext.java:278)
	at org.eclipse.m2e.core.internal.builder.MavenBuilder$BuildMethod.execute(MavenBuilder.java:83)
	at org.eclipse.m2e.core.internal.builder.MavenBuilder.build(MavenBuilder.java:192)
	at org.eclipse.core.internal.events.BuildManager$2.run(BuildManager.java:1077)
	at org.eclipse.core.runtime.SafeRunner.run(SafeRunner.java:47)
	at org.eclipse.core.internal.events.BuildManager.basicBuild(BuildManager.java:296)
	at org.eclipse.core.internal.events.BuildManager.basicBuild(BuildManager.java:352)
	at org.eclipse.core.internal.events.BuildManager$1.run(BuildManager.java:441)
	at org.eclipse.core.runtime.SafeRunner.run(SafeRunner.java:47)
	at org.eclipse.core.internal.events.BuildManager.basicBuild(BuildManager.java:444)
	at org.eclipse.core.internal.events.BuildManager.basicBuildLoop(BuildManager.java:555)
	at org.eclipse.core.internal.events.BuildManager.basicBuildLoop(BuildManager.java:503)
	at org.eclipse.core.internal.events.BuildManager.build(BuildManager.java:585)
	at org.eclipse.core.internal.events.AutoBuildJob.doBuild(AutoBuildJob.java:207)
	at org.eclipse.core.internal.events.AutoBuildJob.run(AutoBuildJob.java:300)
	at org.eclipse.core.internal.jobs.Worker.run(Worker.java:63)
Caused by: org.apache.maven.model.io.ModelParseException: expected START_TAG or END_TAG not TEXT (position: TEXT seen ...</dependency>Copied! </... @49:26) 
	at org.apache.maven.model.io.DefaultModelReader.read(DefaultModelReader.java:96)
	at org.apache.maven.model.io.DefaultModelReader.read(DefaultModelReader.java:74)
	at org.eclipse.m2e.core.internal.IMavenToolbox.readModel(IMavenToolbox.java:243)
	... 24 common frames omitted
Caused by: org.codehaus.plexus.util.xml.pull.XmlPullParserException: expected START_TAG or END_TAG not TEXT (position: TEXT seen ...</dependency>Copied! </... @49:26) 
	at org.codehaus.plexus.util.xml.pull.MXParser.nextTag(MXParser.java:1364)
	at org.apache.maven.model.io.xpp3.MavenXpp3Reader.parseModel(MavenXpp3Reader.java:2317)
	at org.apache.maven.model.io.xpp3.MavenXpp3Reader.read(MavenXpp3Reader.java:623)
	at org.apache.maven.model.io.xpp3.MavenXpp3Reader.read(MavenXpp3Reader.java:654)
	at org.apache.maven.model.io.DefaultModelReader.read(DefaultModelReader.java:93)
	... 26 common frames omitted
2025-09-21 00:10:24,363 [Worker-22: reload maven project] ERROR o.e.m.c.i.p.r.ProjectRegistryManager - Failed to read Maven project: Some problems were encountered while processing the POMs:
[FATAL] Non-parseable POM /home/subham/Desktop/Project/spring-docker-demoapp/app1/pom.xml: end tag name </project> must match start tag name <dependencies> from line 33 (position: TEXT seen ...</plugins>\n\t</build>\n\n</project>... @60:11)  @ line 60, column 11

org.apache.maven.project.ProjectBuildingException: Some problems were encountered while processing the POMs:
[FATAL] Non-parseable POM /home/subham/Desktop/Project/spring-docker-demoapp/app1/pom.xml: end tag name </project> must match start tag name <dependencies> from line 33 (position: TEXT seen ...</plugins>\n\t</build>\n\n</project>... @60:11)  @ line 60, column 11

	at org.eclipse.m2e.core.internal.IMavenToolbox.readMavenProjects(IMavenToolbox.java:140)
	at org.eclipse.m2e.core.internal.project.registry.ProjectRegistryManager.lambda$22(ProjectRegistryManager.java:943)
	at org.eclipse.m2e.core.internal.embedder.MavenExecutionContext.executeBare(MavenExecutionContext.java:458)
	at org.eclipse.m2e.core.internal.embedder.MavenExecutionContext.execute(MavenExecutionContext.java:339)
	at org.eclipse.m2e.core.internal.embedder.MavenExecutionContext.execute(MavenExecutionContext.java:278)
	at org.eclipse.m2e.core.internal.project.registry.ProjectRegistryManager.readProjectsWithDependencies(ProjectRegistryManager.java:939)
	at org.eclipse.m2e.core.internal.project.registry.ProjectRegistryManager.create(ProjectRegistryManager.java:219)
	at org.eclipse.m2e.core.internal.project.registry.MavenProjectManager.create(MavenProjectManager.java:105)
	at org.eclipse.m2e.core.ui.internal.actions.SelectionUtil.getMavenProject(SelectionUtil.java:239)
	at org.eclipse.m2e.editor.pom.MavenPomEditor.readMavenProject(MavenPomEditor.java:709)
	at org.eclipse.m2e.editor.pom.MavenPomEditor$4.run(MavenPomEditor.java:1029)
	at org.eclipse.core.internal.jobs.Worker.run(Worker.java:63)
2025-09-21 00:10:24,514 [Worker-1: Building] ERROR o.e.m.c.i.p.r.ProjectRegistryManager - Could not read pom.xml
org.eclipse.core.runtime.CoreException: Could not read pom.xml
	at org.eclipse.m2e.core.internal.IMavenToolbox.readModel(IMavenToolbox.java:245)
	at org.eclipse.m2e.core.internal.project.registry.ProjectRegistryManager.refreshPhase2(ProjectRegistryManager.java:591)
	at org.eclipse.m2e.core.internal.project.registry.ProjectRegistryManager.refresh(ProjectRegistryManager.java:491)
	at org.eclipse.m2e.core.internal.project.registry.ProjectRegistryManager.refresh(ProjectRegistryManager.java:370)
	at org.eclipse.m2e.core.internal.project.registry.ProjectRegistryManager.refresh(ProjectRegistryManager.java:322)
	at org.eclipse.m2e.core.internal.builder.MavenBuilder$BuildMethod.getProjectFacade(MavenBuilder.java:146)
	at org.eclipse.m2e.core.internal.builder.MavenBuilder$BuildMethod.lambda$0(MavenBuilder.java:84)
	at org.eclipse.m2e.core.internal.embedder.MavenExecutionContext.executeBare(MavenExecutionContext.java:458)
	at org.eclipse.m2e.core.internal.embedder.MavenExecutionContext.execute(MavenExecutionContext.java:339)
	at org.eclipse.m2e.core.internal.embedder.MavenExecutionContext.execute(MavenExecutionContext.java:278)
	at org.eclipse.m2e.core.internal.builder.MavenBuilder$BuildMethod.execute(MavenBuilder.java:83)
	at org.eclipse.m2e.core.internal.builder.MavenBuilder.build(MavenBuilder.java:192)
	at org.eclipse.core.internal.events.BuildManager$2.run(BuildManager.java:1077)
	at org.eclipse.core.runtime.SafeRunner.run(SafeRunner.java:47)
	at org.eclipse.core.internal.events.BuildManager.basicBuild(BuildManager.java:296)
	at org.eclipse.core.internal.events.BuildManager.basicBuild(BuildManager.java:352)
	at org.eclipse.core.internal.events.BuildManager$1.run(BuildManager.java:441)
	at org.eclipse.core.runtime.SafeRunner.run(SafeRunner.java:47)
	at org.eclipse.core.internal.events.BuildManager.basicBuild(BuildManager.java:444)
	at org.eclipse.core.internal.events.BuildManager.basicBuildLoop(BuildManager.java:555)
	at org.eclipse.core.internal.events.BuildManager.basicBuildLoop(BuildManager.java:503)
	at org.eclipse.core.internal.events.BuildManager.build(BuildManager.java:585)
	at org.eclipse.core.internal.events.AutoBuildJob.doBuild(AutoBuildJob.java:207)
	at org.eclipse.core.internal.events.AutoBuildJob.run(AutoBuildJob.java:300)
	at org.eclipse.core.internal.jobs.Worker.run(Worker.java:63)
Caused by: org.apache.maven.model.io.ModelParseException: Unrecognised tag: 'build' (position: START_TAG seen ...</dependency>\n\n\t<build>... @51:9) 
	at org.apache.maven.model.io.DefaultModelReader.read(DefaultModelReader.java:96)
	at org.apache.maven.model.io.DefaultModelReader.read(DefaultModelReader.java:74)
	at org.eclipse.m2e.core.internal.IMavenToolbox.readModel(IMavenToolbox.java:243)
	... 24 common frames omitted
Caused by: org.codehaus.plexus.util.xml.pull.XmlPullParserException: Unrecognised tag: 'build' (position: START_TAG seen ...</dependency>\n\n\t<build>... @51:9) 
	at org.apache.maven.model.io.xpp3.MavenXpp3Reader.checkUnknownElement(MavenXpp3Reader.java:181)
	at org.apache.maven.model.io.xpp3.MavenXpp3Reader.parseModel(MavenXpp3Reader.java:2325)
	at org.apache.maven.model.io.xpp3.MavenXpp3Reader.read(MavenXpp3Reader.java:623)
	at org.apache.maven.model.io.xpp3.MavenXpp3Reader.read(MavenXpp3Reader.java:654)
	at org.apache.maven.model.io.DefaultModelReader.read(DefaultModelReader.java:93)
	... 26 common frames omitted
2025-09-21 00:10:40,779 [Worker-20: reload maven project] INFO  o.e.m.c.i.e.AbstractTransferListenerAdapter - Downloading https://repo.maven.apache.org/maven2/org/json/json/20250517/json-20250517.pom
2025-09-21 00:10:40,792 [Worker-20: reload maven project] INFO  o.e.m.c.i.e.AbstractTransferListenerAdapter - Downloaded https://repo.maven.apache.org/maven2/org/json/json/20250517/json-20250517.pom
2025-09-21 00:10:40,860 [Worker-20: reload maven project] INFO  o.e.m.c.i.e.AbstractTransferListenerAdapter - Downloading https://repo.maven.apache.org/maven2/org/json/json/20250517/json-20250517.jar
2025-09-21 00:10:41,068 [Worker-20: reload maven project] INFO  o.e.m.c.i.e.AbstractTransferListenerAdapter - Downloaded https://repo.maven.apache.org/maven2/org/json/json/20250517/json-20250517.jar
2025-09-21 00:10:41,213 [Worker-21: Building] INFO  o.e.m.c.i.l.LifecycleMappingFactory - Using org.eclipse.m2e.jdt.JarLifecycleMapping lifecycle mapping for MavenProject: com.subham:app1:0.0.1-SNAPSHOT @ /home/subham/Desktop/Project/spring-docker-demoapp/app1/pom.xml.
2025-09-21 00:10:41,359 [Worker-21: Building] INFO  o.a.m.s.f.DefaultMavenResourcesFiltering - Copying 1 resource from src/main/resources to target/classes
2025-09-21 00:10:41,369 [Worker-21: Building] INFO  o.a.m.s.f.DefaultMavenResourcesFiltering - Copying 0 resource from src/main/resources to target/classes
2025-09-21 00:10:41,373 [Worker-21: Building] INFO  o.a.m.s.f.DefaultMavenResourcesFiltering - skip non existing resourceDirectory /home/subham/Desktop/Project/spring-docker-demoapp/app1/src/test/resources
2025-09-21 00:10:41,630 [Worker-17: Building] INFO  o.a.m.s.f.DefaultMavenResourcesFiltering - Copying 1 resource from src/main/resources to target/classes
2025-09-21 00:10:41,630 [Worker-17: Building] INFO  o.a.m.s.f.DefaultMavenResourcesFiltering - Copying 0 resource from src/main/resources to target/classes
2025-09-21 00:10:41,632 [Worker-17: Building] INFO  o.a.m.s.f.DefaultMavenResourcesFiltering - skip non existing resourceDirectory /home/subham/Desktop/Project/spring-docker-demoapp/app1/src/test/resources
2025-09-21 00:10:42,578 [Worker-20: Download sources and javadoc] INFO  o.e.m.c.i.e.AbstractTransferListenerAdapter - Downloading https://repo.maven.apache.org/maven2/org/json/json/20250517/json-20250517-sources.jar
2025-09-21 00:10:42,749 [Worker-20: Download sources and javadoc] INFO  o.e.m.c.i.e.AbstractTransferListenerAdapter - Downloaded https://repo.maven.apache.org/maven2/org/json/json/20250517/json-20250517-sources.jar
2025-09-21 00:10:42,750 [Worker-20: Download sources and javadoc] INFO  o.e.m.j.internal.DownloadSourcesJob - Downloaded sources for org.json:json:20250517
2025-09-21 00:11:44,879 [Worker-24: Building] INFO  o.a.m.s.f.DefaultMavenResourcesFiltering - Copying 1 resource from src/main/resources to target/classes
2025-09-21 00:11:44,892 [Worker-24: Building] INFO  o.a.m.s.f.DefaultMavenResourcesFiltering - Copying 0 resource from src/main/resources to target/classes
2025-09-21 00:11:44,896 [Worker-24: Building] INFO  o.a.m.s.f.DefaultMavenResourcesFiltering - skip non existing resourceDirectory /home/subham/Desktop/Project/spring-docker-demoapp/app1/src/test/resources
2025-09-21 00:13:14,439 [Worker-1: Building] INFO  o.a.m.s.f.DefaultMavenResourcesFiltering - Copying 1 resource from src/main/resources to target/classes
2025-09-21 00:13:14,442 [Worker-1: Building] INFO  o.a.m.s.f.DefaultMavenResourcesFiltering - Copying 0 resource from src/main/resources to target/classes
2025-09-21 00:13:14,444 [Worker-1: Building] INFO  o.a.m.s.f.DefaultMavenResourcesFiltering - skip non existing resourceDirectory /home/subham/Desktop/Project/spring-docker-demoapp/app1/src/test/resources
2025-09-21 00:13:35,052 [Worker-24: Building] INFO  o.a.m.s.f.DefaultMavenResourcesFiltering - Copying 1 resource from src/main/resources to target/classes
2025-09-21 00:13:35,055 [Worker-24: Building] INFO  o.a.m.s.f.DefaultMavenResourcesFiltering - Copying 0 resource from src/main/resources to target/classes
2025-09-21 00:13:35,056 [Worker-24: Building] INFO  o.a.m.s.f.DefaultMavenResourcesFiltering - skip non existing resourceDirectory /home/subham/Desktop/Project/spring-docker-demoapp/app1/src/test/resources
2025-09-21 00:13:46,275 [Worker-26: Building] INFO  o.a.m.s.f.DefaultMavenResourcesFiltering - Copying 1 resource from src/main/resources to target/classes
2025-09-21 00:13:46,277 [Worker-26: Building] INFO  o.a.m.s.f.DefaultMavenResourcesFiltering - Copying 0 resource from src/main/resources to target/classes
2025-09-21 00:13:46,278 [Worker-26: Building] INFO  o.a.m.s.f.DefaultMavenResourcesFiltering - skip non existing resourceDirectory /home/subham/Desktop/Project/spring-docker-demoapp/app1/src/test/resources
2025-09-21 00:13:55,486 [Worker-25: Building] INFO  o.a.m.s.f.DefaultMavenResourcesFiltering - Copying 1 resource from src/main/resources to target/classes
2025-09-21 00:13:55,497 [Worker-25: Building] INFO  o.a.m.s.f.DefaultMavenResourcesFiltering - Copying 0 resource from src/main/resources to target/classes
2025-09-21 00:13:55,502 [Worker-25: Building] INFO  o.a.m.s.f.DefaultMavenResourcesFiltering - skip non existing resourceDirectory /home/subham/Desktop/Project/spring-docker-demoapp/app1/src/test/resources
2025-09-21 00:14:48,289 [Worker-25: Building] INFO  o.a.m.s.f.DefaultMavenResourcesFiltering - Copying 1 resource from src/main/resources to target/classes
2025-09-21 00:14:48,290 [Worker-25: Building] INFO  o.a.m.s.f.DefaultMavenResourcesFiltering - Copying 0 resource from src/main/resources to target/classes
2025-09-21 00:14:48,292 [Worker-25: Building] INFO  o.a.m.s.f.DefaultMavenResourcesFiltering - skip non existing resourceDirectory /home/subham/Desktop/Project/spring-docker-demoapp/app1/src/test/resources
2025-09-21 00:15:15,939 [Worker-17: Building] INFO  o.a.m.s.f.DefaultMavenResourcesFiltering - Copying 1 resource from src/main/resources to target/classes
2025-09-21 00:15:15,942 [Worker-17: Building] INFO  o.a.m.s.f.DefaultMavenResourcesFiltering - Copying 0 resource from src/main/resources to target/classes
2025-09-21 00:15:15,944 [Worker-17: Building] INFO  o.a.m.s.f.DefaultMavenResourcesFiltering - skip non existing resourceDirectory /home/subham/Desktop/Project/spring-docker-demoapp/app1/src/test/resources
2025-09-21 00:15:18,984 [Worker-24: Building] INFO  o.a.m.s.f.DefaultMavenResourcesFiltering - Copying 1 resource from src/main/resources to target/classes
2025-09-21 00:15:18,986 [Worker-24: Building] INFO  o.a.m.s.f.DefaultMavenResourcesFiltering - Copying 0 resource from src/main/resources to target/classes
2025-09-21 00:15:18,987 [Worker-24: Building] INFO  o.a.m.s.f.DefaultMavenResourcesFiltering - skip non existing resourceDirectory /home/subham/Desktop/Project/spring-docker-demoapp/app1/src/test/resources
2025-09-21 00:16:44,252 [Worker-23: Building] INFO  o.e.m.c.i.l.LifecycleMappingFactory - Using org.eclipse.m2e.jdt.JarLifecycleMapping lifecycle mapping for MavenProject: com.subham:app2:0.0.1-SNAPSHOT @ /home/subham/Desktop/Project/spring-docker-demoapp/app2/pom.xml.
2025-09-21 00:16:44,529 [Worker-23: Building] INFO  o.a.m.s.f.DefaultMavenResourcesFiltering - Copying 0 resource from src/main/resources to target/classes
2025-09-21 00:16:44,530 [Worker-23: Building] INFO  o.a.m.s.f.DefaultMavenResourcesFiltering - Copying 0 resource from src/main/resources to target/classes
2025-09-21 00:16:44,534 [Worker-23: Building] INFO  o.a.m.s.f.DefaultMavenResourcesFiltering - skip non existing resourceDirectory /home/subham/Desktop/Project/spring-docker-demoapp/app2/src/test/resources
2025-09-21 00:16:45,605 [Worker-23: Building] INFO  o.a.m.s.f.DefaultMavenResourcesFiltering - Copying 1 resource from src/main/resources to target/classes
2025-09-21 00:16:45,616 [Worker-23: Building] INFO  o.a.m.s.f.DefaultMavenResourcesFiltering - Copying 0 resource from src/main/resources to target/classes
2025-09-21 00:16:45,618 [Worker-23: Building] INFO  o.a.m.s.f.DefaultMavenResourcesFiltering - skip non existing resourceDirectory /home/subham/Desktop/Project/spring-docker-demoapp/app2/src/test/resources
2025-09-21 00:17:41,485 [Worker-17: Building] INFO  o.a.m.s.f.DefaultMavenResourcesFiltering - Copying 1 resource from src/main/resources to target/classes
2025-09-21 00:17:41,488 [Worker-17: Building] INFO  o.a.m.s.f.DefaultMavenResourcesFiltering - Copying 0 resource from src/main/resources to target/classes
2025-09-21 00:17:41,489 [Worker-17: Building] INFO  o.a.m.s.f.DefaultMavenResourcesFiltering - skip non existing resourceDirectory /home/subham/Desktop/Project/spring-docker-demoapp/app2/src/test/resources
2025-09-21 00:18:02,196 [Worker-24: Building] INFO  o.a.m.s.f.DefaultMavenResourcesFiltering - Copying 1 resource from src/main/resources to target/classes
2025-09-21 00:18:02,198 [Worker-24: Building] INFO  o.a.m.s.f.DefaultMavenResourcesFiltering - Copying 0 resource from src/main/resources to target/classes
2025-09-21 00:18:02,200 [Worker-24: Building] INFO  o.a.m.s.f.DefaultMavenResourcesFiltering - skip non existing resourceDirectory /home/subham/Desktop/Project/spring-docker-demoapp/app2/src/test/resources
2025-09-21 00:18:56,569 [Worker-1: Building] INFO  o.a.m.s.f.DefaultMavenResourcesFiltering - Copying 1 resource from src/main/resources to target/classes
2025-09-21 00:18:56,572 [Worker-1: Building] INFO  o.a.m.s.f.DefaultMavenResourcesFiltering - Copying 0 resource from src/main/resources to target/classes
2025-09-21 00:18:56,574 [Worker-1: Building] INFO  o.a.m.s.f.DefaultMavenResourcesFiltering - skip non existing resourceDirectory /home/subham/Desktop/Project/spring-docker-demoapp/app2/src/test/resources
2025-09-21 00:20:11,154 [Worker-25: Launching Executing clean in _home_subham_Desktop_Project_spring-docker-demoapp_app2] INFO  o.eclipse.m2e.core.internal.Bundles - getClasspathEntries(Bundle=org.eclipse.m2e.maven.runtime_3.9.900.20250220-2013 [361])
2025-09-21 00:20:11,155 [Worker-25: Launching Executing clean in _home_subham_Desktop_Project_spring-docker-demoapp_app2] INFO  o.eclipse.m2e.core.internal.Bundles - 	Entry: /home/subham/Downloads/spring-tools-for-eclipse-4.31.0.RELEASE-e4.36.0-linux.gtk.x86_64/sts-4.31.0.RELEASE/plugins/org.eclipse.m2e.maven.runtime_3.9.900.20250220-2013
2025-09-21 00:20:11,155 [Worker-25: Launching Executing clean in _home_subham_Desktop_Project_spring-docker-demoapp_app2] INFO  o.eclipse.m2e.core.internal.Bundles - 	Entry: /home/subham/Downloads/spring-tools-for-eclipse-4.31.0.RELEASE-e4.36.0-linux.gtk.x86_64/sts-4.31.0.RELEASE/plugins/org.eclipse.m2e.maven.runtime_3.9.900.20250220-2013/jars/aopalliance-1.0.jar
2025-09-21 00:20:11,155 [Worker-25: Launching Executing clean in _home_subham_Desktop_Project_spring-docker-demoapp_app2] INFO  o.eclipse.m2e.core.internal.Bundles - 	Entry: /home/subham/Downloads/spring-tools-for-eclipse-4.31.0.RELEASE-e4.36.0-linux.gtk.x86_64/sts-4.31.0.RELEASE/plugins/org.eclipse.m2e.maven.runtime_3.9.900.20250220-2013/jars/guice-5.1.0.jar
2025-09-21 00:20:11,155 [Worker-25: Launching Executing clean in _home_subham_Desktop_Project_spring-docker-demoapp_app2] INFO  o.eclipse.m2e.core.internal.Bundles - 	Entry: /home/subham/Downloads/spring-tools-for-eclipse-4.31.0.RELEASE-e4.36.0-linux.gtk.x86_64/sts-4.31.0.RELEASE/plugins/org.eclipse.m2e.maven.runtime_3.9.900.20250220-2013/jars/httpclient-4.5.14.jar
2025-09-21 00:20:11,155 [Worker-25: Launching Executing clean in _home_subham_Desktop_Project_spring-docker-demoapp_app2] INFO  o.eclipse.m2e.core.internal.Bundles - 	Entry: /home/subham/Downloads/spring-tools-for-eclipse-4.31.0.RELEASE-e4.36.0-linux.gtk.x86_64/sts-4.31.0.RELEASE/plugins/org.eclipse.m2e.maven.runtime_3.9.900.20250220-2013/jars/httpcore-4.4.16.jar
2025-09-21 00:20:11,155 [Worker-25: Launching Executing clean in _home_subham_Desktop_Project_spring-docker-demoapp_app2] INFO  o.eclipse.m2e.core.internal.Bundles - 	Entry: /home/subham/Downloads/spring-tools-for-eclipse-4.31.0.RELEASE-e4.36.0-linux.gtk.x86_64/sts-4.31.0.RELEASE/plugins/org.eclipse.m2e.maven.runtime_3.9.900.20250220-2013/jars/jansi-2.4.1.jar
2025-09-21 00:20:11,155 [Worker-25: Launching Executing clean in _home_subham_Desktop_Project_spring-docker-demoapp_app2] INFO  o.eclipse.m2e.core.internal.Bundles - 	Entry: /home/subham/Downloads/spring-tools-for-eclipse-4.31.0.RELEASE-e4.36.0-linux.gtk.x86_64/sts-4.31.0.RELEASE/plugins/org.eclipse.m2e.maven.runtime_3.9.900.20250220-2013/jars/jcl-over-slf4j-1.7.36.jar
2025-09-21 00:20:11,155 [Worker-25: Launching Executing clean in _home_subham_Desktop_Project_spring-docker-demoapp_app2] INFO  o.eclipse.m2e.core.internal.Bundles - 	Entry: /home/subham/Downloads/spring-tools-for-eclipse-4.31.0.RELEASE-e4.36.0-linux.gtk.x86_64/sts-4.31.0.RELEASE/plugins/org.eclipse.m2e.maven.runtime_3.9.900.20250220-2013/jars/maven-artifact-3.9.9.jar
2025-09-21 00:20:11,155 [Worker-25: Launching Executing clean in _home_subham_Desktop_Project_spring-docker-demoapp_app2] INFO  o.eclipse.m2e.core.internal.Bundles - 	Entry: /home/subham/Downloads/spring-tools-for-eclipse-4.31.0.RELEASE-e4.36.0-linux.gtk.x86_64/sts-4.31.0.RELEASE/plugins/org.eclipse.m2e.maven.runtime_3.9.900.20250220-2013/jars/maven-builder-support-3.9.9.jar
2025-09-21 00:20:11,155 [Worker-25: Launching Executing clean in _home_subham_Desktop_Project_spring-docker-demoapp_app2] INFO  o.eclipse.m2e.core.internal.Bundles - 	Entry: /home/subham/Downloads/spring-tools-for-eclipse-4.31.0.RELEASE-e4.36.0-linux.gtk.x86_64/sts-4.31.0.RELEASE/plugins/org.eclipse.m2e.maven.runtime_3.9.900.20250220-2013/jars/maven-compat-3.9.9.jar
2025-09-21 00:20:11,155 [Worker-25: Launching Executing clean in _home_subham_Desktop_Project_spring-docker-demoapp_app2] INFO  o.eclipse.m2e.core.internal.Bundles - 	Entry: /home/subham/Downloads/spring-tools-for-eclipse-4.31.0.RELEASE-e4.36.0-linux.gtk.x86_64/sts-4.31.0.RELEASE/plugins/org.eclipse.m2e.maven.runtime_3.9.900.20250220-2013/jars/maven-core-3.9.9.jar
2025-09-21 00:20:11,155 [Worker-25: Launching Executing clean in _home_subham_Desktop_Project_spring-docker-demoapp_app2] INFO  o.eclipse.m2e.core.internal.Bundles - 	Entry: /home/subham/Downloads/spring-tools-for-eclipse-4.31.0.RELEASE-e4.36.0-linux.gtk.x86_64/sts-4.31.0.RELEASE/plugins/org.eclipse.m2e.maven.runtime_3.9.900.20250220-2013/jars/maven-embedder-3.9.9.jar
2025-09-21 00:20:11,155 [Worker-25: Launching Executing clean in _home_subham_Desktop_Project_spring-docker-demoapp_app2] INFO  o.eclipse.m2e.core.internal.Bundles - 	Entry: /home/subham/Downloads/spring-tools-for-eclipse-4.31.0.RELEASE-e4.36.0-linux.gtk.x86_64/sts-4.31.0.RELEASE/plugins/org.eclipse.m2e.maven.runtime_3.9.900.20250220-2013/jars/maven-model-3.9.9.jar
2025-09-21 00:20:11,155 [Worker-25: Launching Executing clean in _home_subham_Desktop_Project_spring-docker-demoapp_app2] INFO  o.eclipse.m2e.core.internal.Bundles - 	Entry: /home/subham/Downloads/spring-tools-for-eclipse-4.31.0.RELEASE-e4.36.0-linux.gtk.x86_64/sts-4.31.0.RELEASE/plugins/org.eclipse.m2e.maven.runtime_3.9.900.20250220-2013/jars/maven-model-builder-3.9.9.jar
2025-09-21 00:20:11,155 [Worker-25: Launching Executing clean in _home_subham_Desktop_Project_spring-docker-demoapp_app2] INFO  o.eclipse.m2e.core.internal.Bundles - 	Entry: /home/subham/Downloads/spring-tools-for-eclipse-4.31.0.RELEASE-e4.36.0-linux.gtk.x86_64/sts-4.31.0.RELEASE/plugins/org.eclipse.m2e.maven.runtime_3.9.900.20250220-2013/jars/maven-plugin-api-3.9.9.jar
2025-09-21 00:20:11,155 [Worker-25: Launching Executing clean in _home_subham_Desktop_Project_spring-docker-demoapp_app2] INFO  o.eclipse.m2e.core.internal.Bundles - 	Entry: /home/subham/Downloads/spring-tools-for-eclipse-4.31.0.RELEASE-e4.36.0-linux.gtk.x86_64/sts-4.31.0.RELEASE/plugins/org.eclipse.m2e.maven.runtime_3.9.900.20250220-2013/jars/maven-repository-metadata-3.9.9.jar
2025-09-21 00:20:11,155 [Worker-25: Launching Executing clean in _home_subham_Desktop_Project_spring-docker-demoapp_app2] INFO  o.eclipse.m2e.core.internal.Bundles - 	Entry: /home/subham/Downloads/spring-tools-for-eclipse-4.31.0.RELEASE-e4.36.0-linux.gtk.x86_64/sts-4.31.0.RELEASE/plugins/org.eclipse.m2e.maven.runtime_3.9.900.20250220-2013/jars/maven-resolver-api-1.9.22.jar
2025-09-21 00:20:11,155 [Worker-25: Launching Executing clean in _home_subham_Desktop_Project_spring-docker-demoapp_app2] INFO  o.eclipse.m2e.core.internal.Bundles - 	Entry: /home/subham/Downloads/spring-tools-for-eclipse-4.31.0.RELEASE-e4.36.0-linux.gtk.x86_64/sts-4.31.0.RELEASE/plugins/org.eclipse.m2e.maven.runtime_3.9.900.20250220-2013/jars/maven-resolver-connector-basic-1.9.22.jar
2025-09-21 00:20:11,155 [Worker-25: Launching Executing clean in _home_subham_Desktop_Project_spring-docker-demoapp_app2] INFO  o.eclipse.m2e.core.internal.Bundles - 	Entry: /home/subham/Downloads/spring-tools-for-eclipse-4.31.0.RELEASE-e4.36.0-linux.gtk.x86_64/sts-4.31.0.RELEASE/plugins/org.eclipse.m2e.maven.runtime_3.9.900.20250220-2013/jars/maven-resolver-impl-1.9.22.jar
2025-09-21 00:20:11,155 [Worker-25: Launching Executing clean in _home_subham_Desktop_Project_spring-docker-demoapp_app2] INFO  o.eclipse.m2e.core.internal.Bundles - 	Entry: /home/subham/Downloads/spring-tools-for-eclipse-4.31.0.RELEASE-e4.36.0-linux.gtk.x86_64/sts-4.31.0.RELEASE/plugins/org.eclipse.m2e.maven.runtime_3.9.900.20250220-2013/jars/maven-resolver-named-locks-1.9.22.jar
2025-09-21 00:20:11,155 [Worker-25: Launching Executing clean in _home_subham_Desktop_Project_spring-docker-demoapp_app2] INFO  o.eclipse.m2e.core.internal.Bundles - 	Entry: /home/subham/Downloads/spring-tools-for-eclipse-4.31.0.RELEASE-e4.36.0-linux.gtk.x86_64/sts-4.31.0.RELEASE/plugins/org.eclipse.m2e.maven.runtime_3.9.900.20250220-2013/jars/maven-resolver-provider-3.9.9.jar
2025-09-21 00:20:11,155 [Worker-25: Launching Executing clean in _home_subham_Desktop_Project_spring-docker-demoapp_app2] INFO  o.eclipse.m2e.core.internal.Bundles - 	Entry: /home/subham/Downloads/spring-tools-for-eclipse-4.31.0.RELEASE-e4.36.0-linux.gtk.x86_64/sts-4.31.0.RELEASE/plugins/org.eclipse.m2e.maven.runtime_3.9.900.20250220-2013/jars/maven-resolver-spi-1.9.22.jar
2025-09-21 00:20:11,155 [Worker-25: Launching Executing clean in _home_subham_Desktop_Project_spring-docker-demoapp_app2] INFO  o.eclipse.m2e.core.internal.Bundles - 	Entry: /home/subham/Downloads/spring-tools-for-eclipse-4.31.0.RELEASE-e4.36.0-linux.gtk.x86_64/sts-4.31.0.RELEASE/plugins/org.eclipse.m2e.maven.runtime_3.9.900.20250220-2013/jars/maven-resolver-transport-file-1.9.22.jar
2025-09-21 00:20:11,155 [Worker-25: Launching Executing clean in _home_subham_Desktop_Project_spring-docker-demoapp_app2] INFO  o.eclipse.m2e.core.internal.Bundles - 	Entry: /home/subham/Downloads/spring-tools-for-eclipse-4.31.0.RELEASE-e4.36.0-linux.gtk.x86_64/sts-4.31.0.RELEASE/plugins/org.eclipse.m2e.maven.runtime_3.9.900.20250220-2013/jars/maven-resolver-transport-http-1.9.22.jar
2025-09-21 00:20:11,155 [Worker-25: Launching Executing clean in _home_subham_Desktop_Project_spring-docker-demoapp_app2] INFO  o.eclipse.m2e.core.internal.Bundles - 	Entry: /home/subham/Downloads/spring-tools-for-eclipse-4.31.0.RELEASE-e4.36.0-linux.gtk.x86_64/sts-4.31.0.RELEASE/plugins/org.eclipse.m2e.maven.runtime_3.9.900.20250220-2013/jars/maven-resolver-transport-wagon-1.9.22.jar
2025-09-21 00:20:11,155 [Worker-25: Launching Executing clean in _home_subham_Desktop_Project_spring-docker-demoapp_app2] INFO  o.eclipse.m2e.core.internal.Bundles - 	Entry: /home/subham/Downloads/spring-tools-for-eclipse-4.31.0.RELEASE-e4.36.0-linux.gtk.x86_64/sts-4.31.0.RELEASE/plugins/org.eclipse.m2e.maven.runtime_3.9.900.20250220-2013/jars/maven-resolver-util-1.9.22.jar
2025-09-21 00:20:11,155 [Worker-25: Launching Executing clean in _home_subham_Desktop_Project_spring-docker-demoapp_app2] INFO  o.eclipse.m2e.core.internal.Bundles - 	Entry: /home/subham/Downloads/spring-tools-for-eclipse-4.31.0.RELEASE-e4.36.0-linux.gtk.x86_64/sts-4.31.0.RELEASE/plugins/org.eclipse.m2e.maven.runtime_3.9.900.20250220-2013/jars/maven-settings-3.9.9.jar
2025-09-21 00:20:11,155 [Worker-25: Launching Executing clean in _home_subham_Desktop_Project_spring-docker-demoapp_app2] INFO  o.eclipse.m2e.core.internal.Bundles - 	Entry: /home/subham/Downloads/spring-tools-for-eclipse-4.31.0.RELEASE-e4.36.0-linux.gtk.x86_64/sts-4.31.0.RELEASE/plugins/org.eclipse.m2e.maven.runtime_3.9.900.20250220-2013/jars/maven-settings-builder-3.9.9.jar
2025-09-21 00:20:11,155 [Worker-25: Launching Executing clean in _home_subham_Desktop_Project_spring-docker-demoapp_app2] INFO  o.eclipse.m2e.core.internal.Bundles - 	Entry: /home/subham/Downloads/spring-tools-for-eclipse-4.31.0.RELEASE-e4.36.0-linux.gtk.x86_64/sts-4.31.0.RELEASE/plugins/org.eclipse.m2e.maven.runtime_3.9.900.20250220-2013/jars/maven-shared-utils-3.4.2.jar
2025-09-21 00:20:11,155 [Worker-25: Launching Executing clean in _home_subham_Desktop_Project_spring-docker-demoapp_app2] INFO  o.eclipse.m2e.core.internal.Bundles - 	Entry: /home/subham/Downloads/spring-tools-for-eclipse-4.31.0.RELEASE-e4.36.0-linux.gtk.x86_64/sts-4.31.0.RELEASE/plugins/org.eclipse.m2e.maven.runtime_3.9.900.20250220-2013/jars/org.eclipse.sisu.inject-0.9.0.M3.jar
2025-09-21 00:20:11,155 [Worker-25: Launching Executing clean in _home_subham_Desktop_Project_spring-docker-demoapp_app2] INFO  o.eclipse.m2e.core.internal.Bundles - 	Entry: /home/subham/Downloads/spring-tools-for-eclipse-4.31.0.RELEASE-e4.36.0-linux.gtk.x86_64/sts-4.31.0.RELEASE/plugins/org.eclipse.m2e.maven.runtime_3.9.900.20250220-2013/jars/org.eclipse.sisu.plexus-0.9.0.M3.jar
2025-09-21 00:20:11,155 [Worker-25: Launching Executing clean in _home_subham_Desktop_Project_spring-docker-demoapp_app2] INFO  o.eclipse.m2e.core.internal.Bundles - 	Entry: /home/subham/Downloads/spring-tools-for-eclipse-4.31.0.RELEASE-e4.36.0-linux.gtk.x86_64/sts-4.31.0.RELEASE/plugins/org.eclipse.m2e.maven.runtime_3.9.900.20250220-2013/jars/plexus-build-api-0.0.7.jar
2025-09-21 00:20:11,155 [Worker-25: Launching Executing clean in _home_subham_Desktop_Project_spring-docker-demoapp_app2] INFO  o.eclipse.m2e.core.internal.Bundles - 	Entry: /home/subham/Downloads/spring-tools-for-eclipse-4.31.0.RELEASE-e4.36.0-linux.gtk.x86_64/sts-4.31.0.RELEASE/plugins/org.eclipse.m2e.maven.runtime_3.9.900.20250220-2013/jars/plexus-build-api-1.2.0.jar
2025-09-21 00:20:11,155 [Worker-25: Launching Executing clean in _home_subham_Desktop_Project_spring-docker-demoapp_app2] INFO  o.eclipse.m2e.core.internal.Bundles - 	Entry: /home/subham/Downloads/spring-tools-for-eclipse-4.31.0.RELEASE-e4.36.0-linux.gtk.x86_64/sts-4.31.0.RELEASE/plugins/org.eclipse.m2e.maven.runtime_3.9.900.20250220-2013/jars/plexus-cipher-2.0.jar
2025-09-21 00:20:11,155 [Worker-25: Launching Executing clean in _home_subham_Desktop_Project_spring-docker-demoapp_app2] INFO  o.eclipse.m2e.core.internal.Bundles - 	Entry: /home/subham/Downloads/spring-tools-for-eclipse-4.31.0.RELEASE-e4.36.0-linux.gtk.x86_64/sts-4.31.0.RELEASE/plugins/org.eclipse.m2e.maven.runtime_3.9.900.20250220-2013/jars/plexus-classworlds-2.8.0.jar
2025-09-21 00:20:11,155 [Worker-25: Launching Executing clean in _home_subham_Desktop_Project_spring-docker-demoapp_app2] INFO  o.eclipse.m2e.core.internal.Bundles - 	Entry: /home/subham/Downloads/spring-tools-for-eclipse-4.31.0.RELEASE-e4.36.0-linux.gtk.x86_64/sts-4.31.0.RELEASE/plugins/org.eclipse.m2e.maven.runtime_3.9.900.20250220-2013/jars/plexus-component-annotations-2.1.0.jar
2025-09-21 00:20:11,155 [Worker-25: Launching Executing clean in _home_subham_Desktop_Project_spring-docker-demoapp_app2] INFO  o.eclipse.m2e.core.internal.Bundles - 	Entry: /home/subham/Downloads/spring-tools-for-eclipse-4.31.0.RELEASE-e4.36.0-linux.gtk.x86_64/sts-4.31.0.RELEASE/plugins/org.eclipse.m2e.maven.runtime_3.9.900.20250220-2013/jars/plexus-interpolation-1.27.jar
2025-09-21 00:20:11,155 [Worker-25: Launching Executing clean in _home_subham_Desktop_Project_spring-docker-demoapp_app2] INFO  o.eclipse.m2e.core.internal.Bundles - 	Entry: /home/subham/Downloads/spring-tools-for-eclipse-4.31.0.RELEASE-e4.36.0-linux.gtk.x86_64/sts-4.31.0.RELEASE/plugins/org.eclipse.m2e.maven.runtime_3.9.900.20250220-2013/jars/plexus-sec-dispatcher-2.0.jar
2025-09-21 00:20:11,155 [Worker-25: Launching Executing clean in _home_subham_Desktop_Project_spring-docker-demoapp_app2] INFO  o.eclipse.m2e.core.internal.Bundles - 	Entry: /home/subham/Downloads/spring-tools-for-eclipse-4.31.0.RELEASE-e4.36.0-linux.gtk.x86_64/sts-4.31.0.RELEASE/plugins/org.eclipse.m2e.maven.runtime_3.9.900.20250220-2013/jars/plexus-utils-3.5.1.jar
2025-09-21 00:20:11,155 [Worker-25: Launching Executing clean in _home_subham_Desktop_Project_spring-docker-demoapp_app2] INFO  o.eclipse.m2e.core.internal.Bundles - 	Entry: /home/subham/Downloads/spring-tools-for-eclipse-4.31.0.RELEASE-e4.36.0-linux.gtk.x86_64/sts-4.31.0.RELEASE/plugins/org.eclipse.m2e.maven.runtime_3.9.900.20250220-2013/jars/plexus-xml-3.0.1.jar
2025-09-21 00:20:11,155 [Worker-25: Launching Executing clean in _home_subham_Desktop_Project_spring-docker-demoapp_app2] INFO  o.eclipse.m2e.core.internal.Bundles - 	Entry: /home/subham/Downloads/spring-tools-for-eclipse-4.31.0.RELEASE-e4.36.0-linux.gtk.x86_64/sts-4.31.0.RELEASE/plugins/org.eclipse.m2e.maven.runtime_3.9.900.20250220-2013/jars/wagon-file-3.5.3.jar
2025-09-21 00:20:11,155 [Worker-25: Launching Executing clean in _home_subham_Desktop_Project_spring-docker-demoapp_app2] INFO  o.eclipse.m2e.core.internal.Bundles - 	Entry: /home/subham/Downloads/spring-tools-for-eclipse-4.31.0.RELEASE-e4.36.0-linux.gtk.x86_64/sts-4.31.0.RELEASE/plugins/org.eclipse.m2e.maven.runtime_3.9.900.20250220-2013/jars/wagon-http-3.5.3.jar
2025-09-21 00:20:11,155 [Worker-25: Launching Executing clean in _home_subham_Desktop_Project_spring-docker-demoapp_app2] INFO  o.eclipse.m2e.core.internal.Bundles - 	Entry: /home/subham/Downloads/spring-tools-for-eclipse-4.31.0.RELEASE-e4.36.0-linux.gtk.x86_64/sts-4.31.0.RELEASE/plugins/org.eclipse.m2e.maven.runtime_3.9.900.20250220-2013/jars/wagon-http-shared-3.5.3.jar
2025-09-21 00:20:11,155 [Worker-25: Launching Executing clean in _home_subham_Desktop_Project_spring-docker-demoapp_app2] INFO  o.eclipse.m2e.core.internal.Bundles - 	Entry: /home/subham/Downloads/spring-tools-for-eclipse-4.31.0.RELEASE-e4.36.0-linux.gtk.x86_64/sts-4.31.0.RELEASE/plugins/org.eclipse.m2e.maven.runtime_3.9.900.20250220-2013/jars/wagon-provider-api-3.5.3.jar
2025-09-21 00:20:11,156 [Worker-25: Launching Executing clean in _home_subham_Desktop_Project_spring-docker-demoapp_app2] INFO  o.eclipse.m2e.core.internal.Bundles - getClasspathEntries(Bundle=com.google.guava_33.4.8.jre [31])
2025-09-21 00:20:11,156 [Worker-25: Launching Executing clean in _home_subham_Desktop_Project_spring-docker-demoapp_app2] INFO  o.eclipse.m2e.core.internal.Bundles - 	Entry: /home/subham/Downloads/spring-tools-for-eclipse-4.31.0.RELEASE-e4.36.0-linux.gtk.x86_64/sts-4.31.0.RELEASE/plugins/com.google.guava_33.4.8.jre.jar
2025-09-21 00:20:11,156 [Worker-25: Launching Executing clean in _home_subham_Desktop_Project_spring-docker-demoapp_app2] INFO  o.eclipse.m2e.core.internal.Bundles - getClasspathEntries(Bundle=slf4j.api_2.0.17 [609])
2025-09-21 00:20:11,156 [Worker-25: Launching Executing clean in _home_subham_Desktop_Project_spring-docker-demoapp_app2] INFO  o.eclipse.m2e.core.internal.Bundles - 	Entry: /home/subham/Downloads/spring-tools-for-eclipse-4.31.0.RELEASE-e4.36.0-linux.gtk.x86_64/sts-4.31.0.RELEASE/plugins/slf4j.api_2.0.17.jar
2025-09-21 00:20:11,156 [Worker-25: Launching Executing clean in _home_subham_Desktop_Project_spring-docker-demoapp_app2] INFO  o.eclipse.m2e.core.internal.Bundles - getClasspathEntries(Bundle=jakarta.inject.jakarta.inject-api_1.0.5 [46])
2025-09-21 00:20:11,156 [Worker-25: Launching Executing clean in _home_subham_Desktop_Project_spring-docker-demoapp_app2] INFO  o.eclipse.m2e.core.internal.Bundles - 	Entry: /home/subham/Downloads/spring-tools-for-eclipse-4.31.0.RELEASE-e4.36.0-linux.gtk.x86_64/sts-4.31.0.RELEASE/plugins/jakarta.inject.jakarta.inject-api_1.0.5.jar
2025-09-21 00:20:11,156 [Worker-25: Launching Executing clean in _home_subham_Desktop_Project_spring-docker-demoapp_app2] INFO  o.eclipse.m2e.core.internal.Bundles - getClasspathEntries(Bundle=javax.annotation_1.3.5.v20200909-1856 [55])
2025-09-21 00:20:11,156 [Worker-25: Launching Executing clean in _home_subham_Desktop_Project_spring-docker-demoapp_app2] INFO  o.eclipse.m2e.core.internal.Bundles - 	Entry: /home/subham/Downloads/spring-tools-for-eclipse-4.31.0.RELEASE-e4.36.0-linux.gtk.x86_64/sts-4.31.0.RELEASE/plugins/javax.annotation_1.3.5.v20200909-1856.jar
2025-09-21 00:20:11,156 [Worker-25: Launching Executing clean in _home_subham_Desktop_Project_spring-docker-demoapp_app2] INFO  o.eclipse.m2e.core.internal.Bundles - getClasspathEntries(Bundle=org.apache.commons.cli_1.9.0 [79])
2025-09-21 00:20:11,156 [Worker-25: Launching Executing clean in _home_subham_Desktop_Project_spring-docker-demoapp_app2] INFO  o.eclipse.m2e.core.internal.Bundles - 	Entry: /home/subham/Downloads/spring-tools-for-eclipse-4.31.0.RELEASE-e4.36.0-linux.gtk.x86_64/sts-4.31.0.RELEASE/plugins/org.apache.commons.cli_1.9.0.jar
2025-09-21 00:20:11,156 [Worker-25: Launching Executing clean in _home_subham_Desktop_Project_spring-docker-demoapp_app2] INFO  o.eclipse.m2e.core.internal.Bundles - getClasspathEntries(Bundle=org.apache.commons.commons-codec_1.16.0 [81])
2025-09-21 00:20:11,156 [Worker-25: Launching Executing clean in _home_subham_Desktop_Project_spring-docker-demoapp_app2] INFO  o.eclipse.m2e.core.internal.Bundles - 	Entry: /home/subham/Downloads/spring-tools-for-eclipse-4.31.0.RELEASE-e4.36.0-linux.gtk.x86_64/sts-4.31.0.RELEASE/plugins/org.apache.commons.commons-codec_1.16.0.jar
2025-09-21 00:20:11,156 [Worker-25: Launching Executing clean in _home_subham_Desktop_Project_spring-docker-demoapp_app2] INFO  o.eclipse.m2e.core.internal.Bundles - getClasspathEntries(Bundle=com.google.guava.failureaccess_1.0.3 [32])
2025-09-21 00:20:11,156 [Worker-25: Launching Executing clean in _home_subham_Desktop_Project_spring-docker-demoapp_app2] INFO  o.eclipse.m2e.core.internal.Bundles - 	Entry: /home/subham/Downloads/spring-tools-for-eclipse-4.31.0.RELEASE-e4.36.0-linux.gtk.x86_64/sts-4.31.0.RELEASE/plugins/com.google.guava.failureaccess_1.0.3.jar
2025-09-21 00:20:11,156 [Worker-25: Launching Executing clean in _home_subham_Desktop_Project_spring-docker-demoapp_app2] INFO  o.e.m.i.launch.MavenLaunchDelegate - Run build in "/home/subham/Desktop/Project/spring-docker-demoapp/app2":
2025-09-21 00:20:11,156 [Worker-25: Launching Executing clean in _home_subham_Desktop_Project_spring-docker-demoapp_app2] INFO  o.e.m.i.launch.MavenLaunchDelegate -  mvn  -Ppom.xml -B -Dstyle.color=always clean
2025-09-21 00:20:18,461 [Worker-14: Launching Executing install in _home_subham_Desktop_Project_spring-docker-demoapp_app2] INFO  o.eclipse.m2e.core.internal.Bundles - getClasspathEntries(Bundle=org.eclipse.m2e.maven.runtime_3.9.900.20250220-2013 [361])
2025-09-21 00:20:18,461 [Worker-14: Launching Executing install in _home_subham_Desktop_Project_spring-docker-demoapp_app2] INFO  o.eclipse.m2e.core.internal.Bundles - 	Entry: /home/subham/Downloads/spring-tools-for-eclipse-4.31.0.RELEASE-e4.36.0-linux.gtk.x86_64/sts-4.31.0.RELEASE/plugins/org.eclipse.m2e.maven.runtime_3.9.900.20250220-2013
2025-09-21 00:20:18,461 [Worker-14: Launching Executing install in _home_subham_Desktop_Project_spring-docker-demoapp_app2] INFO  o.eclipse.m2e.core.internal.Bundles - 	Entry: /home/subham/Downloads/spring-tools-for-eclipse-4.31.0.RELEASE-e4.36.0-linux.gtk.x86_64/sts-4.31.0.RELEASE/plugins/org.eclipse.m2e.maven.runtime_3.9.900.20250220-2013/jars/aopalliance-1.0.jar
2025-09-21 00:20:18,461 [Worker-14: Launching Executing install in _home_subham_Desktop_Project_spring-docker-demoapp_app2] INFO  o.eclipse.m2e.core.internal.Bundles - 	Entry: /home/subham/Downloads/spring-tools-for-eclipse-4.31.0.RELEASE-e4.36.0-linux.gtk.x86_64/sts-4.31.0.RELEASE/plugins/org.eclipse.m2e.maven.runtime_3.9.900.20250220-2013/jars/guice-5.1.0.jar
2025-09-21 00:20:18,461 [Worker-14: Launching Executing install in _home_subham_Desktop_Project_spring-docker-demoapp_app2] INFO  o.eclipse.m2e.core.internal.Bundles - 	Entry: /home/subham/Downloads/spring-tools-for-eclipse-4.31.0.RELEASE-e4.36.0-linux.gtk.x86_64/sts-4.31.0.RELEASE/plugins/org.eclipse.m2e.maven.runtime_3.9.900.20250220-2013/jars/httpclient-4.5.14.jar
2025-09-21 00:20:18,461 [Worker-14: Launching Executing install in _home_subham_Desktop_Project_spring-docker-demoapp_app2] INFO  o.eclipse.m2e.core.internal.Bundles - 	Entry: /home/subham/Downloads/spring-tools-for-eclipse-4.31.0.RELEASE-e4.36.0-linux.gtk.x86_64/sts-4.31.0.RELEASE/plugins/org.eclipse.m2e.maven.runtime_3.9.900.20250220-2013/jars/httpcore-4.4.16.jar
2025-09-21 00:20:18,461 [Worker-14: Launching Executing install in _home_subham_Desktop_Project_spring-docker-demoapp_app2] INFO  o.eclipse.m2e.core.internal.Bundles - 	Entry: /home/subham/Downloads/spring-tools-for-eclipse-4.31.0.RELEASE-e4.36.0-linux.gtk.x86_64/sts-4.31.0.RELEASE/plugins/org.eclipse.m2e.maven.runtime_3.9.900.20250220-2013/jars/jansi-2.4.1.jar
2025-09-21 00:20:18,461 [Worker-14: Launching Executing install in _home_subham_Desktop_Project_spring-docker-demoapp_app2] INFO  o.eclipse.m2e.core.internal.Bundles - 	Entry: /home/subham/Downloads/spring-tools-for-eclipse-4.31.0.RELEASE-e4.36.0-linux.gtk.x86_64/sts-4.31.0.RELEASE/plugins/org.eclipse.m2e.maven.runtime_3.9.900.20250220-2013/jars/jcl-over-slf4j-1.7.36.jar
2025-09-21 00:20:18,461 [Worker-14: Launching Executing install in _home_subham_Desktop_Project_spring-docker-demoapp_app2] INFO  o.eclipse.m2e.core.internal.Bundles - 	Entry: /home/subham/Downloads/spring-tools-for-eclipse-4.31.0.RELEASE-e4.36.0-linux.gtk.x86_64/sts-4.31.0.RELEASE/plugins/org.eclipse.m2e.maven.runtime_3.9.900.20250220-2013/jars/maven-artifact-3.9.9.jar
2025-09-21 00:20:18,461 [Worker-14: Launching Executing install in _home_subham_Desktop_Project_spring-docker-demoapp_app2] INFO  o.eclipse.m2e.core.internal.Bundles - 	Entry: /home/subham/Downloads/spring-tools-for-eclipse-4.31.0.RELEASE-e4.36.0-linux.gtk.x86_64/sts-4.31.0.RELEASE/plugins/org.eclipse.m2e.maven.runtime_3.9.900.20250220-2013/jars/maven-builder-support-3.9.9.jar
2025-09-21 00:20:18,461 [Worker-14: Launching Executing install in _home_subham_Desktop_Project_spring-docker-demoapp_app2] INFO  o.eclipse.m2e.core.internal.Bundles - 	Entry: /home/subham/Downloads/spring-tools-for-eclipse-4.31.0.RELEASE-e4.36.0-linux.gtk.x86_64/sts-4.31.0.RELEASE/plugins/org.eclipse.m2e.maven.runtime_3.9.900.20250220-2013/jars/maven-compat-3.9.9.jar
2025-09-21 00:20:18,461 [Worker-14: Launching Executing install in _home_subham_Desktop_Project_spring-docker-demoapp_app2] INFO  o.eclipse.m2e.core.internal.Bundles - 	Entry: /home/subham/Downloads/spring-tools-for-eclipse-4.31.0.RELEASE-e4.36.0-linux.gtk.x86_64/sts-4.31.0.RELEASE/plugins/org.eclipse.m2e.maven.runtime_3.9.900.20250220-2013/jars/maven-core-3.9.9.jar
2025-09-21 00:20:18,461 [Worker-14: Launching Executing install in _home_subham_Desktop_Project_spring-docker-demoapp_app2] INFO  o.eclipse.m2e.core.internal.Bundles - 	Entry: /home/subham/Downloads/spring-tools-for-eclipse-4.31.0.RELEASE-e4.36.0-linux.gtk.x86_64/sts-4.31.0.RELEASE/plugins/org.eclipse.m2e.maven.runtime_3.9.900.20250220-2013/jars/maven-embedder-3.9.9.jar
2025-09-21 00:20:18,461 [Worker-14: Launching Executing install in _home_subham_Desktop_Project_spring-docker-demoapp_app2] INFO  o.eclipse.m2e.core.internal.Bundles - 	Entry: /home/subham/Downloads/spring-tools-for-eclipse-4.31.0.RELEASE-e4.36.0-linux.gtk.x86_64/sts-4.31.0.RELEASE/plugins/org.eclipse.m2e.maven.runtime_3.9.900.20250220-2013/jars/maven-model-3.9.9.jar
2025-09-21 00:20:18,461 [Worker-14: Launching Executing install in _home_subham_Desktop_Project_spring-docker-demoapp_app2] INFO  o.eclipse.m2e.core.internal.Bundles - 	Entry: /home/subham/Downloads/spring-tools-for-eclipse-4.31.0.RELEASE-e4.36.0-linux.gtk.x86_64/sts-4.31.0.RELEASE/plugins/org.eclipse.m2e.maven.runtime_3.9.900.20250220-2013/jars/maven-model-builder-3.9.9.jar
2025-09-21 00:20:18,461 [Worker-14: Launching Executing install in _home_subham_Desktop_Project_spring-docker-demoapp_app2] INFO  o.eclipse.m2e.core.internal.Bundles - 	Entry: /home/subham/Downloads/spring-tools-for-eclipse-4.31.0.RELEASE-e4.36.0-linux.gtk.x86_64/sts-4.31.0.RELEASE/plugins/org.eclipse.m2e.maven.runtime_3.9.900.20250220-2013/jars/maven-plugin-api-3.9.9.jar
2025-09-21 00:20:18,461 [Worker-14: Launching Executing install in _home_subham_Desktop_Project_spring-docker-demoapp_app2] INFO  o.eclipse.m2e.core.internal.Bundles - 	Entry: /home/subham/Downloads/spring-tools-for-eclipse-4.31.0.RELEASE-e4.36.0-linux.gtk.x86_64/sts-4.31.0.RELEASE/plugins/org.eclipse.m2e.maven.runtime_3.9.900.20250220-2013/jars/maven-repository-metadata-3.9.9.jar
2025-09-21 00:20:18,461 [Worker-14: Launching Executing install in _home_subham_Desktop_Project_spring-docker-demoapp_app2] INFO  o.eclipse.m2e.core.internal.Bundles - 	Entry: /home/subham/Downloads/spring-tools-for-eclipse-4.31.0.RELEASE-e4.36.0-linux.gtk.x86_64/sts-4.31.0.RELEASE/plugins/org.eclipse.m2e.maven.runtime_3.9.900.20250220-2013/jars/maven-resolver-api-1.9.22.jar
2025-09-21 00:20:18,461 [Worker-14: Launching Executing install in _home_subham_Desktop_Project_spring-docker-demoapp_app2] INFO  o.eclipse.m2e.core.internal.Bundles - 	Entry: /home/subham/Downloads/spring-tools-for-eclipse-4.31.0.RELEASE-e4.36.0-linux.gtk.x86_64/sts-4.31.0.RELEASE/plugins/org.eclipse.m2e.maven.runtime_3.9.900.20250220-2013/jars/maven-resolver-connector-basic-1.9.22.jar
2025-09-21 00:20:18,461 [Worker-14: Launching Executing install in _home_subham_Desktop_Project_spring-docker-demoapp_app2] INFO  o.eclipse.m2e.core.internal.Bundles - 	Entry: /home/subham/Downloads/spring-tools-for-eclipse-4.31.0.RELEASE-e4.36.0-linux.gtk.x86_64/sts-4.31.0.RELEASE/plugins/org.eclipse.m2e.maven.runtime_3.9.900.20250220-2013/jars/maven-resolver-impl-1.9.22.jar
2025-09-21 00:20:18,461 [Worker-14: Launching Executing install in _home_subham_Desktop_Project_spring-docker-demoapp_app2] INFO  o.eclipse.m2e.core.internal.Bundles - 	Entry: /home/subham/Downloads/spring-tools-for-eclipse-4.31.0.RELEASE-e4.36.0-linux.gtk.x86_64/sts-4.31.0.RELEASE/plugins/org.eclipse.m2e.maven.runtime_3.9.900.20250220-2013/jars/maven-resolver-named-locks-1.9.22.jar
2025-09-21 00:20:18,461 [Worker-14: Launching Executing install in _home_subham_Desktop_Project_spring-docker-demoapp_app2] INFO  o.eclipse.m2e.core.internal.Bundles - 	Entry: /home/subham/Downloads/spring-tools-for-eclipse-4.31.0.RELEASE-e4.36.0-linux.gtk.x86_64/sts-4.31.0.RELEASE/plugins/org.eclipse.m2e.maven.runtime_3.9.900.20250220-2013/jars/maven-resolver-provider-3.9.9.jar
2025-09-21 00:20:18,461 [Worker-14: Launching Executing install in _home_subham_Desktop_Project_spring-docker-demoapp_app2] INFO  o.eclipse.m2e.core.internal.Bundles - 	Entry: /home/subham/Downloads/spring-tools-for-eclipse-4.31.0.RELEASE-e4.36.0-linux.gtk.x86_64/sts-4.31.0.RELEASE/plugins/org.eclipse.m2e.maven.runtime_3.9.900.20250220-2013/jars/maven-resolver-spi-1.9.22.jar
2025-09-21 00:20:18,461 [Worker-14: Launching Executing install in _home_subham_Desktop_Project_spring-docker-demoapp_app2] INFO  o.eclipse.m2e.core.internal.Bundles - 	Entry: /home/subham/Downloads/spring-tools-for-eclipse-4.31.0.RELEASE-e4.36.0-linux.gtk.x86_64/sts-4.31.0.RELEASE/plugins/org.eclipse.m2e.maven.runtime_3.9.900.20250220-2013/jars/maven-resolver-transport-file-1.9.22.jar
2025-09-21 00:20:18,461 [Worker-14: Launching Executing install in _home_subham_Desktop_Project_spring-docker-demoapp_app2] INFO  o.eclipse.m2e.core.internal.Bundles - 	Entry: /home/subham/Downloads/spring-tools-for-eclipse-4.31.0.RELEASE-e4.36.0-linux.gtk.x86_64/sts-4.31.0.RELEASE/plugins/org.eclipse.m2e.maven.runtime_3.9.900.20250220-2013/jars/maven-resolver-transport-http-1.9.22.jar
2025-09-21 00:20:18,462 [Worker-14: Launching Executing install in _home_subham_Desktop_Project_spring-docker-demoapp_app2] INFO  o.eclipse.m2e.core.internal.Bundles - 	Entry: /home/subham/Downloads/spring-tools-for-eclipse-4.31.0.RELEASE-e4.36.0-linux.gtk.x86_64/sts-4.31.0.RELEASE/plugins/org.eclipse.m2e.maven.runtime_3.9.900.20250220-2013/jars/maven-resolver-transport-wagon-1.9.22.jar
2025-09-21 00:20:18,462 [Worker-14: Launching Executing install in _home_subham_Desktop_Project_spring-docker-demoapp_app2] INFO  o.eclipse.m2e.core.internal.Bundles - 	Entry: /home/subham/Downloads/spring-tools-for-eclipse-4.31.0.RELEASE-e4.36.0-linux.gtk.x86_64/sts-4.31.0.RELEASE/plugins/org.eclipse.m2e.maven.runtime_3.9.900.20250220-2013/jars/maven-resolver-util-1.9.22.jar
2025-09-21 00:20:18,462 [Worker-14: Launching Executing install in _home_subham_Desktop_Project_spring-docker-demoapp_app2] INFO  o.eclipse.m2e.core.internal.Bundles - 	Entry: /home/subham/Downloads/spring-tools-for-eclipse-4.31.0.RELEASE-e4.36.0-linux.gtk.x86_64/sts-4.31.0.RELEASE/plugins/org.eclipse.m2e.maven.runtime_3.9.900.20250220-2013/jars/maven-settings-3.9.9.jar
2025-09-21 00:20:18,462 [Worker-14: Launching Executing install in _home_subham_Desktop_Project_spring-docker-demoapp_app2] INFO  o.eclipse.m2e.core.internal.Bundles - 	Entry: /home/subham/Downloads/spring-tools-for-eclipse-4.31.0.RELEASE-e4.36.0-linux.gtk.x86_64/sts-4.31.0.RELEASE/plugins/org.eclipse.m2e.maven.runtime_3.9.900.20250220-2013/jars/maven-settings-builder-3.9.9.jar
2025-09-21 00:20:18,462 [Worker-14: Launching Executing install in _home_subham_Desktop_Project_spring-docker-demoapp_app2] INFO  o.eclipse.m2e.core.internal.Bundles - 	Entry: /home/subham/Downloads/spring-tools-for-eclipse-4.31.0.RELEASE-e4.36.0-linux.gtk.x86_64/sts-4.31.0.RELEASE/plugins/org.eclipse.m2e.maven.runtime_3.9.900.20250220-2013/jars/maven-shared-utils-3.4.2.jar
2025-09-21 00:20:18,462 [Worker-14: Launching Executing install in _home_subham_Desktop_Project_spring-docker-demoapp_app2] INFO  o.eclipse.m2e.core.internal.Bundles - 	Entry: /home/subham/Downloads/spring-tools-for-eclipse-4.31.0.RELEASE-e4.36.0-linux.gtk.x86_64/sts-4.31.0.RELEASE/plugins/org.eclipse.m2e.maven.runtime_3.9.900.20250220-2013/jars/org.eclipse.sisu.inject-0.9.0.M3.jar
2025-09-21 00:20:18,462 [Worker-14: Launching Executing install in _home_subham_Desktop_Project_spring-docker-demoapp_app2] INFO  o.eclipse.m2e.core.internal.Bundles - 	Entry: /home/subham/Downloads/spring-tools-for-eclipse-4.31.0.RELEASE-e4.36.0-linux.gtk.x86_64/sts-4.31.0.RELEASE/plugins/org.eclipse.m2e.maven.runtime_3.9.900.20250220-2013/jars/org.eclipse.sisu.plexus-0.9.0.M3.jar
2025-09-21 00:20:18,462 [Worker-14: Launching Executing install in _home_subham_Desktop_Project_spring-docker-demoapp_app2] INFO  o.eclipse.m2e.core.internal.Bundles - 	Entry: /home/subham/Downloads/spring-tools-for-eclipse-4.31.0.RELEASE-e4.36.0-linux.gtk.x86_64/sts-4.31.0.RELEASE/plugins/org.eclipse.m2e.maven.runtime_3.9.900.20250220-2013/jars/plexus-build-api-0.0.7.jar
2025-09-21 00:20:18,462 [Worker-14: Launching Executing install in _home_subham_Desktop_Project_spring-docker-demoapp_app2] INFO  o.eclipse.m2e.core.internal.Bundles - 	Entry: /home/subham/Downloads/spring-tools-for-eclipse-4.31.0.RELEASE-e4.36.0-linux.gtk.x86_64/sts-4.31.0.RELEASE/plugins/org.eclipse.m2e.maven.runtime_3.9.900.20250220-2013/jars/plexus-build-api-1.2.0.jar
2025-09-21 00:20:18,462 [Worker-14: Launching Executing install in _home_subham_Desktop_Project_spring-docker-demoapp_app2] INFO  o.eclipse.m2e.core.internal.Bundles - 	Entry: /home/subham/Downloads/spring-tools-for-eclipse-4.31.0.RELEASE-e4.36.0-linux.gtk.x86_64/sts-4.31.0.RELEASE/plugins/org.eclipse.m2e.maven.runtime_3.9.900.20250220-2013/jars/plexus-cipher-2.0.jar
2025-09-21 00:20:18,462 [Worker-14: Launching Executing install in _home_subham_Desktop_Project_spring-docker-demoapp_app2] INFO  o.eclipse.m2e.core.internal.Bundles - 	Entry: /home/subham/Downloads/spring-tools-for-eclipse-4.31.0.RELEASE-e4.36.0-linux.gtk.x86_64/sts-4.31.0.RELEASE/plugins/org.eclipse.m2e.maven.runtime_3.9.900.20250220-2013/jars/plexus-classworlds-2.8.0.jar
2025-09-21 00:20:18,462 [Worker-14: Launching Executing install in _home_subham_Desktop_Project_spring-docker-demoapp_app2] INFO  o.eclipse.m2e.core.internal.Bundles - 	Entry: /home/subham/Downloads/spring-tools-for-eclipse-4.31.0.RELEASE-e4.36.0-linux.gtk.x86_64/sts-4.31.0.RELEASE/plugins/org.eclipse.m2e.maven.runtime_3.9.900.20250220-2013/jars/plexus-component-annotations-2.1.0.jar
2025-09-21 00:20:18,462 [Worker-14: Launching Executing install in _home_subham_Desktop_Project_spring-docker-demoapp_app2] INFO  o.eclipse.m2e.core.internal.Bundles - 	Entry: /home/subham/Downloads/spring-tools-for-eclipse-4.31.0.RELEASE-e4.36.0-linux.gtk.x86_64/sts-4.31.0.RELEASE/plugins/org.eclipse.m2e.maven.runtime_3.9.900.20250220-2013/jars/plexus-interpolation-1.27.jar
2025-09-21 00:20:18,462 [Worker-14: Launching Executing install in _home_subham_Desktop_Project_spring-docker-demoapp_app2] INFO  o.eclipse.m2e.core.internal.Bundles - 	Entry: /home/subham/Downloads/spring-tools-for-eclipse-4.31.0.RELEASE-e4.36.0-linux.gtk.x86_64/sts-4.31.0.RELEASE/plugins/org.eclipse.m2e.maven.runtime_3.9.900.20250220-2013/jars/plexus-sec-dispatcher-2.0.jar
2025-09-21 00:20:18,462 [Worker-14: Launching Executing install in _home_subham_Desktop_Project_spring-docker-demoapp_app2] INFO  o.eclipse.m2e.core.internal.Bundles - 	Entry: /home/subham/Downloads/spring-tools-for-eclipse-4.31.0.RELEASE-e4.36.0-linux.gtk.x86_64/sts-4.31.0.RELEASE/plugins/org.eclipse.m2e.maven.runtime_3.9.900.20250220-2013/jars/plexus-utils-3.5.1.jar
2025-09-21 00:20:18,462 [Worker-14: Launching Executing install in _home_subham_Desktop_Project_spring-docker-demoapp_app2] INFO  o.eclipse.m2e.core.internal.Bundles - 	Entry: /home/subham/Downloads/spring-tools-for-eclipse-4.31.0.RELEASE-e4.36.0-linux.gtk.x86_64/sts-4.31.0.RELEASE/plugins/org.eclipse.m2e.maven.runtime_3.9.900.20250220-2013/jars/plexus-xml-3.0.1.jar
2025-09-21 00:20:18,462 [Worker-14: Launching Executing install in _home_subham_Desktop_Project_spring-docker-demoapp_app2] INFO  o.eclipse.m2e.core.internal.Bundles - 	Entry: /home/subham/Downloads/spring-tools-for-eclipse-4.31.0.RELEASE-e4.36.0-linux.gtk.x86_64/sts-4.31.0.RELEASE/plugins/org.eclipse.m2e.maven.runtime_3.9.900.20250220-2013/jars/wagon-file-3.5.3.jar
2025-09-21 00:20:18,462 [Worker-14: Launching Executing install in _home_subham_Desktop_Project_spring-docker-demoapp_app2] INFO  o.eclipse.m2e.core.internal.Bundles - 	Entry: /home/subham/Downloads/spring-tools-for-eclipse-4.31.0.RELEASE-e4.36.0-linux.gtk.x86_64/sts-4.31.0.RELEASE/plugins/org.eclipse.m2e.maven.runtime_3.9.900.20250220-2013/jars/wagon-http-3.5.3.jar
2025-09-21 00:20:18,462 [Worker-14: Launching Executing install in _home_subham_Desktop_Project_spring-docker-demoapp_app2] INFO  o.eclipse.m2e.core.internal.Bundles - 	Entry: /home/subham/Downloads/spring-tools-for-eclipse-4.31.0.RELEASE-e4.36.0-linux.gtk.x86_64/sts-4.31.0.RELEASE/plugins/org.eclipse.m2e.maven.runtime_3.9.900.20250220-2013/jars/wagon-http-shared-3.5.3.jar
2025-09-21 00:20:18,462 [Worker-14: Launching Executing install in _home_subham_Desktop_Project_spring-docker-demoapp_app2] INFO  o.eclipse.m2e.core.internal.Bundles - 	Entry: /home/subham/Downloads/spring-tools-for-eclipse-4.31.0.RELEASE-e4.36.0-linux.gtk.x86_64/sts-4.31.0.RELEASE/plugins/org.eclipse.m2e.maven.runtime_3.9.900.20250220-2013/jars/wagon-provider-api-3.5.3.jar
2025-09-21 00:20:18,462 [Worker-14: Launching Executing install in _home_subham_Desktop_Project_spring-docker-demoapp_app2] INFO  o.eclipse.m2e.core.internal.Bundles - getClasspathEntries(Bundle=com.google.guava_33.4.8.jre [31])
2025-09-21 00:20:18,462 [Worker-14: Launching Executing install in _home_subham_Desktop_Project_spring-docker-demoapp_app2] INFO  o.eclipse.m2e.core.internal.Bundles - 	Entry: /home/subham/Downloads/spring-tools-for-eclipse-4.31.0.RELEASE-e4.36.0-linux.gtk.x86_64/sts-4.31.0.RELEASE/plugins/com.google.guava_33.4.8.jre.jar
2025-09-21 00:20:18,462 [Worker-14: Launching Executing install in _home_subham_Desktop_Project_spring-docker-demoapp_app2] INFO  o.eclipse.m2e.core.internal.Bundles - getClasspathEntries(Bundle=slf4j.api_2.0.17 [609])
2025-09-21 00:20:18,462 [Worker-14: Launching Executing install in _home_subham_Desktop_Project_spring-docker-demoapp_app2] INFO  o.eclipse.m2e.core.internal.Bundles - 	Entry: /home/subham/Downloads/spring-tools-for-eclipse-4.31.0.RELEASE-e4.36.0-linux.gtk.x86_64/sts-4.31.0.RELEASE/plugins/slf4j.api_2.0.17.jar
2025-09-21 00:20:18,462 [Worker-14: Launching Executing install in _home_subham_Desktop_Project_spring-docker-demoapp_app2] INFO  o.eclipse.m2e.core.internal.Bundles - getClasspathEntries(Bundle=jakarta.inject.jakarta.inject-api_1.0.5 [46])
2025-09-21 00:20:18,462 [Worker-14: Launching Executing install in _home_subham_Desktop_Project_spring-docker-demoapp_app2] INFO  o.eclipse.m2e.core.internal.Bundles - 	Entry: /home/subham/Downloads/spring-tools-for-eclipse-4.31.0.RELEASE-e4.36.0-linux.gtk.x86_64/sts-4.31.0.RELEASE/plugins/jakarta.inject.jakarta.inject-api_1.0.5.jar
2025-09-21 00:20:18,462 [Worker-14: Launching Executing install in _home_subham_Desktop_Project_spring-docker-demoapp_app2] INFO  o.eclipse.m2e.core.internal.Bundles - getClasspathEntries(Bundle=javax.annotation_1.3.5.v20200909-1856 [55])
2025-09-21 00:20:18,462 [Worker-14: Launching Executing install in _home_subham_Desktop_Project_spring-docker-demoapp_app2] INFO  o.eclipse.m2e.core.internal.Bundles - 	Entry: /home/subham/Downloads/spring-tools-for-eclipse-4.31.0.RELEASE-e4.36.0-linux.gtk.x86_64/sts-4.31.0.RELEASE/plugins/javax.annotation_1.3.5.v20200909-1856.jar
2025-09-21 00:20:18,462 [Worker-14: Launching Executing install in _home_subham_Desktop_Project_spring-docker-demoapp_app2] INFO  o.eclipse.m2e.core.internal.Bundles - getClasspathEntries(Bundle=org.apache.commons.cli_1.9.0 [79])
2025-09-21 00:20:18,462 [Worker-14: Launching Executing install in _home_subham_Desktop_Project_spring-docker-demoapp_app2] INFO  o.eclipse.m2e.core.internal.Bundles - 	Entry: /home/subham/Downloads/spring-tools-for-eclipse-4.31.0.RELEASE-e4.36.0-linux.gtk.x86_64/sts-4.31.0.RELEASE/plugins/org.apache.commons.cli_1.9.0.jar
2025-09-21 00:20:18,462 [Worker-14: Launching Executing install in _home_subham_Desktop_Project_spring-docker-demoapp_app2] INFO  o.eclipse.m2e.core.internal.Bundles - getClasspathEntries(Bundle=org.apache.commons.commons-codec_1.16.0 [81])
2025-09-21 00:20:18,462 [Worker-14: Launching Executing install in _home_subham_Desktop_Project_spring-docker-demoapp_app2] INFO  o.eclipse.m2e.core.internal.Bundles - 	Entry: /home/subham/Downloads/spring-tools-for-eclipse-4.31.0.RELEASE-e4.36.0-linux.gtk.x86_64/sts-4.31.0.RELEASE/plugins/org.apache.commons.commons-codec_1.16.0.jar
2025-09-21 00:20:18,462 [Worker-14: Launching Executing install in _home_subham_Desktop_Project_spring-docker-demoapp_app2] INFO  o.eclipse.m2e.core.internal.Bundles - getClasspathEntries(Bundle=com.google.guava.failureaccess_1.0.3 [32])
2025-09-21 00:20:18,462 [Worker-14: Launching Executing install in _home_subham_Desktop_Project_spring-docker-demoapp_app2] INFO  o.eclipse.m2e.core.internal.Bundles - 	Entry: /home/subham/Downloads/spring-tools-for-eclipse-4.31.0.RELEASE-e4.36.0-linux.gtk.x86_64/sts-4.31.0.RELEASE/plugins/com.google.guava.failureaccess_1.0.3.jar
2025-09-21 00:20:18,463 [Worker-14: Launching Executing install in _home_subham_Desktop_Project_spring-docker-demoapp_app2] INFO  o.e.m.i.launch.MavenLaunchDelegate - Run build in "/home/subham/Desktop/Project/spring-docker-demoapp/app2":
2025-09-21 00:20:18,463 [Worker-14: Launching Executing install in _home_subham_Desktop_Project_spring-docker-demoapp_app2] INFO  o.e.m.i.launch.MavenLaunchDelegate -  mvn  -Ppom.xml -B -Dstyle.color=always install
2025-09-21 00:20:28,743 [Worker-17: Launching Executing clean in _home_subham_Desktop_Project_spring-docker-demoapp_app1] INFO  o.eclipse.m2e.core.internal.Bundles - getClasspathEntries(Bundle=org.eclipse.m2e.maven.runtime_3.9.900.20250220-2013 [361])
2025-09-21 00:20:28,743 [Worker-17: Launching Executing clean in _home_subham_Desktop_Project_spring-docker-demoapp_app1] INFO  o.eclipse.m2e.core.internal.Bundles - 	Entry: /home/subham/Downloads/spring-tools-for-eclipse-4.31.0.RELEASE-e4.36.0-linux.gtk.x86_64/sts-4.31.0.RELEASE/plugins/org.eclipse.m2e.maven.runtime_3.9.900.20250220-2013
2025-09-21 00:20:28,743 [Worker-17: Launching Executing clean in _home_subham_Desktop_Project_spring-docker-demoapp_app1] INFO  o.eclipse.m2e.core.internal.Bundles - 	Entry: /home/subham/Downloads/spring-tools-for-eclipse-4.31.0.RELEASE-e4.36.0-linux.gtk.x86_64/sts-4.31.0.RELEASE/plugins/org.eclipse.m2e.maven.runtime_3.9.900.20250220-2013/jars/aopalliance-1.0.jar
2025-09-21 00:20:28,743 [Worker-17: Launching Executing clean in _home_subham_Desktop_Project_spring-docker-demoapp_app1] INFO  o.eclipse.m2e.core.internal.Bundles - 	Entry: /home/subham/Downloads/spring-tools-for-eclipse-4.31.0.RELEASE-e4.36.0-linux.gtk.x86_64/sts-4.31.0.RELEASE/plugins/org.eclipse.m2e.maven.runtime_3.9.900.20250220-2013/jars/guice-5.1.0.jar
2025-09-21 00:20:28,743 [Worker-17: Launching Executing clean in _home_subham_Desktop_Project_spring-docker-demoapp_app1] INFO  o.eclipse.m2e.core.internal.Bundles - 	Entry: /home/subham/Downloads/spring-tools-for-eclipse-4.31.0.RELEASE-e4.36.0-linux.gtk.x86_64/sts-4.31.0.RELEASE/plugins/org.eclipse.m2e.maven.runtime_3.9.900.20250220-2013/jars/httpclient-4.5.14.jar
2025-09-21 00:20:28,743 [Worker-17: Launching Executing clean in _home_subham_Desktop_Project_spring-docker-demoapp_app1] INFO  o.eclipse.m2e.core.internal.Bundles - 	Entry: /home/subham/Downloads/spring-tools-for-eclipse-4.31.0.RELEASE-e4.36.0-linux.gtk.x86_64/sts-4.31.0.RELEASE/plugins/org.eclipse.m2e.maven.runtime_3.9.900.20250220-2013/jars/httpcore-4.4.16.jar
2025-09-21 00:20:28,743 [Worker-17: Launching Executing clean in _home_subham_Desktop_Project_spring-docker-demoapp_app1] INFO  o.eclipse.m2e.core.internal.Bundles - 	Entry: /home/subham/Downloads/spring-tools-for-eclipse-4.31.0.RELEASE-e4.36.0-linux.gtk.x86_64/sts-4.31.0.RELEASE/plugins/org.eclipse.m2e.maven.runtime_3.9.900.20250220-2013/jars/jansi-2.4.1.jar
2025-09-21 00:20:28,743 [Worker-17: Launching Executing clean in _home_subham_Desktop_Project_spring-docker-demoapp_app1] INFO  o.eclipse.m2e.core.internal.Bundles - 	Entry: /home/subham/Downloads/spring-tools-for-eclipse-4.31.0.RELEASE-e4.36.0-linux.gtk.x86_64/sts-4.31.0.RELEASE/plugins/org.eclipse.m2e.maven.runtime_3.9.900.20250220-2013/jars/jcl-over-slf4j-1.7.36.jar
2025-09-21 00:20:28,743 [Worker-17: Launching Executing clean in _home_subham_Desktop_Project_spring-docker-demoapp_app1] INFO  o.eclipse.m2e.core.internal.Bundles - 	Entry: /home/subham/Downloads/spring-tools-for-eclipse-4.31.0.RELEASE-e4.36.0-linux.gtk.x86_64/sts-4.31.0.RELEASE/plugins/org.eclipse.m2e.maven.runtime_3.9.900.20250220-2013/jars/maven-artifact-3.9.9.jar
2025-09-21 00:20:28,743 [Worker-17: Launching Executing clean in _home_subham_Desktop_Project_spring-docker-demoapp_app1] INFO  o.eclipse.m2e.core.internal.Bundles - 	Entry: /home/subham/Downloads/spring-tools-for-eclipse-4.31.0.RELEASE-e4.36.0-linux.gtk.x86_64/sts-4.31.0.RELEASE/plugins/org.eclipse.m2e.maven.runtime_3.9.900.20250220-2013/jars/maven-builder-support-3.9.9.jar
2025-09-21 00:20:28,743 [Worker-17: Launching Executing clean in _home_subham_Desktop_Project_spring-docker-demoapp_app1] INFO  o.eclipse.m2e.core.internal.Bundles - 	Entry: /home/subham/Downloads/spring-tools-for-eclipse-4.31.0.RELEASE-e4.36.0-linux.gtk.x86_64/sts-4.31.0.RELEASE/plugins/org.eclipse.m2e.maven.runtime_3.9.900.20250220-2013/jars/maven-compat-3.9.9.jar
2025-09-21 00:20:28,743 [Worker-17: Launching Executing clean in _home_subham_Desktop_Project_spring-docker-demoapp_app1] INFO  o.eclipse.m2e.core.internal.Bundles - 	Entry: /home/subham/Downloads/spring-tools-for-eclipse-4.31.0.RELEASE-e4.36.0-linux.gtk.x86_64/sts-4.31.0.RELEASE/plugins/org.eclipse.m2e.maven.runtime_3.9.900.20250220-2013/jars/maven-core-3.9.9.jar
2025-09-21 00:20:28,743 [Worker-17: Launching Executing clean in _home_subham_Desktop_Project_spring-docker-demoapp_app1] INFO  o.eclipse.m2e.core.internal.Bundles - 	Entry: /home/subham/Downloads/spring-tools-for-eclipse-4.31.0.RELEASE-e4.36.0-linux.gtk.x86_64/sts-4.31.0.RELEASE/plugins/org.eclipse.m2e.maven.runtime_3.9.900.20250220-2013/jars/maven-embedder-3.9.9.jar
2025-09-21 00:20:28,743 [Worker-17: Launching Executing clean in _home_subham_Desktop_Project_spring-docker-demoapp_app1] INFO  o.eclipse.m2e.core.internal.Bundles - 	Entry: /home/subham/Downloads/spring-tools-for-eclipse-4.31.0.RELEASE-e4.36.0-linux.gtk.x86_64/sts-4.31.0.RELEASE/plugins/org.eclipse.m2e.maven.runtime_3.9.900.20250220-2013/jars/maven-model-3.9.9.jar
2025-09-21 00:20:28,743 [Worker-17: Launching Executing clean in _home_subham_Desktop_Project_spring-docker-demoapp_app1] INFO  o.eclipse.m2e.core.internal.Bundles - 	Entry: /home/subham/Downloads/spring-tools-for-eclipse-4.31.0.RELEASE-e4.36.0-linux.gtk.x86_64/sts-4.31.0.RELEASE/plugins/org.eclipse.m2e.maven.runtime_3.9.900.20250220-2013/jars/maven-model-builder-3.9.9.jar
2025-09-21 00:20:28,743 [Worker-17: Launching Executing clean in _home_subham_Desktop_Project_spring-docker-demoapp_app1] INFO  o.eclipse.m2e.core.internal.Bundles - 	Entry: /home/subham/Downloads/spring-tools-for-eclipse-4.31.0.RELEASE-e4.36.0-linux.gtk.x86_64/sts-4.31.0.RELEASE/plugins/org.eclipse.m2e.maven.runtime_3.9.900.20250220-2013/jars/maven-plugin-api-3.9.9.jar
2025-09-21 00:20:28,743 [Worker-17: Launching Executing clean in _home_subham_Desktop_Project_spring-docker-demoapp_app1] INFO  o.eclipse.m2e.core.internal.Bundles - 	Entry: /home/subham/Downloads/spring-tools-for-eclipse-4.31.0.RELEASE-e4.36.0-linux.gtk.x86_64/sts-4.31.0.RELEASE/plugins/org.eclipse.m2e.maven.runtime_3.9.900.20250220-2013/jars/maven-repository-metadata-3.9.9.jar
2025-09-21 00:20:28,743 [Worker-17: Launching Executing clean in _home_subham_Desktop_Project_spring-docker-demoapp_app1] INFO  o.eclipse.m2e.core.internal.Bundles - 	Entry: /home/subham/Downloads/spring-tools-for-eclipse-4.31.0.RELEASE-e4.36.0-linux.gtk.x86_64/sts-4.31.0.RELEASE/plugins/org.eclipse.m2e.maven.runtime_3.9.900.20250220-2013/jars/maven-resolver-api-1.9.22.jar
2025-09-21 00:20:28,743 [Worker-17: Launching Executing clean in _home_subham_Desktop_Project_spring-docker-demoapp_app1] INFO  o.eclipse.m2e.core.internal.Bundles - 	Entry: /home/subham/Downloads/spring-tools-for-eclipse-4.31.0.RELEASE-e4.36.0-linux.gtk.x86_64/sts-4.31.0.RELEASE/plugins/org.eclipse.m2e.maven.runtime_3.9.900.20250220-2013/jars/maven-resolver-connector-basic-1.9.22.jar
2025-09-21 00:20:28,743 [Worker-17: Launching Executing clean in _home_subham_Desktop_Project_spring-docker-demoapp_app1] INFO  o.eclipse.m2e.core.internal.Bundles - 	Entry: /home/subham/Downloads/spring-tools-for-eclipse-4.31.0.RELEASE-e4.36.0-linux.gtk.x86_64/sts-4.31.0.RELEASE/plugins/org.eclipse.m2e.maven.runtime_3.9.900.20250220-2013/jars/maven-resolver-impl-1.9.22.jar
2025-09-21 00:20:28,743 [Worker-17: Launching Executing clean in _home_subham_Desktop_Project_spring-docker-demoapp_app1] INFO  o.eclipse.m2e.core.internal.Bundles - 	Entry: /home/subham/Downloads/spring-tools-for-eclipse-4.31.0.RELEASE-e4.36.0-linux.gtk.x86_64/sts-4.31.0.RELEASE/plugins/org.eclipse.m2e.maven.runtime_3.9.900.20250220-2013/jars/maven-resolver-named-locks-1.9.22.jar
2025-09-21 00:20:28,743 [Worker-17: Launching Executing clean in _home_subham_Desktop_Project_spring-docker-demoapp_app1] INFO  o.eclipse.m2e.core.internal.Bundles - 	Entry: /home/subham/Downloads/spring-tools-for-eclipse-4.31.0.RELEASE-e4.36.0-linux.gtk.x86_64/sts-4.31.0.RELEASE/plugins/org.eclipse.m2e.maven.runtime_3.9.900.20250220-2013/jars/maven-resolver-provider-3.9.9.jar
2025-09-21 00:20:28,743 [Worker-17: Launching Executing clean in _home_subham_Desktop_Project_spring-docker-demoapp_app1] INFO  o.eclipse.m2e.core.internal.Bundles - 	Entry: /home/subham/Downloads/spring-tools-for-eclipse-4.31.0.RELEASE-e4.36.0-linux.gtk.x86_64/sts-4.31.0.RELEASE/plugins/org.eclipse.m2e.maven.runtime_3.9.900.20250220-2013/jars/maven-resolver-spi-1.9.22.jar
2025-09-21 00:20:28,743 [Worker-17: Launching Executing clean in _home_subham_Desktop_Project_spring-docker-demoapp_app1] INFO  o.eclipse.m2e.core.internal.Bundles - 	Entry: /home/subham/Downloads/spring-tools-for-eclipse-4.31.0.RELEASE-e4.36.0-linux.gtk.x86_64/sts-4.31.0.RELEASE/plugins/org.eclipse.m2e.maven.runtime_3.9.900.20250220-2013/jars/maven-resolver-transport-file-1.9.22.jar
2025-09-21 00:20:28,743 [Worker-17: Launching Executing clean in _home_subham_Desktop_Project_spring-docker-demoapp_app1] INFO  o.eclipse.m2e.core.internal.Bundles - 	Entry: /home/subham/Downloads/spring-tools-for-eclipse-4.31.0.RELEASE-e4.36.0-linux.gtk.x86_64/sts-4.31.0.RELEASE/plugins/org.eclipse.m2e.maven.runtime_3.9.900.20250220-2013/jars/maven-resolver-transport-http-1.9.22.jar
2025-09-21 00:20:28,743 [Worker-17: Launching Executing clean in _home_subham_Desktop_Project_spring-docker-demoapp_app1] INFO  o.eclipse.m2e.core.internal.Bundles - 	Entry: /home/subham/Downloads/spring-tools-for-eclipse-4.31.0.RELEASE-e4.36.0-linux.gtk.x86_64/sts-4.31.0.RELEASE/plugins/org.eclipse.m2e.maven.runtime_3.9.900.20250220-2013/jars/maven-resolver-transport-wagon-1.9.22.jar
2025-09-21 00:20:28,743 [Worker-17: Launching Executing clean in _home_subham_Desktop_Project_spring-docker-demoapp_app1] INFO  o.eclipse.m2e.core.internal.Bundles - 	Entry: /home/subham/Downloads/spring-tools-for-eclipse-4.31.0.RELEASE-e4.36.0-linux.gtk.x86_64/sts-4.31.0.RELEASE/plugins/org.eclipse.m2e.maven.runtime_3.9.900.20250220-2013/jars/maven-resolver-util-1.9.22.jar
2025-09-21 00:20:28,743 [Worker-17: Launching Executing clean in _home_subham_Desktop_Project_spring-docker-demoapp_app1] INFO  o.eclipse.m2e.core.internal.Bundles - 	Entry: /home/subham/Downloads/spring-tools-for-eclipse-4.31.0.RELEASE-e4.36.0-linux.gtk.x86_64/sts-4.31.0.RELEASE/plugins/org.eclipse.m2e.maven.runtime_3.9.900.20250220-2013/jars/maven-settings-3.9.9.jar
2025-09-21 00:20:28,743 [Worker-17: Launching Executing clean in _home_subham_Desktop_Project_spring-docker-demoapp_app1] INFO  o.eclipse.m2e.core.internal.Bundles - 	Entry: /home/subham/Downloads/spring-tools-for-eclipse-4.31.0.RELEASE-e4.36.0-linux.gtk.x86_64/sts-4.31.0.RELEASE/plugins/org.eclipse.m2e.maven.runtime_3.9.900.20250220-2013/jars/maven-settings-builder-3.9.9.jar
2025-09-21 00:20:28,743 [Worker-17: Launching Executing clean in _home_subham_Desktop_Project_spring-docker-demoapp_app1] INFO  o.eclipse.m2e.core.internal.Bundles - 	Entry: /home/subham/Downloads/spring-tools-for-eclipse-4.31.0.RELEASE-e4.36.0-linux.gtk.x86_64/sts-4.31.0.RELEASE/plugins/org.eclipse.m2e.maven.runtime_3.9.900.20250220-2013/jars/maven-shared-utils-3.4.2.jar
2025-09-21 00:20:28,743 [Worker-17: Launching Executing clean in _home_subham_Desktop_Project_spring-docker-demoapp_app1] INFO  o.eclipse.m2e.core.internal.Bundles - 	Entry: /home/subham/Downloads/spring-tools-for-eclipse-4.31.0.RELEASE-e4.36.0-linux.gtk.x86_64/sts-4.31.0.RELEASE/plugins/org.eclipse.m2e.maven.runtime_3.9.900.20250220-2013/jars/org.eclipse.sisu.inject-0.9.0.M3.jar
2025-09-21 00:20:28,743 [Worker-17: Launching Executing clean in _home_subham_Desktop_Project_spring-docker-demoapp_app1] INFO  o.eclipse.m2e.core.internal.Bundles - 	Entry: /home/subham/Downloads/spring-tools-for-eclipse-4.31.0.RELEASE-e4.36.0-linux.gtk.x86_64/sts-4.31.0.RELEASE/plugins/org.eclipse.m2e.maven.runtime_3.9.900.20250220-2013/jars/org.eclipse.sisu.plexus-0.9.0.M3.jar
2025-09-21 00:20:28,743 [Worker-17: Launching Executing clean in _home_subham_Desktop_Project_spring-docker-demoapp_app1] INFO  o.eclipse.m2e.core.internal.Bundles - 	Entry: /home/subham/Downloads/spring-tools-for-eclipse-4.31.0.RELEASE-e4.36.0-linux.gtk.x86_64/sts-4.31.0.RELEASE/plugins/org.eclipse.m2e.maven.runtime_3.9.900.20250220-2013/jars/plexus-build-api-0.0.7.jar
2025-09-21 00:20:28,743 [Worker-17: Launching Executing clean in _home_subham_Desktop_Project_spring-docker-demoapp_app1] INFO  o.eclipse.m2e.core.internal.Bundles - 	Entry: /home/subham/Downloads/spring-tools-for-eclipse-4.31.0.RELEASE-e4.36.0-linux.gtk.x86_64/sts-4.31.0.RELEASE/plugins/org.eclipse.m2e.maven.runtime_3.9.900.20250220-2013/jars/plexus-build-api-1.2.0.jar
2025-09-21 00:20:28,743 [Worker-17: Launching Executing clean in _home_subham_Desktop_Project_spring-docker-demoapp_app1] INFO  o.eclipse.m2e.core.internal.Bundles - 	Entry: /home/subham/Downloads/spring-tools-for-eclipse-4.31.0.RELEASE-e4.36.0-linux.gtk.x86_64/sts-4.31.0.RELEASE/plugins/org.eclipse.m2e.maven.runtime_3.9.900.20250220-2013/jars/plexus-cipher-2.0.jar
2025-09-21 00:20:28,743 [Worker-17: Launching Executing clean in _home_subham_Desktop_Project_spring-docker-demoapp_app1] INFO  o.eclipse.m2e.core.internal.Bundles - 	Entry: /home/subham/Downloads/spring-tools-for-eclipse-4.31.0.RELEASE-e4.36.0-linux.gtk.x86_64/sts-4.31.0.RELEASE/plugins/org.eclipse.m2e.maven.runtime_3.9.900.20250220-2013/jars/plexus-classworlds-2.8.0.jar
2025-09-21 00:20:28,743 [Worker-17: Launching Executing clean in _home_subham_Desktop_Project_spring-docker-demoapp_app1] INFO  o.eclipse.m2e.core.internal.Bundles - 	Entry: /home/subham/Downloads/spring-tools-for-eclipse-4.31.0.RELEASE-e4.36.0-linux.gtk.x86_64/sts-4.31.0.RELEASE/plugins/org.eclipse.m2e.maven.runtime_3.9.900.20250220-2013/jars/plexus-component-annotations-2.1.0.jar
2025-09-21 00:20:28,743 [Worker-17: Launching Executing clean in _home_subham_Desktop_Project_spring-docker-demoapp_app1] INFO  o.eclipse.m2e.core.internal.Bundles - 	Entry: /home/subham/Downloads/spring-tools-for-eclipse-4.31.0.RELEASE-e4.36.0-linux.gtk.x86_64/sts-4.31.0.RELEASE/plugins/org.eclipse.m2e.maven.runtime_3.9.900.20250220-2013/jars/plexus-interpolation-1.27.jar
2025-09-21 00:20:28,744 [Worker-17: Launching Executing clean in _home_subham_Desktop_Project_spring-docker-demoapp_app1] INFO  o.eclipse.m2e.core.internal.Bundles - 	Entry: /home/subham/Downloads/spring-tools-for-eclipse-4.31.0.RELEASE-e4.36.0-linux.gtk.x86_64/sts-4.31.0.RELEASE/plugins/org.eclipse.m2e.maven.runtime_3.9.900.20250220-2013/jars/plexus-sec-dispatcher-2.0.jar
2025-09-21 00:20:28,744 [Worker-17: Launching Executing clean in _home_subham_Desktop_Project_spring-docker-demoapp_app1] INFO  o.eclipse.m2e.core.internal.Bundles - 	Entry: /home/subham/Downloads/spring-tools-for-eclipse-4.31.0.RELEASE-e4.36.0-linux.gtk.x86_64/sts-4.31.0.RELEASE/plugins/org.eclipse.m2e.maven.runtime_3.9.900.20250220-2013/jars/plexus-utils-3.5.1.jar
2025-09-21 00:20:28,744 [Worker-17: Launching Executing clean in _home_subham_Desktop_Project_spring-docker-demoapp_app1] INFO  o.eclipse.m2e.core.internal.Bundles - 	Entry: /home/subham/Downloads/spring-tools-for-eclipse-4.31.0.RELEASE-e4.36.0-linux.gtk.x86_64/sts-4.31.0.RELEASE/plugins/org.eclipse.m2e.maven.runtime_3.9.900.20250220-2013/jars/plexus-xml-3.0.1.jar
2025-09-21 00:20:28,744 [Worker-17: Launching Executing clean in _home_subham_Desktop_Project_spring-docker-demoapp_app1] INFO  o.eclipse.m2e.core.internal.Bundles - 	Entry: /home/subham/Downloads/spring-tools-for-eclipse-4.31.0.RELEASE-e4.36.0-linux.gtk.x86_64/sts-4.31.0.RELEASE/plugins/org.eclipse.m2e.maven.runtime_3.9.900.20250220-2013/jars/wagon-file-3.5.3.jar
2025-09-21 00:20:28,744 [Worker-17: Launching Executing clean in _home_subham_Desktop_Project_spring-docker-demoapp_app1] INFO  o.eclipse.m2e.core.internal.Bundles - 	Entry: /home/subham/Downloads/spring-tools-for-eclipse-4.31.0.RELEASE-e4.36.0-linux.gtk.x86_64/sts-4.31.0.RELEASE/plugins/org.eclipse.m2e.maven.runtime_3.9.900.20250220-2013/jars/wagon-http-3.5.3.jar
2025-09-21 00:20:28,744 [Worker-17: Launching Executing clean in _home_subham_Desktop_Project_spring-docker-demoapp_app1] INFO  o.eclipse.m2e.core.internal.Bundles - 	Entry: /home/subham/Downloads/spring-tools-for-eclipse-4.31.0.RELEASE-e4.36.0-linux.gtk.x86_64/sts-4.31.0.RELEASE/plugins/org.eclipse.m2e.maven.runtime_3.9.900.20250220-2013/jars/wagon-http-shared-3.5.3.jar
2025-09-21 00:20:28,744 [Worker-17: Launching Executing clean in _home_subham_Desktop_Project_spring-docker-demoapp_app1] INFO  o.eclipse.m2e.core.internal.Bundles - 	Entry: /home/subham/Downloads/spring-tools-for-eclipse-4.31.0.RELEASE-e4.36.0-linux.gtk.x86_64/sts-4.31.0.RELEASE/plugins/org.eclipse.m2e.maven.runtime_3.9.900.20250220-2013/jars/wagon-provider-api-3.5.3.jar
2025-09-21 00:20:28,744 [Worker-17: Launching Executing clean in _home_subham_Desktop_Project_spring-docker-demoapp_app1] INFO  o.eclipse.m2e.core.internal.Bundles - getClasspathEntries(Bundle=com.google.guava_33.4.8.jre [31])
2025-09-21 00:20:28,744 [Worker-17: Launching Executing clean in _home_subham_Desktop_Project_spring-docker-demoapp_app1] INFO  o.eclipse.m2e.core.internal.Bundles - 	Entry: /home/subham/Downloads/spring-tools-for-eclipse-4.31.0.RELEASE-e4.36.0-linux.gtk.x86_64/sts-4.31.0.RELEASE/plugins/com.google.guava_33.4.8.jre.jar
2025-09-21 00:20:28,744 [Worker-17: Launching Executing clean in _home_subham_Desktop_Project_spring-docker-demoapp_app1] INFO  o.eclipse.m2e.core.internal.Bundles - getClasspathEntries(Bundle=slf4j.api_2.0.17 [609])
2025-09-21 00:20:28,744 [Worker-17: Launching Executing clean in _home_subham_Desktop_Project_spring-docker-demoapp_app1] INFO  o.eclipse.m2e.core.internal.Bundles - 	Entry: /home/subham/Downloads/spring-tools-for-eclipse-4.31.0.RELEASE-e4.36.0-linux.gtk.x86_64/sts-4.31.0.RELEASE/plugins/slf4j.api_2.0.17.jar
2025-09-21 00:20:28,744 [Worker-17: Launching Executing clean in _home_subham_Desktop_Project_spring-docker-demoapp_app1] INFO  o.eclipse.m2e.core.internal.Bundles - getClasspathEntries(Bundle=jakarta.inject.jakarta.inject-api_1.0.5 [46])
2025-09-21 00:20:28,744 [Worker-17: Launching Executing clean in _home_subham_Desktop_Project_spring-docker-demoapp_app1] INFO  o.eclipse.m2e.core.internal.Bundles - 	Entry: /home/subham/Downloads/spring-tools-for-eclipse-4.31.0.RELEASE-e4.36.0-linux.gtk.x86_64/sts-4.31.0.RELEASE/plugins/jakarta.inject.jakarta.inject-api_1.0.5.jar
2025-09-21 00:20:28,744 [Worker-17: Launching Executing clean in _home_subham_Desktop_Project_spring-docker-demoapp_app1] INFO  o.eclipse.m2e.core.internal.Bundles - getClasspathEntries(Bundle=javax.annotation_1.3.5.v20200909-1856 [55])
2025-09-21 00:20:28,744 [Worker-17: Launching Executing clean in _home_subham_Desktop_Project_spring-docker-demoapp_app1] INFO  o.eclipse.m2e.core.internal.Bundles - 	Entry: /home/subham/Downloads/spring-tools-for-eclipse-4.31.0.RELEASE-e4.36.0-linux.gtk.x86_64/sts-4.31.0.RELEASE/plugins/javax.annotation_1.3.5.v20200909-1856.jar
2025-09-21 00:20:28,744 [Worker-17: Launching Executing clean in _home_subham_Desktop_Project_spring-docker-demoapp_app1] INFO  o.eclipse.m2e.core.internal.Bundles - getClasspathEntries(Bundle=org.apache.commons.cli_1.9.0 [79])
2025-09-21 00:20:28,744 [Worker-17: Launching Executing clean in _home_subham_Desktop_Project_spring-docker-demoapp_app1] INFO  o.eclipse.m2e.core.internal.Bundles - 	Entry: /home/subham/Downloads/spring-tools-for-eclipse-4.31.0.RELEASE-e4.36.0-linux.gtk.x86_64/sts-4.31.0.RELEASE/plugins/org.apache.commons.cli_1.9.0.jar
2025-09-21 00:20:28,744 [Worker-17: Launching Executing clean in _home_subham_Desktop_Project_spring-docker-demoapp_app1] INFO  o.eclipse.m2e.core.internal.Bundles - getClasspathEntries(Bundle=org.apache.commons.commons-codec_1.16.0 [81])
2025-09-21 00:20:28,744 [Worker-17: Launching Executing clean in _home_subham_Desktop_Project_spring-docker-demoapp_app1] INFO  o.eclipse.m2e.core.internal.Bundles - 	Entry: /home/subham/Downloads/spring-tools-for-eclipse-4.31.0.RELEASE-e4.36.0-linux.gtk.x86_64/sts-4.31.0.RELEASE/plugins/org.apache.commons.commons-codec_1.16.0.jar
2025-09-21 00:20:28,744 [Worker-17: Launching Executing clean in _home_subham_Desktop_Project_spring-docker-demoapp_app1] INFO  o.eclipse.m2e.core.internal.Bundles - getClasspathEntries(Bundle=com.google.guava.failureaccess_1.0.3 [32])
2025-09-21 00:20:28,744 [Worker-17: Launching Executing clean in _home_subham_Desktop_Project_spring-docker-demoapp_app1] INFO  o.eclipse.m2e.core.internal.Bundles - 	Entry: /home/subham/Downloads/spring-tools-for-eclipse-4.31.0.RELEASE-e4.36.0-linux.gtk.x86_64/sts-4.31.0.RELEASE/plugins/com.google.guava.failureaccess_1.0.3.jar
2025-09-21 00:20:28,744 [Worker-17: Launching Executing clean in _home_subham_Desktop_Project_spring-docker-demoapp_app1] INFO  o.e.m.i.launch.MavenLaunchDelegate - Run build in "/home/subham/Desktop/Project/spring-docker-demoapp/app1":
2025-09-21 00:20:28,744 [Worker-17: Launching Executing clean in _home_subham_Desktop_Project_spring-docker-demoapp_app1] INFO  o.e.m.i.launch.MavenLaunchDelegate -  mvn  -Ppom.xml -B -Dstyle.color=always clean
2025-09-21 00:20:36,213 [Worker-21: Launching Executing install in _home_subham_Desktop_Project_spring-docker-demoapp_app1] INFO  o.eclipse.m2e.core.internal.Bundles - getClasspathEntries(Bundle=org.eclipse.m2e.maven.runtime_3.9.900.20250220-2013 [361])
2025-09-21 00:20:36,213 [Worker-21: Launching Executing install in _home_subham_Desktop_Project_spring-docker-demoapp_app1] INFO  o.eclipse.m2e.core.internal.Bundles - 	Entry: /home/subham/Downloads/spring-tools-for-eclipse-4.31.0.RELEASE-e4.36.0-linux.gtk.x86_64/sts-4.31.0.RELEASE/plugins/org.eclipse.m2e.maven.runtime_3.9.900.20250220-2013
2025-09-21 00:20:36,213 [Worker-21: Launching Executing install in _home_subham_Desktop_Project_spring-docker-demoapp_app1] INFO  o.eclipse.m2e.core.internal.Bundles - 	Entry: /home/subham/Downloads/spring-tools-for-eclipse-4.31.0.RELEASE-e4.36.0-linux.gtk.x86_64/sts-4.31.0.RELEASE/plugins/org.eclipse.m2e.maven.runtime_3.9.900.20250220-2013/jars/aopalliance-1.0.jar
2025-09-21 00:20:36,213 [Worker-21: Launching Executing install in _home_subham_Desktop_Project_spring-docker-demoapp_app1] INFO  o.eclipse.m2e.core.internal.Bundles - 	Entry: /home/subham/Downloads/spring-tools-for-eclipse-4.31.0.RELEASE-e4.36.0-linux.gtk.x86_64/sts-4.31.0.RELEASE/plugins/org.eclipse.m2e.maven.runtime_3.9.900.20250220-2013/jars/guice-5.1.0.jar
2025-09-21 00:20:36,213 [Worker-21: Launching Executing install in _home_subham_Desktop_Project_spring-docker-demoapp_app1] INFO  o.eclipse.m2e.core.internal.Bundles - 	Entry: /home/subham/Downloads/spring-tools-for-eclipse-4.31.0.RELEASE-e4.36.0-linux.gtk.x86_64/sts-4.31.0.RELEASE/plugins/org.eclipse.m2e.maven.runtime_3.9.900.20250220-2013/jars/httpclient-4.5.14.jar
2025-09-21 00:20:36,213 [Worker-21: Launching Executing install in _home_subham_Desktop_Project_spring-docker-demoapp_app1] INFO  o.eclipse.m2e.core.internal.Bundles - 	Entry: /home/subham/Downloads/spring-tools-for-eclipse-4.31.0.RELEASE-e4.36.0-linux.gtk.x86_64/sts-4.31.0.RELEASE/plugins/org.eclipse.m2e.maven.runtime_3.9.900.20250220-2013/jars/httpcore-4.4.16.jar
2025-09-21 00:20:36,213 [Worker-21: Launching Executing install in _home_subham_Desktop_Project_spring-docker-demoapp_app1] INFO  o.eclipse.m2e.core.internal.Bundles - 	Entry: /home/subham/Downloads/spring-tools-for-eclipse-4.31.0.RELEASE-e4.36.0-linux.gtk.x86_64/sts-4.31.0.RELEASE/plugins/org.eclipse.m2e.maven.runtime_3.9.900.20250220-2013/jars/jansi-2.4.1.jar
2025-09-21 00:20:36,213 [Worker-21: Launching Executing install in _home_subham_Desktop_Project_spring-docker-demoapp_app1] INFO  o.eclipse.m2e.core.internal.Bundles - 	Entry: /home/subham/Downloads/spring-tools-for-eclipse-4.31.0.RELEASE-e4.36.0-linux.gtk.x86_64/sts-4.31.0.RELEASE/plugins/org.eclipse.m2e.maven.runtime_3.9.900.20250220-2013/jars/jcl-over-slf4j-1.7.36.jar
2025-09-21 00:20:36,214 [Worker-21: Launching Executing install in _home_subham_Desktop_Project_spring-docker-demoapp_app1] INFO  o.eclipse.m2e.core.internal.Bundles - 	Entry: /home/subham/Downloads/spring-tools-for-eclipse-4.31.0.RELEASE-e4.36.0-linux.gtk.x86_64/sts-4.31.0.RELEASE/plugins/org.eclipse.m2e.maven.runtime_3.9.900.20250220-2013/jars/maven-artifact-3.9.9.jar
2025-09-21 00:20:36,214 [Worker-21: Launching Executing install in _home_subham_Desktop_Project_spring-docker-demoapp_app1] INFO  o.eclipse.m2e.core.internal.Bundles - 	Entry: /home/subham/Downloads/spring-tools-for-eclipse-4.31.0.RELEASE-e4.36.0-linux.gtk.x86_64/sts-4.31.0.RELEASE/plugins/org.eclipse.m2e.maven.runtime_3.9.900.20250220-2013/jars/maven-builder-support-3.9.9.jar
2025-09-21 00:20:36,214 [Worker-21: Launching Executing install in _home_subham_Desktop_Project_spring-docker-demoapp_app1] INFO  o.eclipse.m2e.core.internal.Bundles - 	Entry: /home/subham/Downloads/spring-tools-for-eclipse-4.31.0.RELEASE-e4.36.0-linux.gtk.x86_64/sts-4.31.0.RELEASE/plugins/org.eclipse.m2e.maven.runtime_3.9.900.20250220-2013/jars/maven-compat-3.9.9.jar
2025-09-21 00:20:36,214 [Worker-21: Launching Executing install in _home_subham_Desktop_Project_spring-docker-demoapp_app1] INFO  o.eclipse.m2e.core.internal.Bundles - 	Entry: /home/subham/Downloads/spring-tools-for-eclipse-4.31.0.RELEASE-e4.36.0-linux.gtk.x86_64/sts-4.31.0.RELEASE/plugins/org.eclipse.m2e.maven.runtime_3.9.900.20250220-2013/jars/maven-core-3.9.9.jar
2025-09-21 00:20:36,214 [Worker-21: Launching Executing install in _home_subham_Desktop_Project_spring-docker-demoapp_app1] INFO  o.eclipse.m2e.core.internal.Bundles - 	Entry: /home/subham/Downloads/spring-tools-for-eclipse-4.31.0.RELEASE-e4.36.0-linux.gtk.x86_64/sts-4.31.0.RELEASE/plugins/org.eclipse.m2e.maven.runtime_3.9.900.20250220-2013/jars/maven-embedder-3.9.9.jar
2025-09-21 00:20:36,214 [Worker-21: Launching Executing install in _home_subham_Desktop_Project_spring-docker-demoapp_app1] INFO  o.eclipse.m2e.core.internal.Bundles - 	Entry: /home/subham/Downloads/spring-tools-for-eclipse-4.31.0.RELEASE-e4.36.0-linux.gtk.x86_64/sts-4.31.0.RELEASE/plugins/org.eclipse.m2e.maven.runtime_3.9.900.20250220-2013/jars/maven-model-3.9.9.jar
2025-09-21 00:20:36,214 [Worker-21: Launching Executing install in _home_subham_Desktop_Project_spring-docker-demoapp_app1] INFO  o.eclipse.m2e.core.internal.Bundles - 	Entry: /home/subham/Downloads/spring-tools-for-eclipse-4.31.0.RELEASE-e4.36.0-linux.gtk.x86_64/sts-4.31.0.RELEASE/plugins/org.eclipse.m2e.maven.runtime_3.9.900.20250220-2013/jars/maven-model-builder-3.9.9.jar
2025-09-21 00:20:36,214 [Worker-21: Launching Executing install in _home_subham_Desktop_Project_spring-docker-demoapp_app1] INFO  o.eclipse.m2e.core.internal.Bundles - 	Entry: /home/subham/Downloads/spring-tools-for-eclipse-4.31.0.RELEASE-e4.36.0-linux.gtk.x86_64/sts-4.31.0.RELEASE/plugins/org.eclipse.m2e.maven.runtime_3.9.900.20250220-2013/jars/maven-plugin-api-3.9.9.jar
2025-09-21 00:20:36,214 [Worker-21: Launching Executing install in _home_subham_Desktop_Project_spring-docker-demoapp_app1] INFO  o.eclipse.m2e.core.internal.Bundles - 	Entry: /home/subham/Downloads/spring-tools-for-eclipse-4.31.0.RELEASE-e4.36.0-linux.gtk.x86_64/sts-4.31.0.RELEASE/plugins/org.eclipse.m2e.maven.runtime_3.9.900.20250220-2013/jars/maven-repository-metadata-3.9.9.jar
2025-09-21 00:20:36,214 [Worker-21: Launching Executing install in _home_subham_Desktop_Project_spring-docker-demoapp_app1] INFO  o.eclipse.m2e.core.internal.Bundles - 	Entry: /home/subham/Downloads/spring-tools-for-eclipse-4.31.0.RELEASE-e4.36.0-linux.gtk.x86_64/sts-4.31.0.RELEASE/plugins/org.eclipse.m2e.maven.runtime_3.9.900.20250220-2013/jars/maven-resolver-api-1.9.22.jar
2025-09-21 00:20:36,214 [Worker-21: Launching Executing install in _home_subham_Desktop_Project_spring-docker-demoapp_app1] INFO  o.eclipse.m2e.core.internal.Bundles - 	Entry: /home/subham/Downloads/spring-tools-for-eclipse-4.31.0.RELEASE-e4.36.0-linux.gtk.x86_64/sts-4.31.0.RELEASE/plugins/org.eclipse.m2e.maven.runtime_3.9.900.20250220-2013/jars/maven-resolver-connector-basic-1.9.22.jar
2025-09-21 00:20:36,214 [Worker-21: Launching Executing install in _home_subham_Desktop_Project_spring-docker-demoapp_app1] INFO  o.eclipse.m2e.core.internal.Bundles - 	Entry: /home/subham/Downloads/spring-tools-for-eclipse-4.31.0.RELEASE-e4.36.0-linux.gtk.x86_64/sts-4.31.0.RELEASE/plugins/org.eclipse.m2e.maven.runtime_3.9.900.20250220-2013/jars/maven-resolver-impl-1.9.22.jar
2025-09-21 00:20:36,214 [Worker-21: Launching Executing install in _home_subham_Desktop_Project_spring-docker-demoapp_app1] INFO  o.eclipse.m2e.core.internal.Bundles - 	Entry: /home/subham/Downloads/spring-tools-for-eclipse-4.31.0.RELEASE-e4.36.0-linux.gtk.x86_64/sts-4.31.0.RELEASE/plugins/org.eclipse.m2e.maven.runtime_3.9.900.20250220-2013/jars/maven-resolver-named-locks-1.9.22.jar
2025-09-21 00:20:36,214 [Worker-21: Launching Executing install in _home_subham_Desktop_Project_spring-docker-demoapp_app1] INFO  o.eclipse.m2e.core.internal.Bundles - 	Entry: /home/subham/Downloads/spring-tools-for-eclipse-4.31.0.RELEASE-e4.36.0-linux.gtk.x86_64/sts-4.31.0.RELEASE/plugins/org.eclipse.m2e.maven.runtime_3.9.900.20250220-2013/jars/maven-resolver-provider-3.9.9.jar
2025-09-21 00:20:36,214 [Worker-21: Launching Executing install in _home_subham_Desktop_Project_spring-docker-demoapp_app1] INFO  o.eclipse.m2e.core.internal.Bundles - 	Entry: /home/subham/Downloads/spring-tools-for-eclipse-4.31.0.RELEASE-e4.36.0-linux.gtk.x86_64/sts-4.31.0.RELEASE/plugins/org.eclipse.m2e.maven.runtime_3.9.900.20250220-2013/jars/maven-resolver-spi-1.9.22.jar
2025-09-21 00:20:36,214 [Worker-21: Launching Executing install in _home_subham_Desktop_Project_spring-docker-demoapp_app1] INFO  o.eclipse.m2e.core.internal.Bundles - 	Entry: /home/subham/Downloads/spring-tools-for-eclipse-4.31.0.RELEASE-e4.36.0-linux.gtk.x86_64/sts-4.31.0.RELEASE/plugins/org.eclipse.m2e.maven.runtime_3.9.900.20250220-2013/jars/maven-resolver-transport-file-1.9.22.jar
2025-09-21 00:20:36,214 [Worker-21: Launching Executing install in _home_subham_Desktop_Project_spring-docker-demoapp_app1] INFO  o.eclipse.m2e.core.internal.Bundles - 	Entry: /home/subham/Downloads/spring-tools-for-eclipse-4.31.0.RELEASE-e4.36.0-linux.gtk.x86_64/sts-4.31.0.RELEASE/plugins/org.eclipse.m2e.maven.runtime_3.9.900.20250220-2013/jars/maven-resolver-transport-http-1.9.22.jar
2025-09-21 00:20:36,214 [Worker-21: Launching Executing install in _home_subham_Desktop_Project_spring-docker-demoapp_app1] INFO  o.eclipse.m2e.core.internal.Bundles - 	Entry: /home/subham/Downloads/spring-tools-for-eclipse-4.31.0.RELEASE-e4.36.0-linux.gtk.x86_64/sts-4.31.0.RELEASE/plugins/org.eclipse.m2e.maven.runtime_3.9.900.20250220-2013/jars/maven-resolver-transport-wagon-1.9.22.jar
2025-09-21 00:20:36,214 [Worker-21: Launching Executing install in _home_subham_Desktop_Project_spring-docker-demoapp_app1] INFO  o.eclipse.m2e.core.internal.Bundles - 	Entry: /home/subham/Downloads/spring-tools-for-eclipse-4.31.0.RELEASE-e4.36.0-linux.gtk.x86_64/sts-4.31.0.RELEASE/plugins/org.eclipse.m2e.maven.runtime_3.9.900.20250220-2013/jars/maven-resolver-util-1.9.22.jar
2025-09-21 00:20:36,214 [Worker-21: Launching Executing install in _home_subham_Desktop_Project_spring-docker-demoapp_app1] INFO  o.eclipse.m2e.core.internal.Bundles - 	Entry: /home/subham/Downloads/spring-tools-for-eclipse-4.31.0.RELEASE-e4.36.0-linux.gtk.x86_64/sts-4.31.0.RELEASE/plugins/org.eclipse.m2e.maven.runtime_3.9.900.20250220-2013/jars/maven-settings-3.9.9.jar
2025-09-21 00:20:36,214 [Worker-21: Launching Executing install in _home_subham_Desktop_Project_spring-docker-demoapp_app1] INFO  o.eclipse.m2e.core.internal.Bundles - 	Entry: /home/subham/Downloads/spring-tools-for-eclipse-4.31.0.RELEASE-e4.36.0-linux.gtk.x86_64/sts-4.31.0.RELEASE/plugins/org.eclipse.m2e.maven.runtime_3.9.900.20250220-2013/jars/maven-settings-builder-3.9.9.jar
2025-09-21 00:20:36,214 [Worker-21: Launching Executing install in _home_subham_Desktop_Project_spring-docker-demoapp_app1] INFO  o.eclipse.m2e.core.internal.Bundles - 	Entry: /home/subham/Downloads/spring-tools-for-eclipse-4.31.0.RELEASE-e4.36.0-linux.gtk.x86_64/sts-4.31.0.RELEASE/plugins/org.eclipse.m2e.maven.runtime_3.9.900.20250220-2013/jars/maven-shared-utils-3.4.2.jar
2025-09-21 00:20:36,214 [Worker-21: Launching Executing install in _home_subham_Desktop_Project_spring-docker-demoapp_app1] INFO  o.eclipse.m2e.core.internal.Bundles - 	Entry: /home/subham/Downloads/spring-tools-for-eclipse-4.31.0.RELEASE-e4.36.0-linux.gtk.x86_64/sts-4.31.0.RELEASE/plugins/org.eclipse.m2e.maven.runtime_3.9.900.20250220-2013/jars/org.eclipse.sisu.inject-0.9.0.M3.jar
2025-09-21 00:20:36,214 [Worker-21: Launching Executing install in _home_subham_Desktop_Project_spring-docker-demoapp_app1] INFO  o.eclipse.m2e.core.internal.Bundles - 	Entry: /home/subham/Downloads/spring-tools-for-eclipse-4.31.0.RELEASE-e4.36.0-linux.gtk.x86_64/sts-4.31.0.RELEASE/plugins/org.eclipse.m2e.maven.runtime_3.9.900.20250220-2013/jars/org.eclipse.sisu.plexus-0.9.0.M3.jar
2025-09-21 00:20:36,214 [Worker-21: Launching Executing install in _home_subham_Desktop_Project_spring-docker-demoapp_app1] INFO  o.eclipse.m2e.core.internal.Bundles - 	Entry: /home/subham/Downloads/spring-tools-for-eclipse-4.31.0.RELEASE-e4.36.0-linux.gtk.x86_64/sts-4.31.0.RELEASE/plugins/org.eclipse.m2e.maven.runtime_3.9.900.20250220-2013/jars/plexus-build-api-0.0.7.jar
2025-09-21 00:20:36,214 [Worker-21: Launching Executing install in _home_subham_Desktop_Project_spring-docker-demoapp_app1] INFO  o.eclipse.m2e.core.internal.Bundles - 	Entry: /home/subham/Downloads/spring-tools-for-eclipse-4.31.0.RELEASE-e4.36.0-linux.gtk.x86_64/sts-4.31.0.RELEASE/plugins/org.eclipse.m2e.maven.runtime_3.9.900.20250220-2013/jars/plexus-build-api-1.2.0.jar
2025-09-21 00:20:36,214 [Worker-21: Launching Executing install in _home_subham_Desktop_Project_spring-docker-demoapp_app1] INFO  o.eclipse.m2e.core.internal.Bundles - 	Entry: /home/subham/Downloads/spring-tools-for-eclipse-4.31.0.RELEASE-e4.36.0-linux.gtk.x86_64/sts-4.31.0.RELEASE/plugins/org.eclipse.m2e.maven.runtime_3.9.900.20250220-2013/jars/plexus-cipher-2.0.jar
2025-09-21 00:20:36,214 [Worker-21: Launching Executing install in _home_subham_Desktop_Project_spring-docker-demoapp_app1] INFO  o.eclipse.m2e.core.internal.Bundles - 	Entry: /home/subham/Downloads/spring-tools-for-eclipse-4.31.0.RELEASE-e4.36.0-linux.gtk.x86_64/sts-4.31.0.RELEASE/plugins/org.eclipse.m2e.maven.runtime_3.9.900.20250220-2013/jars/plexus-classworlds-2.8.0.jar
2025-09-21 00:20:36,214 [Worker-21: Launching Executing install in _home_subham_Desktop_Project_spring-docker-demoapp_app1] INFO  o.eclipse.m2e.core.internal.Bundles - 	Entry: /home/subham/Downloads/spring-tools-for-eclipse-4.31.0.RELEASE-e4.36.0-linux.gtk.x86_64/sts-4.31.0.RELEASE/plugins/org.eclipse.m2e.maven.runtime_3.9.900.20250220-2013/jars/plexus-component-annotations-2.1.0.jar
2025-09-21 00:20:36,214 [Worker-21: Launching Executing install in _home_subham_Desktop_Project_spring-docker-demoapp_app1] INFO  o.eclipse.m2e.core.internal.Bundles - 	Entry: /home/subham/Downloads/spring-tools-for-eclipse-4.31.0.RELEASE-e4.36.0-linux.gtk.x86_64/sts-4.31.0.RELEASE/plugins/org.eclipse.m2e.maven.runtime_3.9.900.20250220-2013/jars/plexus-interpolation-1.27.jar
2025-09-21 00:20:36,214 [Worker-21: Launching Executing install in _home_subham_Desktop_Project_spring-docker-demoapp_app1] INFO  o.eclipse.m2e.core.internal.Bundles - 	Entry: /home/subham/Downloads/spring-tools-for-eclipse-4.31.0.RELEASE-e4.36.0-linux.gtk.x86_64/sts-4.31.0.RELEASE/plugins/org.eclipse.m2e.maven.runtime_3.9.900.20250220-2013/jars/plexus-sec-dispatcher-2.0.jar
2025-09-21 00:20:36,214 [Worker-21: Launching Executing install in _home_subham_Desktop_Project_spring-docker-demoapp_app1] INFO  o.eclipse.m2e.core.internal.Bundles - 	Entry: /home/subham/Downloads/spring-tools-for-eclipse-4.31.0.RELEASE-e4.36.0-linux.gtk.x86_64/sts-4.31.0.RELEASE/plugins/org.eclipse.m2e.maven.runtime_3.9.900.20250220-2013/jars/plexus-utils-3.5.1.jar
2025-09-21 00:20:36,214 [Worker-21: Launching Executing install in _home_subham_Desktop_Project_spring-docker-demoapp_app1] INFO  o.eclipse.m2e.core.internal.Bundles - 	Entry: /home/subham/Downloads/spring-tools-for-eclipse-4.31.0.RELEASE-e4.36.0-linux.gtk.x86_64/sts-4.31.0.RELEASE/plugins/org.eclipse.m2e.maven.runtime_3.9.900.20250220-2013/jars/plexus-xml-3.0.1.jar
2025-09-21 00:20:36,214 [Worker-21: Launching Executing install in _home_subham_Desktop_Project_spring-docker-demoapp_app1] INFO  o.eclipse.m2e.core.internal.Bundles - 	Entry: /home/subham/Downloads/spring-tools-for-eclipse-4.31.0.RELEASE-e4.36.0-linux.gtk.x86_64/sts-4.31.0.RELEASE/plugins/org.eclipse.m2e.maven.runtime_3.9.900.20250220-2013/jars/wagon-file-3.5.3.jar
2025-09-21 00:20:36,214 [Worker-21: Launching Executing install in _home_subham_Desktop_Project_spring-docker-demoapp_app1] INFO  o.eclipse.m2e.core.internal.Bundles - 	Entry: /home/subham/Downloads/spring-tools-for-eclipse-4.31.0.RELEASE-e4.36.0-linux.gtk.x86_64/sts-4.31.0.RELEASE/plugins/org.eclipse.m2e.maven.runtime_3.9.900.20250220-2013/jars/wagon-http-3.5.3.jar
2025-09-21 00:20:36,214 [Worker-21: Launching Executing install in _home_subham_Desktop_Project_spring-docker-demoapp_app1] INFO  o.eclipse.m2e.core.internal.Bundles - 	Entry: /home/subham/Downloads/spring-tools-for-eclipse-4.31.0.RELEASE-e4.36.0-linux.gtk.x86_64/sts-4.31.0.RELEASE/plugins/org.eclipse.m2e.maven.runtime_3.9.900.20250220-2013/jars/wagon-http-shared-3.5.3.jar
2025-09-21 00:20:36,214 [Worker-21: Launching Executing install in _home_subham_Desktop_Project_spring-docker-demoapp_app1] INFO  o.eclipse.m2e.core.internal.Bundles - 	Entry: /home/subham/Downloads/spring-tools-for-eclipse-4.31.0.RELEASE-e4.36.0-linux.gtk.x86_64/sts-4.31.0.RELEASE/plugins/org.eclipse.m2e.maven.runtime_3.9.900.20250220-2013/jars/wagon-provider-api-3.5.3.jar
2025-09-21 00:20:36,215 [Worker-21: Launching Executing install in _home_subham_Desktop_Project_spring-docker-demoapp_app1] INFO  o.eclipse.m2e.core.internal.Bundles - getClasspathEntries(Bundle=com.google.guava_33.4.8.jre [31])
2025-09-21 00:20:36,215 [Worker-21: Launching Executing install in _home_subham_Desktop_Project_spring-docker-demoapp_app1] INFO  o.eclipse.m2e.core.internal.Bundles - 	Entry: /home/subham/Downloads/spring-tools-for-eclipse-4.31.0.RELEASE-e4.36.0-linux.gtk.x86_64/sts-4.31.0.RELEASE/plugins/com.google.guava_33.4.8.jre.jar
2025-09-21 00:20:36,215 [Worker-21: Launching Executing install in _home_subham_Desktop_Project_spring-docker-demoapp_app1] INFO  o.eclipse.m2e.core.internal.Bundles - getClasspathEntries(Bundle=slf4j.api_2.0.17 [609])
2025-09-21 00:20:36,215 [Worker-21: Launching Executing install in _home_subham_Desktop_Project_spring-docker-demoapp_app1] INFO  o.eclipse.m2e.core.internal.Bundles - 	Entry: /home/subham/Downloads/spring-tools-for-eclipse-4.31.0.RELEASE-e4.36.0-linux.gtk.x86_64/sts-4.31.0.RELEASE/plugins/slf4j.api_2.0.17.jar
2025-09-21 00:20:36,215 [Worker-21: Launching Executing install in _home_subham_Desktop_Project_spring-docker-demoapp_app1] INFO  o.eclipse.m2e.core.internal.Bundles - getClasspathEntries(Bundle=jakarta.inject.jakarta.inject-api_1.0.5 [46])
2025-09-21 00:20:36,215 [Worker-21: Launching Executing install in _home_subham_Desktop_Project_spring-docker-demoapp_app1] INFO  o.eclipse.m2e.core.internal.Bundles - 	Entry: /home/subham/Downloads/spring-tools-for-eclipse-4.31.0.RELEASE-e4.36.0-linux.gtk.x86_64/sts-4.31.0.RELEASE/plugins/jakarta.inject.jakarta.inject-api_1.0.5.jar
2025-09-21 00:20:36,215 [Worker-21: Launching Executing install in _home_subham_Desktop_Project_spring-docker-demoapp_app1] INFO  o.eclipse.m2e.core.internal.Bundles - getClasspathEntries(Bundle=javax.annotation_1.3.5.v20200909-1856 [55])
2025-09-21 00:20:36,215 [Worker-21: Launching Executing install in _home_subham_Desktop_Project_spring-docker-demoapp_app1] INFO  o.eclipse.m2e.core.internal.Bundles - 	Entry: /home/subham/Downloads/spring-tools-for-eclipse-4.31.0.RELEASE-e4.36.0-linux.gtk.x86_64/sts-4.31.0.RELEASE/plugins/javax.annotation_1.3.5.v20200909-1856.jar
2025-09-21 00:20:36,215 [Worker-21: Launching Executing install in _home_subham_Desktop_Project_spring-docker-demoapp_app1] INFO  o.eclipse.m2e.core.internal.Bundles - getClasspathEntries(Bundle=org.apache.commons.cli_1.9.0 [79])
2025-09-21 00:20:36,215 [Worker-21: Launching Executing install in _home_subham_Desktop_Project_spring-docker-demoapp_app1] INFO  o.eclipse.m2e.core.internal.Bundles - 	Entry: /home/subham/Downloads/spring-tools-for-eclipse-4.31.0.RELEASE-e4.36.0-linux.gtk.x86_64/sts-4.31.0.RELEASE/plugins/org.apache.commons.cli_1.9.0.jar
2025-09-21 00:20:36,215 [Worker-21: Launching Executing install in _home_subham_Desktop_Project_spring-docker-demoapp_app1] INFO  o.eclipse.m2e.core.internal.Bundles - getClasspathEntries(Bundle=org.apache.commons.commons-codec_1.16.0 [81])
2025-09-21 00:20:36,215 [Worker-21: Launching Executing install in _home_subham_Desktop_Project_spring-docker-demoapp_app1] INFO  o.eclipse.m2e.core.internal.Bundles - 	Entry: /home/subham/Downloads/spring-tools-for-eclipse-4.31.0.RELEASE-e4.36.0-linux.gtk.x86_64/sts-4.31.0.RELEASE/plugins/org.apache.commons.commons-codec_1.16.0.jar
2025-09-21 00:20:36,215 [Worker-21: Launching Executing install in _home_subham_Desktop_Project_spring-docker-demoapp_app1] INFO  o.eclipse.m2e.core.internal.Bundles - getClasspathEntries(Bundle=com.google.guava.failureaccess_1.0.3 [32])
2025-09-21 00:20:36,215 [Worker-21: Launching Executing install in _home_subham_Desktop_Project_spring-docker-demoapp_app1] INFO  o.eclipse.m2e.core.internal.Bundles - 	Entry: /home/subham/Downloads/spring-tools-for-eclipse-4.31.0.RELEASE-e4.36.0-linux.gtk.x86_64/sts-4.31.0.RELEASE/plugins/com.google.guava.failureaccess_1.0.3.jar
2025-09-21 00:20:36,215 [Worker-21: Launching Executing install in _home_subham_Desktop_Project_spring-docker-demoapp_app1] INFO  o.e.m.i.launch.MavenLaunchDelegate - Run build in "/home/subham/Desktop/Project/spring-docker-demoapp/app1":
2025-09-21 00:20:36,215 [Worker-21: Launching Executing install in _home_subham_Desktop_Project_spring-docker-demoapp_app1] INFO  o.e.m.i.launch.MavenLaunchDelegate -  mvn  -Ppom.xml -B -Dstyle.color=always install
2025-09-21 00:46:37,264 [Worker-30: Launching Executing clean in _home_subham_Desktop_Project_spring-docker-demoapp_app1] INFO  o.eclipse.m2e.core.internal.Bundles - getClasspathEntries(Bundle=org.eclipse.m2e.maven.runtime_3.9.900.20250220-2013 [361])
2025-09-21 00:46:37,264 [Worker-30: Launching Executing clean in _home_subham_Desktop_Project_spring-docker-demoapp_app1] INFO  o.eclipse.m2e.core.internal.Bundles - 	Entry: /home/subham/Downloads/spring-tools-for-eclipse-4.31.0.RELEASE-e4.36.0-linux.gtk.x86_64/sts-4.31.0.RELEASE/plugins/org.eclipse.m2e.maven.runtime_3.9.900.20250220-2013
2025-09-21 00:46:37,264 [Worker-30: Launching Executing clean in _home_subham_Desktop_Project_spring-docker-demoapp_app1] INFO  o.eclipse.m2e.core.internal.Bundles - 	Entry: /home/subham/Downloads/spring-tools-for-eclipse-4.31.0.RELEASE-e4.36.0-linux.gtk.x86_64/sts-4.31.0.RELEASE/plugins/org.eclipse.m2e.maven.runtime_3.9.900.20250220-2013/jars/aopalliance-1.0.jar
2025-09-21 00:46:37,264 [Worker-30: Launching Executing clean in _home_subham_Desktop_Project_spring-docker-demoapp_app1] INFO  o.eclipse.m2e.core.internal.Bundles - 	Entry: /home/subham/Downloads/spring-tools-for-eclipse-4.31.0.RELEASE-e4.36.0-linux.gtk.x86_64/sts-4.31.0.RELEASE/plugins/org.eclipse.m2e.maven.runtime_3.9.900.20250220-2013/jars/guice-5.1.0.jar
2025-09-21 00:46:37,264 [Worker-30: Launching Executing clean in _home_subham_Desktop_Project_spring-docker-demoapp_app1] INFO  o.eclipse.m2e.core.internal.Bundles - 	Entry: /home/subham/Downloads/spring-tools-for-eclipse-4.31.0.RELEASE-e4.36.0-linux.gtk.x86_64/sts-4.31.0.RELEASE/plugins/org.eclipse.m2e.maven.runtime_3.9.900.20250220-2013/jars/httpclient-4.5.14.jar
2025-09-21 00:46:37,264 [Worker-30: Launching Executing clean in _home_subham_Desktop_Project_spring-docker-demoapp_app1] INFO  o.eclipse.m2e.core.internal.Bundles - 	Entry: /home/subham/Downloads/spring-tools-for-eclipse-4.31.0.RELEASE-e4.36.0-linux.gtk.x86_64/sts-4.31.0.RELEASE/plugins/org.eclipse.m2e.maven.runtime_3.9.900.20250220-2013/jars/httpcore-4.4.16.jar
2025-09-21 00:46:37,264 [Worker-30: Launching Executing clean in _home_subham_Desktop_Project_spring-docker-demoapp_app1] INFO  o.eclipse.m2e.core.internal.Bundles - 	Entry: /home/subham/Downloads/spring-tools-for-eclipse-4.31.0.RELEASE-e4.36.0-linux.gtk.x86_64/sts-4.31.0.RELEASE/plugins/org.eclipse.m2e.maven.runtime_3.9.900.20250220-2013/jars/jansi-2.4.1.jar
2025-09-21 00:46:37,264 [Worker-30: Launching Executing clean in _home_subham_Desktop_Project_spring-docker-demoapp_app1] INFO  o.eclipse.m2e.core.internal.Bundles - 	Entry: /home/subham/Downloads/spring-tools-for-eclipse-4.31.0.RELEASE-e4.36.0-linux.gtk.x86_64/sts-4.31.0.RELEASE/plugins/org.eclipse.m2e.maven.runtime_3.9.900.20250220-2013/jars/jcl-over-slf4j-1.7.36.jar
2025-09-21 00:46:37,264 [Worker-30: Launching Executing clean in _home_subham_Desktop_Project_spring-docker-demoapp_app1] INFO  o.eclipse.m2e.core.internal.Bundles - 	Entry: /home/subham/Downloads/spring-tools-for-eclipse-4.31.0.RELEASE-e4.36.0-linux.gtk.x86_64/sts-4.31.0.RELEASE/plugins/org.eclipse.m2e.maven.runtime_3.9.900.20250220-2013/jars/maven-artifact-3.9.9.jar
2025-09-21 00:46:37,264 [Worker-30: Launching Executing clean in _home_subham_Desktop_Project_spring-docker-demoapp_app1] INFO  o.eclipse.m2e.core.internal.Bundles - 	Entry: /home/subham/Downloads/spring-tools-for-eclipse-4.31.0.RELEASE-e4.36.0-linux.gtk.x86_64/sts-4.31.0.RELEASE/plugins/org.eclipse.m2e.maven.runtime_3.9.900.20250220-2013/jars/maven-builder-support-3.9.9.jar
2025-09-21 00:46:37,264 [Worker-30: Launching Executing clean in _home_subham_Desktop_Project_spring-docker-demoapp_app1] INFO  o.eclipse.m2e.core.internal.Bundles - 	Entry: /home/subham/Downloads/spring-tools-for-eclipse-4.31.0.RELEASE-e4.36.0-linux.gtk.x86_64/sts-4.31.0.RELEASE/plugins/org.eclipse.m2e.maven.runtime_3.9.900.20250220-2013/jars/maven-compat-3.9.9.jar
2025-09-21 00:46:37,264 [Worker-30: Launching Executing clean in _home_subham_Desktop_Project_spring-docker-demoapp_app1] INFO  o.eclipse.m2e.core.internal.Bundles - 	Entry: /home/subham/Downloads/spring-tools-for-eclipse-4.31.0.RELEASE-e4.36.0-linux.gtk.x86_64/sts-4.31.0.RELEASE/plugins/org.eclipse.m2e.maven.runtime_3.9.900.20250220-2013/jars/maven-core-3.9.9.jar
2025-09-21 00:46:37,264 [Worker-30: Launching Executing clean in _home_subham_Desktop_Project_spring-docker-demoapp_app1] INFO  o.eclipse.m2e.core.internal.Bundles - 	Entry: /home/subham/Downloads/spring-tools-for-eclipse-4.31.0.RELEASE-e4.36.0-linux.gtk.x86_64/sts-4.31.0.RELEASE/plugins/org.eclipse.m2e.maven.runtime_3.9.900.20250220-2013/jars/maven-embedder-3.9.9.jar
2025-09-21 00:46:37,264 [Worker-30: Launching Executing clean in _home_subham_Desktop_Project_spring-docker-demoapp_app1] INFO  o.eclipse.m2e.core.internal.Bundles - 	Entry: /home/subham/Downloads/spring-tools-for-eclipse-4.31.0.RELEASE-e4.36.0-linux.gtk.x86_64/sts-4.31.0.RELEASE/plugins/org.eclipse.m2e.maven.runtime_3.9.900.20250220-2013/jars/maven-model-3.9.9.jar
2025-09-21 00:46:37,264 [Worker-30: Launching Executing clean in _home_subham_Desktop_Project_spring-docker-demoapp_app1] INFO  o.eclipse.m2e.core.internal.Bundles - 	Entry: /home/subham/Downloads/spring-tools-for-eclipse-4.31.0.RELEASE-e4.36.0-linux.gtk.x86_64/sts-4.31.0.RELEASE/plugins/org.eclipse.m2e.maven.runtime_3.9.900.20250220-2013/jars/maven-model-builder-3.9.9.jar
2025-09-21 00:46:37,264 [Worker-30: Launching Executing clean in _home_subham_Desktop_Project_spring-docker-demoapp_app1] INFO  o.eclipse.m2e.core.internal.Bundles - 	Entry: /home/subham/Downloads/spring-tools-for-eclipse-4.31.0.RELEASE-e4.36.0-linux.gtk.x86_64/sts-4.31.0.RELEASE/plugins/org.eclipse.m2e.maven.runtime_3.9.900.20250220-2013/jars/maven-plugin-api-3.9.9.jar
2025-09-21 00:46:37,264 [Worker-30: Launching Executing clean in _home_subham_Desktop_Project_spring-docker-demoapp_app1] INFO  o.eclipse.m2e.core.internal.Bundles - 	Entry: /home/subham/Downloads/spring-tools-for-eclipse-4.31.0.RELEASE-e4.36.0-linux.gtk.x86_64/sts-4.31.0.RELEASE/plugins/org.eclipse.m2e.maven.runtime_3.9.900.20250220-2013/jars/maven-repository-metadata-3.9.9.jar
2025-09-21 00:46:37,264 [Worker-30: Launching Executing clean in _home_subham_Desktop_Project_spring-docker-demoapp_app1] INFO  o.eclipse.m2e.core.internal.Bundles - 	Entry: /home/subham/Downloads/spring-tools-for-eclipse-4.31.0.RELEASE-e4.36.0-linux.gtk.x86_64/sts-4.31.0.RELEASE/plugins/org.eclipse.m2e.maven.runtime_3.9.900.20250220-2013/jars/maven-resolver-api-1.9.22.jar
2025-09-21 00:46:37,264 [Worker-30: Launching Executing clean in _home_subham_Desktop_Project_spring-docker-demoapp_app1] INFO  o.eclipse.m2e.core.internal.Bundles - 	Entry: /home/subham/Downloads/spring-tools-for-eclipse-4.31.0.RELEASE-e4.36.0-linux.gtk.x86_64/sts-4.31.0.RELEASE/plugins/org.eclipse.m2e.maven.runtime_3.9.900.20250220-2013/jars/maven-resolver-connector-basic-1.9.22.jar
2025-09-21 00:46:37,264 [Worker-30: Launching Executing clean in _home_subham_Desktop_Project_spring-docker-demoapp_app1] INFO  o.eclipse.m2e.core.internal.Bundles - 	Entry: /home/subham/Downloads/spring-tools-for-eclipse-4.31.0.RELEASE-e4.36.0-linux.gtk.x86_64/sts-4.31.0.RELEASE/plugins/org.eclipse.m2e.maven.runtime_3.9.900.20250220-2013/jars/maven-resolver-impl-1.9.22.jar
2025-09-21 00:46:37,264 [Worker-30: Launching Executing clean in _home_subham_Desktop_Project_spring-docker-demoapp_app1] INFO  o.eclipse.m2e.core.internal.Bundles - 	Entry: /home/subham/Downloads/spring-tools-for-eclipse-4.31.0.RELEASE-e4.36.0-linux.gtk.x86_64/sts-4.31.0.RELEASE/plugins/org.eclipse.m2e.maven.runtime_3.9.900.20250220-2013/jars/maven-resolver-named-locks-1.9.22.jar
2025-09-21 00:46:37,264 [Worker-30: Launching Executing clean in _home_subham_Desktop_Project_spring-docker-demoapp_app1] INFO  o.eclipse.m2e.core.internal.Bundles - 	Entry: /home/subham/Downloads/spring-tools-for-eclipse-4.31.0.RELEASE-e4.36.0-linux.gtk.x86_64/sts-4.31.0.RELEASE/plugins/org.eclipse.m2e.maven.runtime_3.9.900.20250220-2013/jars/maven-resolver-provider-3.9.9.jar
2025-09-21 00:46:37,264 [Worker-30: Launching Executing clean in _home_subham_Desktop_Project_spring-docker-demoapp_app1] INFO  o.eclipse.m2e.core.internal.Bundles - 	Entry: /home/subham/Downloads/spring-tools-for-eclipse-4.31.0.RELEASE-e4.36.0-linux.gtk.x86_64/sts-4.31.0.RELEASE/plugins/org.eclipse.m2e.maven.runtime_3.9.900.20250220-2013/jars/maven-resolver-spi-1.9.22.jar
2025-09-21 00:46:37,264 [Worker-30: Launching Executing clean in _home_subham_Desktop_Project_spring-docker-demoapp_app1] INFO  o.eclipse.m2e.core.internal.Bundles - 	Entry: /home/subham/Downloads/spring-tools-for-eclipse-4.31.0.RELEASE-e4.36.0-linux.gtk.x86_64/sts-4.31.0.RELEASE/plugins/org.eclipse.m2e.maven.runtime_3.9.900.20250220-2013/jars/maven-resolver-transport-file-1.9.22.jar
2025-09-21 00:46:37,264 [Worker-30: Launching Executing clean in _home_subham_Desktop_Project_spring-docker-demoapp_app1] INFO  o.eclipse.m2e.core.internal.Bundles - 	Entry: /home/subham/Downloads/spring-tools-for-eclipse-4.31.0.RELEASE-e4.36.0-linux.gtk.x86_64/sts-4.31.0.RELEASE/plugins/org.eclipse.m2e.maven.runtime_3.9.900.20250220-2013/jars/maven-resolver-transport-http-1.9.22.jar
2025-09-21 00:46:37,264 [Worker-30: Launching Executing clean in _home_subham_Desktop_Project_spring-docker-demoapp_app1] INFO  o.eclipse.m2e.core.internal.Bundles - 	Entry: /home/subham/Downloads/spring-tools-for-eclipse-4.31.0.RELEASE-e4.36.0-linux.gtk.x86_64/sts-4.31.0.RELEASE/plugins/org.eclipse.m2e.maven.runtime_3.9.900.20250220-2013/jars/maven-resolver-transport-wagon-1.9.22.jar
2025-09-21 00:46:37,264 [Worker-30: Launching Executing clean in _home_subham_Desktop_Project_spring-docker-demoapp_app1] INFO  o.eclipse.m2e.core.internal.Bundles - 	Entry: /home/subham/Downloads/spring-tools-for-eclipse-4.31.0.RELEASE-e4.36.0-linux.gtk.x86_64/sts-4.31.0.RELEASE/plugins/org.eclipse.m2e.maven.runtime_3.9.900.20250220-2013/jars/maven-resolver-util-1.9.22.jar
2025-09-21 00:46:37,264 [Worker-30: Launching Executing clean in _home_subham_Desktop_Project_spring-docker-demoapp_app1] INFO  o.eclipse.m2e.core.internal.Bundles - 	Entry: /home/subham/Downloads/spring-tools-for-eclipse-4.31.0.RELEASE-e4.36.0-linux.gtk.x86_64/sts-4.31.0.RELEASE/plugins/org.eclipse.m2e.maven.runtime_3.9.900.20250220-2013/jars/maven-settings-3.9.9.jar
2025-09-21 00:46:37,264 [Worker-30: Launching Executing clean in _home_subham_Desktop_Project_spring-docker-demoapp_app1] INFO  o.eclipse.m2e.core.internal.Bundles - 	Entry: /home/subham/Downloads/spring-tools-for-eclipse-4.31.0.RELEASE-e4.36.0-linux.gtk.x86_64/sts-4.31.0.RELEASE/plugins/org.eclipse.m2e.maven.runtime_3.9.900.20250220-2013/jars/maven-settings-builder-3.9.9.jar
2025-09-21 00:46:37,264 [Worker-30: Launching Executing clean in _home_subham_Desktop_Project_spring-docker-demoapp_app1] INFO  o.eclipse.m2e.core.internal.Bundles - 	Entry: /home/subham/Downloads/spring-tools-for-eclipse-4.31.0.RELEASE-e4.36.0-linux.gtk.x86_64/sts-4.31.0.RELEASE/plugins/org.eclipse.m2e.maven.runtime_3.9.900.20250220-2013/jars/maven-shared-utils-3.4.2.jar
2025-09-21 00:46:37,264 [Worker-30: Launching Executing clean in _home_subham_Desktop_Project_spring-docker-demoapp_app1] INFO  o.eclipse.m2e.core.internal.Bundles - 	Entry: /home/subham/Downloads/spring-tools-for-eclipse-4.31.0.RELEASE-e4.36.0-linux.gtk.x86_64/sts-4.31.0.RELEASE/plugins/org.eclipse.m2e.maven.runtime_3.9.900.20250220-2013/jars/org.eclipse.sisu.inject-0.9.0.M3.jar
2025-09-21 00:46:37,264 [Worker-30: Launching Executing clean in _home_subham_Desktop_Project_spring-docker-demoapp_app1] INFO  o.eclipse.m2e.core.internal.Bundles - 	Entry: /home/subham/Downloads/spring-tools-for-eclipse-4.31.0.RELEASE-e4.36.0-linux.gtk.x86_64/sts-4.31.0.RELEASE/plugins/org.eclipse.m2e.maven.runtime_3.9.900.20250220-2013/jars/org.eclipse.sisu.plexus-0.9.0.M3.jar
2025-09-21 00:46:37,264 [Worker-30: Launching Executing clean in _home_subham_Desktop_Project_spring-docker-demoapp_app1] INFO  o.eclipse.m2e.core.internal.Bundles - 	Entry: /home/subham/Downloads/spring-tools-for-eclipse-4.31.0.RELEASE-e4.36.0-linux.gtk.x86_64/sts-4.31.0.RELEASE/plugins/org.eclipse.m2e.maven.runtime_3.9.900.20250220-2013/jars/plexus-build-api-0.0.7.jar
2025-09-21 00:46:37,264 [Worker-30: Launching Executing clean in _home_subham_Desktop_Project_spring-docker-demoapp_app1] INFO  o.eclipse.m2e.core.internal.Bundles - 	Entry: /home/subham/Downloads/spring-tools-for-eclipse-4.31.0.RELEASE-e4.36.0-linux.gtk.x86_64/sts-4.31.0.RELEASE/plugins/org.eclipse.m2e.maven.runtime_3.9.900.20250220-2013/jars/plexus-build-api-1.2.0.jar
2025-09-21 00:46:37,264 [Worker-30: Launching Executing clean in _home_subham_Desktop_Project_spring-docker-demoapp_app1] INFO  o.eclipse.m2e.core.internal.Bundles - 	Entry: /home/subham/Downloads/spring-tools-for-eclipse-4.31.0.RELEASE-e4.36.0-linux.gtk.x86_64/sts-4.31.0.RELEASE/plugins/org.eclipse.m2e.maven.runtime_3.9.900.20250220-2013/jars/plexus-cipher-2.0.jar
2025-09-21 00:46:37,264 [Worker-30: Launching Executing clean in _home_subham_Desktop_Project_spring-docker-demoapp_app1] INFO  o.eclipse.m2e.core.internal.Bundles - 	Entry: /home/subham/Downloads/spring-tools-for-eclipse-4.31.0.RELEASE-e4.36.0-linux.gtk.x86_64/sts-4.31.0.RELEASE/plugins/org.eclipse.m2e.maven.runtime_3.9.900.20250220-2013/jars/plexus-classworlds-2.8.0.jar
2025-09-21 00:46:37,264 [Worker-30: Launching Executing clean in _home_subham_Desktop_Project_spring-docker-demoapp_app1] INFO  o.eclipse.m2e.core.internal.Bundles - 	Entry: /home/subham/Downloads/spring-tools-for-eclipse-4.31.0.RELEASE-e4.36.0-linux.gtk.x86_64/sts-4.31.0.RELEASE/plugins/org.eclipse.m2e.maven.runtime_3.9.900.20250220-2013/jars/plexus-component-annotations-2.1.0.jar
2025-09-21 00:46:37,264 [Worker-30: Launching Executing clean in _home_subham_Desktop_Project_spring-docker-demoapp_app1] INFO  o.eclipse.m2e.core.internal.Bundles - 	Entry: /home/subham/Downloads/spring-tools-for-eclipse-4.31.0.RELEASE-e4.36.0-linux.gtk.x86_64/sts-4.31.0.RELEASE/plugins/org.eclipse.m2e.maven.runtime_3.9.900.20250220-2013/jars/plexus-interpolation-1.27.jar
2025-09-21 00:46:37,264 [Worker-30: Launching Executing clean in _home_subham_Desktop_Project_spring-docker-demoapp_app1] INFO  o.eclipse.m2e.core.internal.Bundles - 	Entry: /home/subham/Downloads/spring-tools-for-eclipse-4.31.0.RELEASE-e4.36.0-linux.gtk.x86_64/sts-4.31.0.RELEASE/plugins/org.eclipse.m2e.maven.runtime_3.9.900.20250220-2013/jars/plexus-sec-dispatcher-2.0.jar
2025-09-21 00:46:37,264 [Worker-30: Launching Executing clean in _home_subham_Desktop_Project_spring-docker-demoapp_app1] INFO  o.eclipse.m2e.core.internal.Bundles - 	Entry: /home/subham/Downloads/spring-tools-for-eclipse-4.31.0.RELEASE-e4.36.0-linux.gtk.x86_64/sts-4.31.0.RELEASE/plugins/org.eclipse.m2e.maven.runtime_3.9.900.20250220-2013/jars/plexus-utils-3.5.1.jar
2025-09-21 00:46:37,264 [Worker-30: Launching Executing clean in _home_subham_Desktop_Project_spring-docker-demoapp_app1] INFO  o.eclipse.m2e.core.internal.Bundles - 	Entry: /home/subham/Downloads/spring-tools-for-eclipse-4.31.0.RELEASE-e4.36.0-linux.gtk.x86_64/sts-4.31.0.RELEASE/plugins/org.eclipse.m2e.maven.runtime_3.9.900.20250220-2013/jars/plexus-xml-3.0.1.jar
2025-09-21 00:46:37,264 [Worker-30: Launching Executing clean in _home_subham_Desktop_Project_spring-docker-demoapp_app1] INFO  o.eclipse.m2e.core.internal.Bundles - 	Entry: /home/subham/Downloads/spring-tools-for-eclipse-4.31.0.RELEASE-e4.36.0-linux.gtk.x86_64/sts-4.31.0.RELEASE/plugins/org.eclipse.m2e.maven.runtime_3.9.900.20250220-2013/jars/wagon-file-3.5.3.jar
2025-09-21 00:46:37,264 [Worker-30: Launching Executing clean in _home_subham_Desktop_Project_spring-docker-demoapp_app1] INFO  o.eclipse.m2e.core.internal.Bundles - 	Entry: /home/subham/Downloads/spring-tools-for-eclipse-4.31.0.RELEASE-e4.36.0-linux.gtk.x86_64/sts-4.31.0.RELEASE/plugins/org.eclipse.m2e.maven.runtime_3.9.900.20250220-2013/jars/wagon-http-3.5.3.jar
2025-09-21 00:46:37,264 [Worker-30: Launching Executing clean in _home_subham_Desktop_Project_spring-docker-demoapp_app1] INFO  o.eclipse.m2e.core.internal.Bundles - 	Entry: /home/subham/Downloads/spring-tools-for-eclipse-4.31.0.RELEASE-e4.36.0-linux.gtk.x86_64/sts-4.31.0.RELEASE/plugins/org.eclipse.m2e.maven.runtime_3.9.900.20250220-2013/jars/wagon-http-shared-3.5.3.jar
2025-09-21 00:46:37,264 [Worker-30: Launching Executing clean in _home_subham_Desktop_Project_spring-docker-demoapp_app1] INFO  o.eclipse.m2e.core.internal.Bundles - 	Entry: /home/subham/Downloads/spring-tools-for-eclipse-4.31.0.RELEASE-e4.36.0-linux.gtk.x86_64/sts-4.31.0.RELEASE/plugins/org.eclipse.m2e.maven.runtime_3.9.900.20250220-2013/jars/wagon-provider-api-3.5.3.jar
2025-09-21 00:46:37,264 [Worker-30: Launching Executing clean in _home_subham_Desktop_Project_spring-docker-demoapp_app1] INFO  o.eclipse.m2e.core.internal.Bundles - getClasspathEntries(Bundle=com.google.guava_33.4.8.jre [31])
2025-09-21 00:46:37,265 [Worker-30: Launching Executing clean in _home_subham_Desktop_Project_spring-docker-demoapp_app1] INFO  o.eclipse.m2e.core.internal.Bundles - 	Entry: /home/subham/Downloads/spring-tools-for-eclipse-4.31.0.RELEASE-e4.36.0-linux.gtk.x86_64/sts-4.31.0.RELEASE/plugins/com.google.guava_33.4.8.jre.jar
2025-09-21 00:46:37,265 [Worker-30: Launching Executing clean in _home_subham_Desktop_Project_spring-docker-demoapp_app1] INFO  o.eclipse.m2e.core.internal.Bundles - getClasspathEntries(Bundle=slf4j.api_2.0.17 [609])
2025-09-21 00:46:37,265 [Worker-30: Launching Executing clean in _home_subham_Desktop_Project_spring-docker-demoapp_app1] INFO  o.eclipse.m2e.core.internal.Bundles - 	Entry: /home/subham/Downloads/spring-tools-for-eclipse-4.31.0.RELEASE-e4.36.0-linux.gtk.x86_64/sts-4.31.0.RELEASE/plugins/slf4j.api_2.0.17.jar
2025-09-21 00:46:37,265 [Worker-30: Launching Executing clean in _home_subham_Desktop_Project_spring-docker-demoapp_app1] INFO  o.eclipse.m2e.core.internal.Bundles - getClasspathEntries(Bundle=jakarta.inject.jakarta.inject-api_1.0.5 [46])
2025-09-21 00:46:37,265 [Worker-30: Launching Executing clean in _home_subham_Desktop_Project_spring-docker-demoapp_app1] INFO  o.eclipse.m2e.core.internal.Bundles - 	Entry: /home/subham/Downloads/spring-tools-for-eclipse-4.31.0.RELEASE-e4.36.0-linux.gtk.x86_64/sts-4.31.0.RELEASE/plugins/jakarta.inject.jakarta.inject-api_1.0.5.jar
2025-09-21 00:46:37,265 [Worker-30: Launching Executing clean in _home_subham_Desktop_Project_spring-docker-demoapp_app1] INFO  o.eclipse.m2e.core.internal.Bundles - getClasspathEntries(Bundle=javax.annotation_1.3.5.v20200909-1856 [55])
2025-09-21 00:46:37,265 [Worker-30: Launching Executing clean in _home_subham_Desktop_Project_spring-docker-demoapp_app1] INFO  o.eclipse.m2e.core.internal.Bundles - 	Entry: /home/subham/Downloads/spring-tools-for-eclipse-4.31.0.RELEASE-e4.36.0-linux.gtk.x86_64/sts-4.31.0.RELEASE/plugins/javax.annotation_1.3.5.v20200909-1856.jar
2025-09-21 00:46:37,265 [Worker-30: Launching Executing clean in _home_subham_Desktop_Project_spring-docker-demoapp_app1] INFO  o.eclipse.m2e.core.internal.Bundles - getClasspathEntries(Bundle=org.apache.commons.cli_1.9.0 [79])
2025-09-21 00:46:37,265 [Worker-30: Launching Executing clean in _home_subham_Desktop_Project_spring-docker-demoapp_app1] INFO  o.eclipse.m2e.core.internal.Bundles - 	Entry: /home/subham/Downloads/spring-tools-for-eclipse-4.31.0.RELEASE-e4.36.0-linux.gtk.x86_64/sts-4.31.0.RELEASE/plugins/org.apache.commons.cli_1.9.0.jar
2025-09-21 00:46:37,265 [Worker-30: Launching Executing clean in _home_subham_Desktop_Project_spring-docker-demoapp_app1] INFO  o.eclipse.m2e.core.internal.Bundles - getClasspathEntries(Bundle=org.apache.commons.commons-codec_1.16.0 [81])
2025-09-21 00:46:37,265 [Worker-30: Launching Executing clean in _home_subham_Desktop_Project_spring-docker-demoapp_app1] INFO  o.eclipse.m2e.core.internal.Bundles - 	Entry: /home/subham/Downloads/spring-tools-for-eclipse-4.31.0.RELEASE-e4.36.0-linux.gtk.x86_64/sts-4.31.0.RELEASE/plugins/org.apache.commons.commons-codec_1.16.0.jar
2025-09-21 00:46:37,265 [Worker-30: Launching Executing clean in _home_subham_Desktop_Project_spring-docker-demoapp_app1] INFO  o.eclipse.m2e.core.internal.Bundles - getClasspathEntries(Bundle=com.google.guava.failureaccess_1.0.3 [32])
2025-09-21 00:46:37,265 [Worker-30: Launching Executing clean in _home_subham_Desktop_Project_spring-docker-demoapp_app1] INFO  o.eclipse.m2e.core.internal.Bundles - 	Entry: /home/subham/Downloads/spring-tools-for-eclipse-4.31.0.RELEASE-e4.36.0-linux.gtk.x86_64/sts-4.31.0.RELEASE/plugins/com.google.guava.failureaccess_1.0.3.jar
2025-09-21 00:46:37,265 [Worker-30: Launching Executing clean in _home_subham_Desktop_Project_spring-docker-demoapp_app1] INFO  o.e.m.i.launch.MavenLaunchDelegate - Run build in "/home/subham/Desktop/Project/spring-docker-demoapp/app1":
2025-09-21 00:46:37,265 [Worker-30: Launching Executing clean in _home_subham_Desktop_Project_spring-docker-demoapp_app1] INFO  o.e.m.i.launch.MavenLaunchDelegate -  mvn  -Ppom.xml -B -Dstyle.color=always clean
2025-09-21 00:46:42,605 [Worker-32: Launching Executing clean in _home_subham_Desktop_Project_spring-docker-demoapp_app2] INFO  o.eclipse.m2e.core.internal.Bundles - getClasspathEntries(Bundle=org.eclipse.m2e.maven.runtime_3.9.900.20250220-2013 [361])
2025-09-21 00:46:42,605 [Worker-32: Launching Executing clean in _home_subham_Desktop_Project_spring-docker-demoapp_app2] INFO  o.eclipse.m2e.core.internal.Bundles - 	Entry: /home/subham/Downloads/spring-tools-for-eclipse-4.31.0.RELEASE-e4.36.0-linux.gtk.x86_64/sts-4.31.0.RELEASE/plugins/org.eclipse.m2e.maven.runtime_3.9.900.20250220-2013
2025-09-21 00:46:42,605 [Worker-32: Launching Executing clean in _home_subham_Desktop_Project_spring-docker-demoapp_app2] INFO  o.eclipse.m2e.core.internal.Bundles - 	Entry: /home/subham/Downloads/spring-tools-for-eclipse-4.31.0.RELEASE-e4.36.0-linux.gtk.x86_64/sts-4.31.0.RELEASE/plugins/org.eclipse.m2e.maven.runtime_3.9.900.20250220-2013/jars/aopalliance-1.0.jar
2025-09-21 00:46:42,605 [Worker-32: Launching Executing clean in _home_subham_Desktop_Project_spring-docker-demoapp_app2] INFO  o.eclipse.m2e.core.internal.Bundles - 	Entry: /home/subham/Downloads/spring-tools-for-eclipse-4.31.0.RELEASE-e4.36.0-linux.gtk.x86_64/sts-4.31.0.RELEASE/plugins/org.eclipse.m2e.maven.runtime_3.9.900.20250220-2013/jars/guice-5.1.0.jar
2025-09-21 00:46:42,605 [Worker-32: Launching Executing clean in _home_subham_Desktop_Project_spring-docker-demoapp_app2] INFO  o.eclipse.m2e.core.internal.Bundles - 	Entry: /home/subham/Downloads/spring-tools-for-eclipse-4.31.0.RELEASE-e4.36.0-linux.gtk.x86_64/sts-4.31.0.RELEASE/plugins/org.eclipse.m2e.maven.runtime_3.9.900.20250220-2013/jars/httpclient-4.5.14.jar
2025-09-21 00:46:42,605 [Worker-32: Launching Executing clean in _home_subham_Desktop_Project_spring-docker-demoapp_app2] INFO  o.eclipse.m2e.core.internal.Bundles - 	Entry: /home/subham/Downloads/spring-tools-for-eclipse-4.31.0.RELEASE-e4.36.0-linux.gtk.x86_64/sts-4.31.0.RELEASE/plugins/org.eclipse.m2e.maven.runtime_3.9.900.20250220-2013/jars/httpcore-4.4.16.jar
2025-09-21 00:46:42,605 [Worker-32: Launching Executing clean in _home_subham_Desktop_Project_spring-docker-demoapp_app2] INFO  o.eclipse.m2e.core.internal.Bundles - 	Entry: /home/subham/Downloads/spring-tools-for-eclipse-4.31.0.RELEASE-e4.36.0-linux.gtk.x86_64/sts-4.31.0.RELEASE/plugins/org.eclipse.m2e.maven.runtime_3.9.900.20250220-2013/jars/jansi-2.4.1.jar
2025-09-21 00:46:42,605 [Worker-32: Launching Executing clean in _home_subham_Desktop_Project_spring-docker-demoapp_app2] INFO  o.eclipse.m2e.core.internal.Bundles - 	Entry: /home/subham/Downloads/spring-tools-for-eclipse-4.31.0.RELEASE-e4.36.0-linux.gtk.x86_64/sts-4.31.0.RELEASE/plugins/org.eclipse.m2e.maven.runtime_3.9.900.20250220-2013/jars/jcl-over-slf4j-1.7.36.jar
2025-09-21 00:46:42,605 [Worker-32: Launching Executing clean in _home_subham_Desktop_Project_spring-docker-demoapp_app2] INFO  o.eclipse.m2e.core.internal.Bundles - 	Entry: /home/subham/Downloads/spring-tools-for-eclipse-4.31.0.RELEASE-e4.36.0-linux.gtk.x86_64/sts-4.31.0.RELEASE/plugins/org.eclipse.m2e.maven.runtime_3.9.900.20250220-2013/jars/maven-artifact-3.9.9.jar
2025-09-21 00:46:42,605 [Worker-32: Launching Executing clean in _home_subham_Desktop_Project_spring-docker-demoapp_app2] INFO  o.eclipse.m2e.core.internal.Bundles - 	Entry: /home/subham/Downloads/spring-tools-for-eclipse-4.31.0.RELEASE-e4.36.0-linux.gtk.x86_64/sts-4.31.0.RELEASE/plugins/org.eclipse.m2e.maven.runtime_3.9.900.20250220-2013/jars/maven-builder-support-3.9.9.jar
2025-09-21 00:46:42,605 [Worker-32: Launching Executing clean in _home_subham_Desktop_Project_spring-docker-demoapp_app2] INFO  o.eclipse.m2e.core.internal.Bundles - 	Entry: /home/subham/Downloads/spring-tools-for-eclipse-4.31.0.RELEASE-e4.36.0-linux.gtk.x86_64/sts-4.31.0.RELEASE/plugins/org.eclipse.m2e.maven.runtime_3.9.900.20250220-2013/jars/maven-compat-3.9.9.jar
2025-09-21 00:46:42,605 [Worker-32: Launching Executing clean in _home_subham_Desktop_Project_spring-docker-demoapp_app2] INFO  o.eclipse.m2e.core.internal.Bundles - 	Entry: /home/subham/Downloads/spring-tools-for-eclipse-4.31.0.RELEASE-e4.36.0-linux.gtk.x86_64/sts-4.31.0.RELEASE/plugins/org.eclipse.m2e.maven.runtime_3.9.900.20250220-2013/jars/maven-core-3.9.9.jar
2025-09-21 00:46:42,605 [Worker-32: Launching Executing clean in _home_subham_Desktop_Project_spring-docker-demoapp_app2] INFO  o.eclipse.m2e.core.internal.Bundles - 	Entry: /home/subham/Downloads/spring-tools-for-eclipse-4.31.0.RELEASE-e4.36.0-linux.gtk.x86_64/sts-4.31.0.RELEASE/plugins/org.eclipse.m2e.maven.runtime_3.9.900.20250220-2013/jars/maven-embedder-3.9.9.jar
2025-09-21 00:46:42,605 [Worker-32: Launching Executing clean in _home_subham_Desktop_Project_spring-docker-demoapp_app2] INFO  o.eclipse.m2e.core.internal.Bundles - 	Entry: /home/subham/Downloads/spring-tools-for-eclipse-4.31.0.RELEASE-e4.36.0-linux.gtk.x86_64/sts-4.31.0.RELEASE/plugins/org.eclipse.m2e.maven.runtime_3.9.900.20250220-2013/jars/maven-model-3.9.9.jar
2025-09-21 00:46:42,605 [Worker-32: Launching Executing clean in _home_subham_Desktop_Project_spring-docker-demoapp_app2] INFO  o.eclipse.m2e.core.internal.Bundles - 	Entry: /home/subham/Downloads/spring-tools-for-eclipse-4.31.0.RELEASE-e4.36.0-linux.gtk.x86_64/sts-4.31.0.RELEASE/plugins/org.eclipse.m2e.maven.runtime_3.9.900.20250220-2013/jars/maven-model-builder-3.9.9.jar
2025-09-21 00:46:42,605 [Worker-32: Launching Executing clean in _home_subham_Desktop_Project_spring-docker-demoapp_app2] INFO  o.eclipse.m2e.core.internal.Bundles - 	Entry: /home/subham/Downloads/spring-tools-for-eclipse-4.31.0.RELEASE-e4.36.0-linux.gtk.x86_64/sts-4.31.0.RELEASE/plugins/org.eclipse.m2e.maven.runtime_3.9.900.20250220-2013/jars/maven-plugin-api-3.9.9.jar
2025-09-21 00:46:42,605 [Worker-32: Launching Executing clean in _home_subham_Desktop_Project_spring-docker-demoapp_app2] INFO  o.eclipse.m2e.core.internal.Bundles - 	Entry: /home/subham/Downloads/spring-tools-for-eclipse-4.31.0.RELEASE-e4.36.0-linux.gtk.x86_64/sts-4.31.0.RELEASE/plugins/org.eclipse.m2e.maven.runtime_3.9.900.20250220-2013/jars/maven-repository-metadata-3.9.9.jar
2025-09-21 00:46:42,605 [Worker-32: Launching Executing clean in _home_subham_Desktop_Project_spring-docker-demoapp_app2] INFO  o.eclipse.m2e.core.internal.Bundles - 	Entry: /home/subham/Downloads/spring-tools-for-eclipse-4.31.0.RELEASE-e4.36.0-linux.gtk.x86_64/sts-4.31.0.RELEASE/plugins/org.eclipse.m2e.maven.runtime_3.9.900.20250220-2013/jars/maven-resolver-api-1.9.22.jar
2025-09-21 00:46:42,605 [Worker-32: Launching Executing clean in _home_subham_Desktop_Project_spring-docker-demoapp_app2] INFO  o.eclipse.m2e.core.internal.Bundles - 	Entry: /home/subham/Downloads/spring-tools-for-eclipse-4.31.0.RELEASE-e4.36.0-linux.gtk.x86_64/sts-4.31.0.RELEASE/plugins/org.eclipse.m2e.maven.runtime_3.9.900.20250220-2013/jars/maven-resolver-connector-basic-1.9.22.jar
2025-09-21 00:46:42,605 [Worker-32: Launching Executing clean in _home_subham_Desktop_Project_spring-docker-demoapp_app2] INFO  o.eclipse.m2e.core.internal.Bundles - 	Entry: /home/subham/Downloads/spring-tools-for-eclipse-4.31.0.RELEASE-e4.36.0-linux.gtk.x86_64/sts-4.31.0.RELEASE/plugins/org.eclipse.m2e.maven.runtime_3.9.900.20250220-2013/jars/maven-resolver-impl-1.9.22.jar
2025-09-21 00:46:42,605 [Worker-32: Launching Executing clean in _home_subham_Desktop_Project_spring-docker-demoapp_app2] INFO  o.eclipse.m2e.core.internal.Bundles - 	Entry: /home/subham/Downloads/spring-tools-for-eclipse-4.31.0.RELEASE-e4.36.0-linux.gtk.x86_64/sts-4.31.0.RELEASE/plugins/org.eclipse.m2e.maven.runtime_3.9.900.20250220-2013/jars/maven-resolver-named-locks-1.9.22.jar
2025-09-21 00:46:42,605 [Worker-32: Launching Executing clean in _home_subham_Desktop_Project_spring-docker-demoapp_app2] INFO  o.eclipse.m2e.core.internal.Bundles - 	Entry: /home/subham/Downloads/spring-tools-for-eclipse-4.31.0.RELEASE-e4.36.0-linux.gtk.x86_64/sts-4.31.0.RELEASE/plugins/org.eclipse.m2e.maven.runtime_3.9.900.20250220-2013/jars/maven-resolver-provider-3.9.9.jar
2025-09-21 00:46:42,605 [Worker-32: Launching Executing clean in _home_subham_Desktop_Project_spring-docker-demoapp_app2] INFO  o.eclipse.m2e.core.internal.Bundles - 	Entry: /home/subham/Downloads/spring-tools-for-eclipse-4.31.0.RELEASE-e4.36.0-linux.gtk.x86_64/sts-4.31.0.RELEASE/plugins/org.eclipse.m2e.maven.runtime_3.9.900.20250220-2013/jars/maven-resolver-spi-1.9.22.jar
2025-09-21 00:46:42,605 [Worker-32: Launching Executing clean in _home_subham_Desktop_Project_spring-docker-demoapp_app2] INFO  o.eclipse.m2e.core.internal.Bundles - 	Entry: /home/subham/Downloads/spring-tools-for-eclipse-4.31.0.RELEASE-e4.36.0-linux.gtk.x86_64/sts-4.31.0.RELEASE/plugins/org.eclipse.m2e.maven.runtime_3.9.900.20250220-2013/jars/maven-resolver-transport-file-1.9.22.jar
2025-09-21 00:46:42,605 [Worker-32: Launching Executing clean in _home_subham_Desktop_Project_spring-docker-demoapp_app2] INFO  o.eclipse.m2e.core.internal.Bundles - 	Entry: /home/subham/Downloads/spring-tools-for-eclipse-4.31.0.RELEASE-e4.36.0-linux.gtk.x86_64/sts-4.31.0.RELEASE/plugins/org.eclipse.m2e.maven.runtime_3.9.900.20250220-2013/jars/maven-resolver-transport-http-1.9.22.jar
2025-09-21 00:46:42,606 [Worker-32: Launching Executing clean in _home_subham_Desktop_Project_spring-docker-demoapp_app2] INFO  o.eclipse.m2e.core.internal.Bundles - 	Entry: /home/subham/Downloads/spring-tools-for-eclipse-4.31.0.RELEASE-e4.36.0-linux.gtk.x86_64/sts-4.31.0.RELEASE/plugins/org.eclipse.m2e.maven.runtime_3.9.900.20250220-2013/jars/maven-resolver-transport-wagon-1.9.22.jar
2025-09-21 00:46:42,606 [Worker-32: Launching Executing clean in _home_subham_Desktop_Project_spring-docker-demoapp_app2] INFO  o.eclipse.m2e.core.internal.Bundles - 	Entry: /home/subham/Downloads/spring-tools-for-eclipse-4.31.0.RELEASE-e4.36.0-linux.gtk.x86_64/sts-4.31.0.RELEASE/plugins/org.eclipse.m2e.maven.runtime_3.9.900.20250220-2013/jars/maven-resolver-util-1.9.22.jar
2025-09-21 00:46:42,606 [Worker-32: Launching Executing clean in _home_subham_Desktop_Project_spring-docker-demoapp_app2] INFO  o.eclipse.m2e.core.internal.Bundles - 	Entry: /home/subham/Downloads/spring-tools-for-eclipse-4.31.0.RELEASE-e4.36.0-linux.gtk.x86_64/sts-4.31.0.RELEASE/plugins/org.eclipse.m2e.maven.runtime_3.9.900.20250220-2013/jars/maven-settings-3.9.9.jar
2025-09-21 00:46:42,606 [Worker-32: Launching Executing clean in _home_subham_Desktop_Project_spring-docker-demoapp_app2] INFO  o.eclipse.m2e.core.internal.Bundles - 	Entry: /home/subham/Downloads/spring-tools-for-eclipse-4.31.0.RELEASE-e4.36.0-linux.gtk.x86_64/sts-4.31.0.RELEASE/plugins/org.eclipse.m2e.maven.runtime_3.9.900.20250220-2013/jars/maven-settings-builder-3.9.9.jar
2025-09-21 00:46:42,606 [Worker-32: Launching Executing clean in _home_subham_Desktop_Project_spring-docker-demoapp_app2] INFO  o.eclipse.m2e.core.internal.Bundles - 	Entry: /home/subham/Downloads/spring-tools-for-eclipse-4.31.0.RELEASE-e4.36.0-linux.gtk.x86_64/sts-4.31.0.RELEASE/plugins/org.eclipse.m2e.maven.runtime_3.9.900.20250220-2013/jars/maven-shared-utils-3.4.2.jar
2025-09-21 00:46:42,606 [Worker-32: Launching Executing clean in _home_subham_Desktop_Project_spring-docker-demoapp_app2] INFO  o.eclipse.m2e.core.internal.Bundles - 	Entry: /home/subham/Downloads/spring-tools-for-eclipse-4.31.0.RELEASE-e4.36.0-linux.gtk.x86_64/sts-4.31.0.RELEASE/plugins/org.eclipse.m2e.maven.runtime_3.9.900.20250220-2013/jars/org.eclipse.sisu.inject-0.9.0.M3.jar
2025-09-21 00:46:42,606 [Worker-32: Launching Executing clean in _home_subham_Desktop_Project_spring-docker-demoapp_app2] INFO  o.eclipse.m2e.core.internal.Bundles - 	Entry: /home/subham/Downloads/spring-tools-for-eclipse-4.31.0.RELEASE-e4.36.0-linux.gtk.x86_64/sts-4.31.0.RELEASE/plugins/org.eclipse.m2e.maven.runtime_3.9.900.20250220-2013/jars/org.eclipse.sisu.plexus-0.9.0.M3.jar
2025-09-21 00:46:42,606 [Worker-32: Launching Executing clean in _home_subham_Desktop_Project_spring-docker-demoapp_app2] INFO  o.eclipse.m2e.core.internal.Bundles - 	Entry: /home/subham/Downloads/spring-tools-for-eclipse-4.31.0.RELEASE-e4.36.0-linux.gtk.x86_64/sts-4.31.0.RELEASE/plugins/org.eclipse.m2e.maven.runtime_3.9.900.20250220-2013/jars/plexus-build-api-0.0.7.jar
2025-09-21 00:46:42,606 [Worker-32: Launching Executing clean in _home_subham_Desktop_Project_spring-docker-demoapp_app2] INFO  o.eclipse.m2e.core.internal.Bundles - 	Entry: /home/subham/Downloads/spring-tools-for-eclipse-4.31.0.RELEASE-e4.36.0-linux.gtk.x86_64/sts-4.31.0.RELEASE/plugins/org.eclipse.m2e.maven.runtime_3.9.900.20250220-2013/jars/plexus-build-api-1.2.0.jar
2025-09-21 00:46:42,606 [Worker-32: Launching Executing clean in _home_subham_Desktop_Project_spring-docker-demoapp_app2] INFO  o.eclipse.m2e.core.internal.Bundles - 	Entry: /home/subham/Downloads/spring-tools-for-eclipse-4.31.0.RELEASE-e4.36.0-linux.gtk.x86_64/sts-4.31.0.RELEASE/plugins/org.eclipse.m2e.maven.runtime_3.9.900.20250220-2013/jars/plexus-cipher-2.0.jar
2025-09-21 00:46:42,606 [Worker-32: Launching Executing clean in _home_subham_Desktop_Project_spring-docker-demoapp_app2] INFO  o.eclipse.m2e.core.internal.Bundles - 	Entry: /home/subham/Downloads/spring-tools-for-eclipse-4.31.0.RELEASE-e4.36.0-linux.gtk.x86_64/sts-4.31.0.RELEASE/plugins/org.eclipse.m2e.maven.runtime_3.9.900.20250220-2013/jars/plexus-classworlds-2.8.0.jar
2025-09-21 00:46:42,606 [Worker-32: Launching Executing clean in _home_subham_Desktop_Project_spring-docker-demoapp_app2] INFO  o.eclipse.m2e.core.internal.Bundles - 	Entry: /home/subham/Downloads/spring-tools-for-eclipse-4.31.0.RELEASE-e4.36.0-linux.gtk.x86_64/sts-4.31.0.RELEASE/plugins/org.eclipse.m2e.maven.runtime_3.9.900.20250220-2013/jars/plexus-component-annotations-2.1.0.jar
2025-09-21 00:46:42,606 [Worker-32: Launching Executing clean in _home_subham_Desktop_Project_spring-docker-demoapp_app2] INFO  o.eclipse.m2e.core.internal.Bundles - 	Entry: /home/subham/Downloads/spring-tools-for-eclipse-4.31.0.RELEASE-e4.36.0-linux.gtk.x86_64/sts-4.31.0.RELEASE/plugins/org.eclipse.m2e.maven.runtime_3.9.900.20250220-2013/jars/plexus-interpolation-1.27.jar
2025-09-21 00:46:42,606 [Worker-32: Launching Executing clean in _home_subham_Desktop_Project_spring-docker-demoapp_app2] INFO  o.eclipse.m2e.core.internal.Bundles - 	Entry: /home/subham/Downloads/spring-tools-for-eclipse-4.31.0.RELEASE-e4.36.0-linux.gtk.x86_64/sts-4.31.0.RELEASE/plugins/org.eclipse.m2e.maven.runtime_3.9.900.20250220-2013/jars/plexus-sec-dispatcher-2.0.jar
2025-09-21 00:46:42,606 [Worker-32: Launching Executing clean in _home_subham_Desktop_Project_spring-docker-demoapp_app2] INFO  o.eclipse.m2e.core.internal.Bundles - 	Entry: /home/subham/Downloads/spring-tools-for-eclipse-4.31.0.RELEASE-e4.36.0-linux.gtk.x86_64/sts-4.31.0.RELEASE/plugins/org.eclipse.m2e.maven.runtime_3.9.900.20250220-2013/jars/plexus-utils-3.5.1.jar
2025-09-21 00:46:42,606 [Worker-32: Launching Executing clean in _home_subham_Desktop_Project_spring-docker-demoapp_app2] INFO  o.eclipse.m2e.core.internal.Bundles - 	Entry: /home/subham/Downloads/spring-tools-for-eclipse-4.31.0.RELEASE-e4.36.0-linux.gtk.x86_64/sts-4.31.0.RELEASE/plugins/org.eclipse.m2e.maven.runtime_3.9.900.20250220-2013/jars/plexus-xml-3.0.1.jar
2025-09-21 00:46:42,606 [Worker-32: Launching Executing clean in _home_subham_Desktop_Project_spring-docker-demoapp_app2] INFO  o.eclipse.m2e.core.internal.Bundles - 	Entry: /home/subham/Downloads/spring-tools-for-eclipse-4.31.0.RELEASE-e4.36.0-linux.gtk.x86_64/sts-4.31.0.RELEASE/plugins/org.eclipse.m2e.maven.runtime_3.9.900.20250220-2013/jars/wagon-file-3.5.3.jar
2025-09-21 00:46:42,606 [Worker-32: Launching Executing clean in _home_subham_Desktop_Project_spring-docker-demoapp_app2] INFO  o.eclipse.m2e.core.internal.Bundles - 	Entry: /home/subham/Downloads/spring-tools-for-eclipse-4.31.0.RELEASE-e4.36.0-linux.gtk.x86_64/sts-4.31.0.RELEASE/plugins/org.eclipse.m2e.maven.runtime_3.9.900.20250220-2013/jars/wagon-http-3.5.3.jar
2025-09-21 00:46:42,606 [Worker-32: Launching Executing clean in _home_subham_Desktop_Project_spring-docker-demoapp_app2] INFO  o.eclipse.m2e.core.internal.Bundles - 	Entry: /home/subham/Downloads/spring-tools-for-eclipse-4.31.0.RELEASE-e4.36.0-linux.gtk.x86_64/sts-4.31.0.RELEASE/plugins/org.eclipse.m2e.maven.runtime_3.9.900.20250220-2013/jars/wagon-http-shared-3.5.3.jar
2025-09-21 00:46:42,606 [Worker-32: Launching Executing clean in _home_subham_Desktop_Project_spring-docker-demoapp_app2] INFO  o.eclipse.m2e.core.internal.Bundles - 	Entry: /home/subham/Downloads/spring-tools-for-eclipse-4.31.0.RELEASE-e4.36.0-linux.gtk.x86_64/sts-4.31.0.RELEASE/plugins/org.eclipse.m2e.maven.runtime_3.9.900.20250220-2013/jars/wagon-provider-api-3.5.3.jar
2025-09-21 00:46:42,606 [Worker-32: Launching Executing clean in _home_subham_Desktop_Project_spring-docker-demoapp_app2] INFO  o.eclipse.m2e.core.internal.Bundles - getClasspathEntries(Bundle=com.google.guava_33.4.8.jre [31])
2025-09-21 00:46:42,606 [Worker-32: Launching Executing clean in _home_subham_Desktop_Project_spring-docker-demoapp_app2] INFO  o.eclipse.m2e.core.internal.Bundles - 	Entry: /home/subham/Downloads/spring-tools-for-eclipse-4.31.0.RELEASE-e4.36.0-linux.gtk.x86_64/sts-4.31.0.RELEASE/plugins/com.google.guava_33.4.8.jre.jar
2025-09-21 00:46:42,606 [Worker-32: Launching Executing clean in _home_subham_Desktop_Project_spring-docker-demoapp_app2] INFO  o.eclipse.m2e.core.internal.Bundles - getClasspathEntries(Bundle=slf4j.api_2.0.17 [609])
2025-09-21 00:46:42,606 [Worker-32: Launching Executing clean in _home_subham_Desktop_Project_spring-docker-demoapp_app2] INFO  o.eclipse.m2e.core.internal.Bundles - 	Entry: /home/subham/Downloads/spring-tools-for-eclipse-4.31.0.RELEASE-e4.36.0-linux.gtk.x86_64/sts-4.31.0.RELEASE/plugins/slf4j.api_2.0.17.jar
2025-09-21 00:46:42,606 [Worker-32: Launching Executing clean in _home_subham_Desktop_Project_spring-docker-demoapp_app2] INFO  o.eclipse.m2e.core.internal.Bundles - getClasspathEntries(Bundle=jakarta.inject.jakarta.inject-api_1.0.5 [46])
2025-09-21 00:46:42,606 [Worker-32: Launching Executing clean in _home_subham_Desktop_Project_spring-docker-demoapp_app2] INFO  o.eclipse.m2e.core.internal.Bundles - 	Entry: /home/subham/Downloads/spring-tools-for-eclipse-4.31.0.RELEASE-e4.36.0-linux.gtk.x86_64/sts-4.31.0.RELEASE/plugins/jakarta.inject.jakarta.inject-api_1.0.5.jar
2025-09-21 00:46:42,606 [Worker-32: Launching Executing clean in _home_subham_Desktop_Project_spring-docker-demoapp_app2] INFO  o.eclipse.m2e.core.internal.Bundles - getClasspathEntries(Bundle=javax.annotation_1.3.5.v20200909-1856 [55])
2025-09-21 00:46:42,606 [Worker-32: Launching Executing clean in _home_subham_Desktop_Project_spring-docker-demoapp_app2] INFO  o.eclipse.m2e.core.internal.Bundles - 	Entry: /home/subham/Downloads/spring-tools-for-eclipse-4.31.0.RELEASE-e4.36.0-linux.gtk.x86_64/sts-4.31.0.RELEASE/plugins/javax.annotation_1.3.5.v20200909-1856.jar
2025-09-21 00:46:42,606 [Worker-32: Launching Executing clean in _home_subham_Desktop_Project_spring-docker-demoapp_app2] INFO  o.eclipse.m2e.core.internal.Bundles - getClasspathEntries(Bundle=org.apache.commons.cli_1.9.0 [79])
2025-09-21 00:46:42,606 [Worker-32: Launching Executing clean in _home_subham_Desktop_Project_spring-docker-demoapp_app2] INFO  o.eclipse.m2e.core.internal.Bundles - 	Entry: /home/subham/Downloads/spring-tools-for-eclipse-4.31.0.RELEASE-e4.36.0-linux.gtk.x86_64/sts-4.31.0.RELEASE/plugins/org.apache.commons.cli_1.9.0.jar
2025-09-21 00:46:42,606 [Worker-32: Launching Executing clean in _home_subham_Desktop_Project_spring-docker-demoapp_app2] INFO  o.eclipse.m2e.core.internal.Bundles - getClasspathEntries(Bundle=org.apache.commons.commons-codec_1.16.0 [81])
2025-09-21 00:46:42,606 [Worker-32: Launching Executing clean in _home_subham_Desktop_Project_spring-docker-demoapp_app2] INFO  o.eclipse.m2e.core.internal.Bundles - 	Entry: /home/subham/Downloads/spring-tools-for-eclipse-4.31.0.RELEASE-e4.36.0-linux.gtk.x86_64/sts-4.31.0.RELEASE/plugins/org.apache.commons.commons-codec_1.16.0.jar
2025-09-21 00:46:42,606 [Worker-32: Launching Executing clean in _home_subham_Desktop_Project_spring-docker-demoapp_app2] INFO  o.eclipse.m2e.core.internal.Bundles - getClasspathEntries(Bundle=com.google.guava.failureaccess_1.0.3 [32])
2025-09-21 00:46:42,606 [Worker-32: Launching Executing clean in _home_subham_Desktop_Project_spring-docker-demoapp_app2] INFO  o.eclipse.m2e.core.internal.Bundles - 	Entry: /home/subham/Downloads/spring-tools-for-eclipse-4.31.0.RELEASE-e4.36.0-linux.gtk.x86_64/sts-4.31.0.RELEASE/plugins/com.google.guava.failureaccess_1.0.3.jar
2025-09-21 00:46:42,606 [Worker-32: Launching Executing clean in _home_subham_Desktop_Project_spring-docker-demoapp_app2] INFO  o.e.m.i.launch.MavenLaunchDelegate - Run build in "/home/subham/Desktop/Project/spring-docker-demoapp/app2":
2025-09-21 00:46:42,606 [Worker-32: Launching Executing clean in _home_subham_Desktop_Project_spring-docker-demoapp_app2] INFO  o.e.m.i.launch.MavenLaunchDelegate -  mvn  -Ppom.xml -B -Dstyle.color=always clean
